Timestamp,Choose up to 5 villagers,2nd Vote,3rd Vote,4th Vote,5th Vote,,Villagers,Tally,,Comment
01/09/2021 00:04:25,Diana,Felicity,Judy,Maple,Muffy,,Marshal,258,,"If a villager has the same votes, they're ranked based on their order in adjunction to eachother from the previous month. For example, alfonso and eugene have the same votes, alfonso was higher than eugene last month so he's ranked above eugene. You can cross reference this by checking their message on how far they've moved since last month."
01/09/2021 00:09:41,Ken,Lolly,Marshal,Phoebe,Rocket,,Raymond,221,,
01/09/2021 00:20:22,Cube,Pietro,Sprinkle,Stitches,Tutu,,Ankha,216,,
01/09/2021 00:50:35,Carmen,Chrissy,Lucky,Marshal,T-Bone,,Zucker,198,,
01/09/2021 00:55:06,Étoile,Flurry,Hamphrey,Judy,Rosie,,Sherb,163,,
01/09/2021 00:55:41,Apollo,Marina,Raddle,Rudy,Tex,,Stitches,137,,
01/09/2021 00:58:30,Ike,Papi,Patty,Raddle,,,Judy,135,,"As of June 30th 2021, tier 6 has been alphabetical due to having a huge decrease in votes and alot of the villagers being the same vote, it adds hours to sorting time and doesn't seem worth it for 30 odd villagers with the same vote, to reorder them based off last month."
01/09/2021 01:00:31,Lolly,Marty,Molly,Sherb,Zucker,,Marina,125,,
01/09/2021 01:23:00,Alli,Anabelle,Elise,Ike,Miranda,,Fauna,123,,
01/09/2021 01:37:39,Chow,Curt,Grizzly,Groucho,Ike,,Beau,119,,
01/09/2021 01:41:11,Aurora,Coco,Fauna,Rosie,Stitches,,Lolly,115,,
01/09/2021 01:57:25,Biskit,Groucho,Marshal,Scoot,Sherb,,Audie,110,,
01/09/2021 01:59:13,Ankha,Bob,Kid Cat,Kitty,Raymond,,Maple,105,,
01/09/2021 02:05:23,Audie,Julian,Peanut,Walker,Whitney,,Molly,100,,
01/09/2021 02:07:12,Filbert,Flurry,Sherb,Stitches,Tangy,,Coco,100,,
01/09/2021 02:29:47,Cherry,Chevre,Lily,Maple,Roald,,Lucky,95,,
01/09/2021 02:37:03,Apple,Dom,Judy,Maple,Stitches,,Diana,94,,
01/09/2021 02:57:34,Bunnie,Hopkins,Kabuki,Ketchup,Stitches,,Merengue,90,,
01/09/2021 03:34:00,Ankha,Erik,Kiki,Lucky,Molly,,Bob,88,,
01/09/2021 03:43:37,Judy,Lucky,Pekoe,Raymond,Tangy,,Dom,85,,
01/09/2021 04:20:13,Papi,Pekoe,Purrl,Ribbot,Walt,,Rosie,81,,
01/09/2021 04:32:48,Al,Antonio,Apple,Nana,Pashmina,,Ketchup,75,,
01/09/2021 04:39:16,Axel,Charlise,Claude,Paula,Ursala,,Erik,74,,
01/09/2021 05:26:30,Dom,Maple,Raymond,Sherb,Zucker,,Cookie,64,,
01/09/2021 05:33:02,Ava,Coco,Fauna,Goldie,Molly,,Lily,60,,
01/09/2021 05:53:12,Fauna,Kidd,Spork,Tia,Zucker,,Cherry,57,,
01/09/2021 06:02:40,Fauna,Genji,Marshal,Pekoe,Raymond,,Apple,54,,
01/09/2021 06:08:25,Pekoe,Pierce,Rodeo,Sly,Tammy,,Roald,54,,
01/09/2021 06:20:30,Apollo,Audie,Lucky,Raymond,Whitney,,Octavian,54,,
01/09/2021 07:20:21,Judy,Lucky,Molly,,,,Tangy,51,,
01/09/2021 07:32:37,Apple,Bluebear,Julian,Merengue,Rosie,,Apollo,50,,
01/09/2021 07:47:18,Beau,Bob,Flora,Lolly,Sherb,,Poppy,49,,
01/09/2021 08:31:13,Bella,Lucky,Olivia,Roscoe,Tiffany,,Julian,49,,
01/09/2021 08:43:19,Flurry,Hazel,Lucky,Marshal,Zucker,,Punchy,49,,
01/09/2021 09:16:10,Agent S,Barold,Cyd,Pietro,Prince,,Goldie,48,,
01/09/2021 09:32:55,Ankha,Hopper,Katt,Marshal,Pashmina,,Whitney,48,,
01/09/2021 09:34:11,Celia,Cherry,Colton,Peanut,Ruby,,Fang,44,,
01/09/2021 09:34:47,Cherry,Fang,Jacob,Marina,Marshal,,Pietro,43,,
01/09/2021 09:43:15,Beau,Chevre,Hugh,Lucky,Pashmina,,Pekoe,42,,
01/09/2021 09:55:33,Anicotti,Boyd,Carrie,Cashmere,Snooty,,Flora,41,,
01/09/2021 10:20:31,Fauna,Maple,Olivia,Pinky,Stitches,,Tia,40,,
01/09/2021 10:21:35,Apollo,Boone,Colton,Marshal,Raymond,,Kiki,39,,
01/09/2021 10:44:14,Apple,Diana,Dom,Maple,Octavian,,Merry,38,,
01/09/2021 11:14:27,Beau,Diana,Erik,Fauna,Maple,,Bluebear,35,,
01/09/2021 11:14:43,Beau,Diana,Erik,Fauna,Maple,,Pashmina,35,,
01/09/2021 11:41:45,Kiki,Lolly,Mitzi,Poppy,Sylvana,,Filbert,33,,
01/09/2021 11:44:36,Biskit,Cole,Hamlet,Tangy,,,Wolfgang,33,,
01/09/2021 11:52:37,Diana,Kitty,Maple,Punchy,Vivian,,Aurora,32,,
01/09/2021 12:02:15,Bangle,Gonzo,Marshal,Mitzi,Zucker,,Ruby,32,,
01/09/2021 12:03:24,Audie,Bunnie,Cheri,Punchy,Rosie,,Daisy,31,,
01/09/2021 12:22:16,Dom,Raymond,Rosie,Stitches,Willow,,Reneigh,30,,
01/09/2021 12:36:43,Coco,Diana,Fauna,Flora,Flurry,,Flurry,30,,
01/09/2021 13:19:53,Ankha,Chrissy,Dom,Flora,Mallary,,Agnes,29,,
01/09/2021 13:28:11,Beau,Merengue,Pierce,Sherb,Tybalt,,Deirdre,29,,
01/09/2021 13:46:56,Erik,Fauna,Merry,Octavian,Wolfgang,,Melba,28,,
01/09/2021 13:48:07,Fauna,Lolly,Marina,Merengue,Molly,,Sprinkle,28,,
01/09/2021 13:56:58,Bonbon,Cherry,Static,Tia,Tipper,,Genji,28,,
01/09/2021 14:04:00,Beau,Fauna,Marina,Octavian,Zucker,,Chevre,27,,
01/09/2021 14:17:11,Audie,Fauna,Hazel,Julian,Marina,,Bam,27,,
01/09/2021 14:18:50,Filbert,Gayle,Julian,Sterling,Tutu,,Zell,27,,
01/09/2021 14:27:57,Coco,Erik,Eugene,Roald,Sherb,,Kyle,27,,
01/09/2021 14:29:10,Boomer,Frobert,Graham,Huck,Marcel,,Étoile,26,,
01/09/2021 14:29:48,Bob,Marcel,Raymond,Roald,Sherb,,Mitzi,26,,
01/09/2021 14:31:57,Cobb,Goldie,Julian,Merengue,Poppy,,Dobie,24,,
01/09/2021 14:37:15,Marina,Marshal,Octavian,Raymond,Zucker,,Skye,24,,
01/09/2021 15:03:10,Diana,Kitty,Maple,Punchy,Vivian,,Kid Cat,24,,
01/09/2021 15:05:08,Cole,Dom,Hopkins,Mitzi,Sherb,,Muffy,23,,
01/09/2021 15:09:33,Judy,Marshal,Merry,Raymond,Sherb,,Phoebe,23,,
01/09/2021 15:10:32,Diana,Kitty,Maple,Punchy,Vivian,,Chrissy,23,,
01/09/2021 15:22:05,Beau,Bluebear,Erik,Marshal,Poppy,,Bones,22,,
01/09/2021 15:46:20,Claude,Ike,Purrl,Sally,Yuka,,Peanut,22,,
01/09/2021 16:04:42,Bitty,Olivia,Soleil,Tiffany,Vivian,,Marty,22,,
01/09/2021 16:06:31,Dom,Fauna,Ketchup,Pietro,Stitches,,Katt,21,,
01/09/2021 16:43:26,Ankha,Judy,Marshal,Sherb,Stitches,,Bunnie,21,,
01/09/2021 16:53:31,Canberra,Cookie,Raymond,Sherb,Zucker,,Teddy,20,,
01/09/2021 17:05:03,Canberra,Cookie,Raymond,Sherb,Zucker,,Static,20,,
01/09/2021 17:27:04,Chief,Egbert,Gladys,Maddie,Tom,,Mint,20,,
01/09/2021 18:04:24,Ankha,Frank,Marina,Marshal,Phoebe,,Sylvana,19,,
01/09/2021 18:07:45,Ankha,Bob,Marina,Raymond,Zucker,,Tiffany,19,,
01/09/2021 18:08:07,Beau,Diana,Marina,Stitches,Zucker,,Bianca,18,,
01/09/2021 18:24:11,Ankha,Del,O'Hare,Punchy,Tasha,,Sydney,18,,
01/09/2021 18:26:56,Boris,Frank,O'Hare,Sheldon,Tasha,,Purrl,17,,
01/09/2021 18:42:59,Agnes,Apollo,Marshal,Peggy,Zell,,Bea,17,,
01/09/2021 18:54:43,Diana,Freya,Marina,Marshal,Raymond,,Chai,17,,
01/09/2021 18:55:16,Chief,Drago,Lucky,Sylvana,Zucker,,Joey,17,,
01/09/2021 19:24:55,Beau,Diana,Judy,Merry,Raymond,,Freya,17,,
01/09/2021 20:06:32,Canberra,Lucky,Maple,Marshal,Stitches,,Ellie,16,,
01/09/2021 20:23:18,Curt,Cyrano,Grizzly,Muffy,Phil,,Chief,16,,
01/09/2021 20:25:35,Agnes,Daisy,Diana,Dom,Static,,Fuchsia,16,,
01/09/2021 21:00:32,Coco,Judy,Merengue,Raymond,Stitches,,Canberra,16,,
01/09/2021 21:07:18,Friga,Frita,Frobert,Kyle,Rilla,,Vivian,16,,
01/09/2021 21:41:04,Flurry,Judy,Lily,Maple,Marshal,,Gala,16,,
01/09/2021 21:59:31,Erik,Phoebe,Roscoe,,,,Cube,16,,
01/09/2021 22:02:45,Maple,Marshal,Raymond,Sherb,Wolfgang,,Kabuki,15,,
01/09/2021 22:13:20,Filbert,Kid Cat,Lyman,Poncho,Tangy,,Hazel,15,,
01/09/2021 22:55:00,Cookie,Papi,Pietro,,,,Kidd,15,,
01/09/2021 23:08:06,Benjamin,Judy,Pietro,,,,Hamlet,15,,
01/09/2021 23:10:19,Caroline,Mint,Nana,Puddles,Static,,Ozzie,15,,
01/09/2021 23:21:13,Agent S,Filbert,Marina,Nan,Pekoe,,Scoot,15,,
02/09/2021 00:02:44,Daisy,Marshal,Merry,Molly,Sherb,,Wendy,15,,
02/09/2021 00:08:46,Dizzy,Dom,Frank,Marshal,Ricky,,Felicity,15,,
02/09/2021 00:09:29,Lily,Rosie,Tangy,,,,Mira,15,,
02/09/2021 00:10:49,Agnes,Claude,Sprinkle,Teddy,,,Papi,15,,
02/09/2021 01:16:17,Jay,Ketchup,Lionel,Mira,Walt,,Olivia,14,,
02/09/2021 01:36:07,Apollo,Judy,Molly,Sherb,Stitches,,Agent S,14,,
02/09/2021 01:44:42,Antonio,Ketchup,Marshal,Merengue,Zucker,,Puddles,14,,
02/09/2021 01:54:29,Clay,Katt,Marshal,Molly,Zucker,,O'Hare,14,,
02/09/2021 01:55:14,Bill,Cyd,Pekoe,Pudge,Raymond,,Biskit,14,,
02/09/2021 01:57:30,Ankha,Blaire,Flo,Judy,Walt,,Tutu,14,,
02/09/2021 02:00:24,Bam,Erik,Hans,Roald,Sherb,,Bella,14,,
02/09/2021 02:17:27,Boone,Hornsby,Lolly,Opal,Savannah,,Hornsby,13,,
02/09/2021 02:28:26,Chelsea,Jacob,Pecan,Toby,Vivian,,Dizzy,13,,
02/09/2021 02:33:29,Bianca,Ellie,Marcie,Peggy,Phoebe,,Henry,13,,
02/09/2021 02:56:59,Aurora,Julian,Marshal,Marty,Rosie,,Alice,13,,
02/09/2021 03:02:59,Dom,Erik,Fauna,Judy,Lucky,,Drago,13,,
02/09/2021 03:24:55,Ken,Ribbot,Shari,Skye,Sly,,Dotty,13,,
02/09/2021 04:01:31,Beau,Chrissy,Coco,Frita,Peanut,,Pinky,13,,
02/09/2021 04:28:13,Bob,Bones,Lucha,,,,Tom,13,,
02/09/2021 04:33:04,Diva,Dizzy,Sherb,,,,Roscoe,13,,
02/09/2021 05:48:18,Boots,Canberra,Lolly,Maple,Molly,,Hamphrey,13,,
02/09/2021 05:52:32,Roald,Zucker,,,,,Snake,13,,
02/09/2021 06:36:10,Aurora,Papi,Poncho,Roald,Sherb,,Shep,12,,
02/09/2021 07:03:24,Diana,Ketchup,Marina,Merengue,Zucker,,Clay,12,,
02/09/2021 08:20:18,Cleo,Diana,Kitty,Purrl,Tiffany,,Gayle,12,,
02/09/2021 09:10:28,Coco,Diana,Fauna,Flora,Rosie,,Antonio,12,,
02/09/2021 09:12:16,Merry,Molly,Sherb,Stitches,Tia,,Lopez,12,,
02/09/2021 10:16:04,Fauna,Filbert,Flora,Gala,Ruby,,Julia,12,,
02/09/2021 10:28:01,Beau,Lucky,Marshal,Punchy,Raymond,,Lyman,12,,
02/09/2021 10:41:57,Audie,Bianca,Curlos,Lucky,Pekoe,,Cheri,12,,
02/09/2021 11:04:57,Boone,Ketchup,Stitches,Tia,Wade,,Celia,12,,
02/09/2021 11:15:29,Bea,Benedict,Molly,Shari,Tad,,Butch,12,,
02/09/2021 11:48:23,Coco,Lolly,Merengue,Tangy,Zucker,,Midge,12,,
02/09/2021 11:58:42,Ankha,Erik,Étoile,Rosie,Stitches,,Walker,12,,
02/09/2021 12:13:44,Dom,Judy,Lolly,Poppy,Raymond,,Gonzo,12,,
02/09/2021 13:33:31,Graham,,,,,,Pierce,12,,
02/09/2021 13:41:49,Marina,Octavian,Skye,Vesta,Zucker,,Francine,11,,
02/09/2021 13:41:55,Diana,Marina,Octavian,,,,Rudy,11,,
02/09/2021 13:43:37,Anchovy,Coach,Ketchup,Rooney,Zucker,,Blaire,11,,
02/09/2021 13:45:58,Alice,Marina,Marshal,,,,Wade,11,,
02/09/2021 14:48:38,Chester,Julian,Kiki,Leonardo,Raymond,,Lobo,11,,
02/09/2021 15:20:03,Daisy,Molly,Octavian,Ozzie,Stitches,,Eugene,11,,
02/09/2021 15:41:20,Ankha,Coco,Lolly,Marina,Skye,,Tasha,11,,
02/09/2021 15:53:10,Flurry,Lily,Lolly,Marina,Marshal,,Broccolo,11,,
02/09/2021 15:55:39,Genji,Marina,Marshal,Muffy,Whitney,,Elvis,11,,
02/09/2021 15:59:19,Cookie,Lucky,Skye,Zucker,,,Lionel,11,,
02/09/2021 16:27:02,Lolly,Lucky,Molly,Pietro,Roald,,Cranston,11,,
02/09/2021 16:41:29,Alfonso,Lolly,Ribbot,Stitches,Zucker,,Biff,11,,
02/09/2021 17:00:47,Goldie,Marshal,Molly,Poppy,,,Monique,11,,
02/09/2021 17:24:39,Judy,Ketchup,Raymond,Sherb,Zucker,,Shari,10,,
02/09/2021 17:58:18,Judy,Marshal,Raymond,Sherb,Zucker,,Poncho,10,,
02/09/2021 18:25:49,Ankha,Bluebear,Bob,Coco,Kid Cat,,Boomer,10,,
02/09/2021 18:48:01,Kiki,Mint,Tia,,,,Freckles,10,,
02/09/2021 19:37:12,Audie,Lolly,Lucy,Marcel,Merengue,,June,10,,
02/09/2021 19:38:43,Colton,Maple,Raymond,Roscoe,Ruby,,Pecan,10,,
02/09/2021 19:39:17,Lily,Maple,Marshal,Molly,Static,,Walt,10,,
02/09/2021 19:40:19,Drift,Frobert,Phil,Rasher,Snake,,Hugh,10,,
02/09/2021 19:48:22,Angus,Bud,Walt,,,,Tabby,10,,
02/09/2021 20:12:35,Apollo,Cherry,Fang,Kyle,Muffy,,Chow,10,,
02/09/2021 20:22:04,Deli,Kiki,Peggy,Sherb,Sprocket,,Bill,9,,
02/09/2021 20:22:28,Boomer,Cranston,Daisy,Marshal,Wolfgang,,Jeremiah,9,,
02/09/2021 20:47:01,Fauna,Lucky,Merry,Punchy,Sherb,,Maddie,9,,
02/09/2021 20:55:23,Goldie,,,,,,Chadder,9,,
02/09/2021 21:40:24,Bluebear,Coco,Dom,Marina,Reneigh,,Willow,9,,
02/09/2021 22:05:56,Agnes,Ankha,Annalisa,Audie,Aurora,,Flo,9,,
02/09/2021 22:31:00,Fauna,Flora,Kyle,Sprinkle,Zell,,Norma,9,,
02/09/2021 22:32:04,Caroline,Francine,Mira,Raymond,Wolfgang,,Alfonso,9,,
02/09/2021 23:01:50,Daisy,Flurry,Frobert,Scoot,Stitches,,Ribbot,9,,
02/09/2021 23:39:28,Dom,Judy,Marshal,Raymond,Sherb,,Bonbon,9,,
03/09/2021 00:31:56,Ankha,Marina,Merry,Pashmina,Roald,,Grizzly,9,,
03/09/2021 01:16:59,Fauna,Goldie,Kid Cat,Olive,,,Cobb,9,,
03/09/2021 01:19:22,Maple,Marshal,Poppy,Ruby,Vesta,,Yuka,9,,
03/09/2021 01:37:44,Anabelle,Drago,Genji,Kabuki,Mint,,Murphy,9,,
03/09/2021 01:38:09,Chai,Étoile,Marshal,Merengue,Molly,,Jacob,9,,
03/09/2021 02:03:12,Coco,Maple,Penelope,Poppy,Tipper,,Sly,9,,
03/09/2021 02:13:58,Marshal,Mitzi,Purrl,Skye,Zucker,,Rodeo,9,,
03/09/2021 02:15:01,Judy,Marshal,Zell,Zucker,,,Charlise,9,,
03/09/2021 02:19:11,Judy,Marshal,Wolfgang,Zucker,,,Sheldon,9,,
03/09/2021 02:43:51,Audie,Kid Cat,Lolly,,,,Nan,8,,
03/09/2021 03:04:03,Bea,Deirdre,Hippeux,Tybalt,Weber,,Savannah,8,,
03/09/2021 03:07:49,Beau,Benjamin,Chief,Curlos,Leonardo,,Cleo,8,,
03/09/2021 03:09:47,Benjamin,Chief,Curlos,Leonardo,Sherb,,Vesta,8,,
03/09/2021 03:12:27,Flora,Gayle,Lily,Maple,Marshal,,Hopkins,8,,
03/09/2021 03:16:49,Beau,Kiki,Maple,Merengue,Molly,,Margie,8,,
03/09/2021 05:06:46,Cherry,Chevre,Judy,Raymond,Zucker,,Cole,8,,
03/09/2021 05:16:29,Agnes,Chevre,Derwin,Étoile,Willow,,Olive,8,,
03/09/2021 06:29:58,Flurry,Pietro,Raymond,Sherb,Zucker,,Barold,8,,
03/09/2021 07:29:30,Chrissy,Fauna,Francine,Merengue,Tia,,Rod,8,,
03/09/2021 08:10:53,Anchovy,Apple,Cherry,Lily,Pompom,,Anchovy,8,,
03/09/2021 08:24:57,Cleo,Croque,Jacob,Monique,Ursala,,Cyd,8,,
03/09/2021 08:27:19,Dotty,Eunice,Flurry,Gaston,Tex,,Rolf,8,,
03/09/2021 08:56:54,Apple,Bettina,Kody,Raddle,,,Annalisa,8,,
03/09/2021 10:18:01,Hamlet,Marshal,Mira,Rowan,Zucker,,Patty,8,,
03/09/2021 10:31:55,Ankha,Apollo,Apple,Axel,Merengue,,Toby,8,,
03/09/2021 11:02:23,Agnes,Bianca,Dom,Judy,Maple,,Sylvia,8,,
03/09/2021 11:36:35,Diana,Filbert,Molly,Pashmina,Poppy,,Kitty,8,,
03/09/2021 11:38:15,Joey,Marshal,Ozzie,Rosie,Sherb,,Boone,8,,
03/09/2021 12:14:04,Beau,Chester,Coco,Daisy,Pekoe,,Eunice,8,,
03/09/2021 12:31:59,Apollo,Butch,Drake,Goldie,June,,Curlos,8,,
03/09/2021 13:21:38,Jacob,,,,,,Frobert,8,,
03/09/2021 13:43:51,Melba,Mott,Octavian,Tammi,Zucker,,Claude,8,,
03/09/2021 14:01:53,Chai,Chrissy,Cookie,Diana,Judy,,Bettina,8,,
03/09/2021 14:09:01,Graham,Maddie,Muffy,Rex,,,Nana,7,,
03/09/2021 14:28:32,Apple,Audie,Kabuki,Pippy,Prince,,Raddle,7,,
03/09/2021 14:44:35,Marshal,Raymond,,,,,Gladys,7,,
03/09/2021 15:10:22,Katt,Lolly,Skye,Tabby,Zell,,Ursala,7,,
03/09/2021 15:19:01,Lolly,Rosie,,,,,Stella,7,,
03/09/2021 15:30:14,Diana,Flo,Molly,Roald,,,Al,7,,
03/09/2021 15:35:46,Judy,Lily,Marshal,Rosie,Sheldon,,Chester,7,,
03/09/2021 16:02:15,Ankha,Bob,Bubbles,Molly,Static,,Marcel,7,,
03/09/2021 16:18:09,Bob,Cole,Marina,Marshal,,,Anabelle,7,,
03/09/2021 16:22:11,Butch,Kiki,Marshal,Molly,Stitches,,Admiral,7,,
03/09/2021 16:25:05,Agnes,Audie,Beau,Molly,Wolfgang,,Bubbles,7,,
03/09/2021 16:36:24,Bob,Cookie,Deena,Fauna,Marshal,,Renée,7,,
03/09/2021 16:40:24,Aurora,Bettina,Cally,Maple,Moe,,Colton,7,,
03/09/2021 16:50:35,Bluebear,Fauna,Judy,Marshal,,,Egbert,7,,
03/09/2021 17:02:20,Coco,Lolly,Lucky,Marshal,Olivia,,Eloise,7,,
03/09/2021 17:04:56,Ketchup,,,,,,Tipper,7,,
03/09/2021 17:15:03,Ankha,Diana,Francine,Rocco,Tia,,Graham,7,,
03/09/2021 17:16:58,Clay,Graham,Hamphrey,Sprinkle,Sylvana,,Tybalt,7,,
03/09/2021 17:18:05,Bob,Marty,Scoot,Sherb,Zucker,,Benjamin,7,,
03/09/2021 17:29:09,Louie,Marina,Molly,Raymond,Stitches,,Derwin,7,,
03/09/2021 17:34:33,Dom,Fuchsia,Julian,Mint,Skye,,Keaton,7,,
03/09/2021 17:35:25,Coco,Lolly,Lucky,Olivia,Rosie,,Ken,7,,
03/09/2021 17:36:21,Eunice,Genji,Kabuki,Merengue,Rosie,,Quillson,7,,
03/09/2021 17:42:36,Cobb,Cookie,Molly,Pekoe,Sherb,,Stinky,7,,
03/09/2021 17:51:33,Bob,Lucky,Marshal,Merry,Raymond,,Ed,7,,
03/09/2021 18:04:34,Bunnie,Cheri,Pashmina,Pecan,Reneigh,,Wart Jr.,7,,
03/09/2021 18:11:28,Beau,Ellie,Hazel,Lily,,,Rocket,7,,
03/09/2021 18:15:34,Beau,Diana,Fauna,Maple,Molly,,Kevin,7,,
03/09/2021 18:30:57,Bluebear,Bob,Flora,Judy,Merengue,,Tammy,6,,
03/09/2021 18:35:06,Daisy,Erik,Fauna,Marty,Molly,,Frita,6,,
03/09/2021 18:53:05,Ankha,Tasha,,,,,Bangle,6,,
03/09/2021 19:03:19,Barold,Butch,Kyle,Tiffany,Vic,,Rex,6,,
03/09/2021 19:13:53,Sprinkle,,,,,,Bruce,6,,
03/09/2021 19:23:27,Bella,Lily,Ricky,Rosie,,,Caroline,6,,
03/09/2021 19:27:31,Audie,Bianca,Biskit,Boris,Diva,,Cally,6,,
03/09/2021 19:40:15,Deirdre,Rex,Skye,,,,Sterling,6,,
03/09/2021 19:44:33,Beau,Bruce,Hamlet,Ketchup,,,Blanche,6,,
03/09/2021 19:47:04,Bruce,Coco,Dobie,Ellie,Marshal,,Chelsea,6,,
03/09/2021 19:57:44,Cherry,Dobie,Lucky,Maple,Raymond,,Pudge,6,,
03/09/2021 20:00:44,Audie,Judy,Pekoe,Reneigh,Whitney,,Mac,6,,
03/09/2021 20:07:04,Bluebear,Fauna,Judy,Klaus,Mallary,,Jay,6,,
03/09/2021 20:14:10,O'Hare,,,,,,Elmer,6,,
03/09/2021 20:18:46,Diana,,,,,,Rodney,6,,
03/09/2021 20:36:12,Bianca,Cherry,Penelope,Raymond,Rory,,Coach,6,,
03/09/2021 20:44:31,Mint,Mitzi,Ozzie,Pekoe,Purrl,,Drift,6,,
03/09/2021 20:48:40,Antonio,Croque,Frobert,Marshal,Vivian,,Leonardo,6,,
03/09/2021 20:52:57,Daisy,Dobie,Marshal,Punchy,Wart Jr.,,Axel,6,,
03/09/2021 20:56:57,Fauna,Lily,Maple,Raymond,Rosie,,Diva,6,,
03/09/2021 20:58:09,Beau,Blaire,Dobie,Goldie,Maple,,Hippeux,6,,
03/09/2021 21:02:55,Julia,Merry,Raymond,Sherb,Skye,,Phil,6,,
03/09/2021 21:17:53,Bob,Gala,Marina,Octavian,Zucker,,Ike,6,,
03/09/2021 21:21:49,Ankha,Coco,Julian,Raymond,Stitches,,Frank,6,,
03/09/2021 21:23:24,Anchovy,Dobie,Ellie,Roald,,,Prince,5,,
03/09/2021 21:28:30,Big Top,,,,,,Leopold,5,,
03/09/2021 21:33:30,Apple,Merengue,Molly,Tia,Zucker,,Sprocket,5,,
03/09/2021 21:39:37,Fauna,Frita,Mitzi,Raymond,Tangy,,Piper,5,,
03/09/2021 21:48:38,Beau,Marshal,Pekoe,Raymond,Whitney,,Tank,5,,
03/09/2021 21:49:37,Lucky,Pietro,Rilla,Vladimir,Zucker,,Moe,5,,
03/09/2021 21:49:43,Jeremiah,Molly,Punchy,Sherb,Stitches,,Megan,5,,
03/09/2021 22:00:11,Ankha,Lucky,Punchy,Roald,Stitches,,Bree,5,,
03/09/2021 22:00:23,Cleo,Fang,Kid Cat,Lobo,Static,,Sally,5,,
03/09/2021 22:03:48,Apple,Cherry,Flurry,Lily,Stitches,,Boots,5,,
03/09/2021 22:10:10,Alice,Apple,Bones,Coco,Felicity,,Winnie,5,,
03/09/2021 22:10:55,Bea,Beau,Blaire,Bunnie,Butch,,Weber,5,,
03/09/2021 22:14:29,Bianca,Diana,Fang,Pashmina,Whitney,,Amelia,5,,
03/09/2021 22:17:03,Henry,Marshal,Sydney,Zucker,,,Gaston,5,,
03/09/2021 22:30:37,Agnes,Apple,Goldie,Tiffany,Truffles,,Carmen,5,,
03/09/2021 22:53:52,Audie,Dom,Raymond,Rosie,Sherb,,Cousteau,5,,
03/09/2021 23:03:37,Astrid,Coco,Marcel,Pietro,Snake,,Tex,5,,
03/09/2021 23:39:20,Cookie,Eunice,Flora,Judy,Sylvana,,Stu,5,,
03/09/2021 23:41:44,Audie,Cherry,Claudia,Gruff,Whitney,,Paolo,5,,
04/09/2021 00:10:52,Ankha,Lily,Peanut,Raymond,Zell,,Bertha,5,,
04/09/2021 00:17:39,Canberra,Cookie,Raymond,Sherb,Zucker,,Pippy,5,,
04/09/2021 00:59:24,Audie,Bluebear,Bunnie,Marshal,,,Twiggy,5,,
04/09/2021 01:51:27,Audie,Bonbon,Dom,Ketchup,Marshal,,Annalise,5,,
04/09/2021 01:55:22,Chadder,Lily,Stitches,Tangy,Zucker,,Baabara,5,,
04/09/2021 02:10:02,Bitty,Gala,Merengue,Pancetti,Tia,,Ava,5,,
04/09/2021 02:12:39,Aurora,Biskit,Flora,Maple,Sprinkle,,Pate,5,,
04/09/2021 02:17:23,Chevre,Coco,Lily,Purrl,Rudy,,Hans,5,,
04/09/2021 02:20:07,Cherry,Gonzo,Ozzie,Rosie,Sprinkle,,Anicotti,5,,
04/09/2021 02:23:12,Drift,Étoile,Zucker,,,,Samson,5,,
04/09/2021 02:32:35,Deirdre,Fauna,Olivia,Pashmina,,,Bitty,5,,
04/09/2021 02:50:02,Apple,Marshal,Molly,Raymond,Zucker,,Paula,5,,
04/09/2021 02:59:37,Julian,Lucky,Merengue,Stinky,Sylvia,,Cesar,5,,
04/09/2021 03:08:37,Cherry,Kiki,Lucy,Muffy,Wolfgang,,Mallary,5,,
04/09/2021 03:17:55,Annalise,Carmen,Cookie,Kody,Rudy,,Peggy,5,,
04/09/2021 03:37:22,Aurora,Fang,Genji,Marshal,Whitney,,Chops,5,,
04/09/2021 03:57:00,Apple,Bluebear,Bob,Filbert,Tangy,,Rasher,5,,
04/09/2021 04:03:42,Dom,Raymond,Rosie,,,,Rooney,5,,
04/09/2021 04:08:40,Agnes,Broffina,Diana,Julian,Rosie,,Pompom,4,,
04/09/2021 04:23:05,Aurora,Marina,Octavian,Piper,Zucker,,Camofrog,4,,
04/09/2021 04:51:31,Bones,Diana,Fauna,Kiki,Marshal,,Billy,4,,
04/09/2021 05:21:11,Blaire,Chevre,Marshal,Nan,Poppy,,Deli,4,,
04/09/2021 05:22:09,Beau,Erik,Fauna,Sherb,Zell,,Drake,4,,
04/09/2021 05:52:52,Kiki,Lolly,Maple,Marty,Pecan,,Marcie,4,,
04/09/2021 05:53:15,Alice,Canberra,Deirdre,Dotty,Kidd,,Jacques,4,,
04/09/2021 06:38:45,Dom,Kevin,Marty,Merry,,,Curt,4,,
04/09/2021 07:29:12,Beau,Genji,Marshal,Pekoe,Raymond,,Knox,4,,
04/09/2021 07:30:45,Ike,Murphy,Sly,Stitches,Teddy,,Friga,4,,
04/09/2021 07:36:57,Joey,,,,,,Mathilda,4,,
04/09/2021 08:03:23,Bam,Beau,Maple,Molly,Teddy,,Lucy,4,,
04/09/2021 08:08:33,Audie,Coco,Fauna,Rosie,Velma,,Victoria,4,,
04/09/2021 08:36:59,Beau,Merry,Punchy,,,,Carrie,4,,
04/09/2021 08:48:59,Lolly,Margie,Pashmina,Pate,Rex,,Spork,4,,
04/09/2021 08:53:30,Daisy,Hamlet,Maple,Molly,Punchy,,Beardo,4,,
04/09/2021 09:28:18,Annalisa,Deirdre,Erik,Sparro,Whitney,,Rilla,4,,
04/09/2021 10:26:35,Amelia,Bella,Hazel,Kyle,Tiffany,,Big Top,4,,
04/09/2021 10:36:24,Agnes,Fauna,Kitty,Leopold,Papi,,Croque,4,,
04/09/2021 10:40:51,Chadder,Jeremiah,Judy,Raymond,Sherb,,Jitters,4,,
04/09/2021 11:46:18,Beau,Bob,Erik,Jay,Snake,,Puck,4,,
04/09/2021 11:49:16,Hornsby,Judy,Maple,Sherb,Tad,,Truffles,4,,
04/09/2021 12:24:46,Erik,Fang,Filbert,,,,Simon,4,,
04/09/2021 12:29:42,Beau,Erik,Maple,Molly,,,Tammi,4,,
04/09/2021 12:44:48,Bunnie,Étoile,Lolly,Merengue,Poppy,,Miranda,4,,
04/09/2021 13:26:26,Bella,Biskit,Cherry,Hugh,Wolfgang,,Peaches,4,,
04/09/2021 13:30:54,Chrissy,Cookie,Judy,Merengue,Pekoe,,Pango,4,,
04/09/2021 13:31:14,Ankha,Audie,Lolly,Mitzi,Olivia,,Klaus,4,,
04/09/2021 13:34:42,Beau,Marina,Marshal,Raymond,Stitches,,Claudia,4,,
04/09/2021 14:14:15,Apollo,Beau,Filbert,,,,Boris,4,,
04/09/2021 14:22:37,Gayle,Goldie,Judy,Merengue,Mitzi,,Buzz,4,,
04/09/2021 14:44:48,Bubbles,Chelsea,Cleo,Wendy,Whitney,,T-Bone,4,,
04/09/2021 14:48:44,Beau,Dom,Judy,Pekoe,Raymond,,Moose,4,,
04/09/2021 15:34:13,Bluebear,Camofrog,Henry,Mallary,Prince,,Portia,3,,
04/09/2021 15:35:47,Anicotti,Chevre,Diana,Lionel,Mira,,Tad,3,,
04/09/2021 15:40:59,Ankha,Bob,Dom,Julian,Tangy,,Dora,3,,
04/09/2021 15:41:29,Audie,Mitzi,O'Hare,Tank,Ursala,,Jambette,3,,
04/09/2021 15:46:47,Lolly,Marshal,Molly,Raymond,Sherb,,Opal,3,,
04/09/2021 15:50:31,Chai,Drift,Francine,Molly,,,Kitt,3,,
04/09/2021 16:15:11,Cookie,Dom,Marcie,Mint,Teddy,,Buck,3,,
04/09/2021 16:16:21,Fuchsia,Grizzly,Hornsby,Ketchup,Ruby,,Deena,3,,
04/09/2021 16:24:55,Lucky,Merengue,Stitches,Sydney,Winnie,,Iggly,3,,
04/09/2021 16:44:03,Audie,Erik,Freya,Lily,Monique,,Gabi,3,,
04/09/2021 16:49:54,Beau,Marshal,Punchy,,,,Kody,3,,
04/09/2021 16:58:36,Beau,Diana,Dom,Flurry,Pietro,,Benedict,3,,
04/09/2021 17:07:55,Ankha,Canberra,Joey,Maple,Rodney,,Groucho,3,,
04/09/2021 17:08:31,Blaire,Daisy,Fauna,Lolly,Molly,,Limberg,3,,
04/09/2021 17:48:51,Agnes,Eugene,Flurry,Mira,,,Penelope,3,,
04/09/2021 17:53:47,Audie,Dom,Maple,Sherb,Simon,,Lucha,3,,
04/09/2021 17:59:13,Diana,Judy,Marshal,Raymond,Sherb,,Curly,3,,
04/09/2021 18:08:54,Beau,Cookie,Diana,Genji,Poppy,,Rocco,3,,
04/09/2021 18:14:02,Diana,Judy,Marshal,Pekoe,Sherb,,Spike,3,,
04/09/2021 18:14:21,Bob,Cookie,Gaston,Kiki,Monique,,Flip,3,,
04/09/2021 18:33:30,Blanche,Bunnie,Maple,Snake,Static,,Soleil,3,,
04/09/2021 18:47:17,Chrissy,Gala,Purrl,Sherb,Whitney,,Ricky,3,,
04/09/2021 18:49:14,Judy,Merengue,Raymond,Sherb,Zucker,,Gwen,3,,
04/09/2021 18:50:06,Alice,Chevre,Ellie,Purrl,Sherb,,Peck,3,,
04/09/2021 19:09:27,Barold,Bones,Cookie,Sherb,Sprinkle,,Snooty,3,,
04/09/2021 19:13:29,Deirdre,Marina,Marshal,Poppy,Zucker,,Louie,3,,
04/09/2021 19:19:04,Charlise,O'Hare,Rod,Ruby,Tutu,,Sandy,3,,
04/09/2021 19:24:24,Beau,Huck,Molly,Rodeo,Scoot,,Goose,2,,
04/09/2021 19:53:40,Daisy,Marshal,Pietro,Yuka,Zucker,,Gruff,2,,
04/09/2021 20:07:09,Aurora,Bianca,Cherry,Merengue,Zucker,,Angus,2,,
04/09/2021 20:22:07,Chadder,Ketchup,Merengue,Roald,Zucker,,Hopper,2,,
04/09/2021 20:35:12,Judy,Merengue,Poppy,Stitches,Tia,,Avery,2,,
04/09/2021 20:40:06,Gayle,Marina,Merengue,Sherb,Zucker,,Nibbles,2,,
04/09/2021 20:45:41,Cookie,Elvis,Lolly,Sherb,Sylvia,,Del,2,,
04/09/2021 21:38:12,Diana,Fang,Mac,Marshal,Merengue,,Huck,2,,
04/09/2021 22:11:06,Fauna,Fuchsia,Rosie,Sherb,Zell,,Rowan,2,,
04/09/2021 23:02:53,Biskit,Knox,Lucky,Raddle,Sterling,,Nate,2,,
04/09/2021 23:36:06,Anicotti,Ankha,Cookie,Merry,Zucker,,Vic,2,,
04/09/2021 23:43:18,Étoile,Lily,Lucky,Maple,Stitches,,Tucker,2,,
04/09/2021 23:59:30,Bob,Marshal,Merengue,Roscoe,Whitney,,Sparro,2,,
05/09/2021 00:30:18,Cheri,Kiki,Molly,Tangy,,,Pancetti,2,,
05/09/2021 01:13:00,Cookie,Lolly,Marshal,Paula,Poppy,,Doc,2,,
05/09/2021 01:17:19,Bam,Bob,Kiki,Marshal,Zell,,Timbra,2,,
05/09/2021 02:10:24,Ankha,Fauna,Judy,Lucky,Marshal,,Candi,2,,
05/09/2021 02:57:43,Audie,Dom,Lolly,Poppy,Raymond,,Maggie,2,,
05/09/2021 04:02:07,Bob,Lolly,Melba,Punchy,Raymond,,Bud,2,,
05/09/2021 04:25:10,Alice,Ed,Gala,Peanut,Stitches,,Monty,2,,
05/09/2021 04:26:14,Audie,Chief,Fang,Julia,Merengue,,Cyrano,2,,
05/09/2021 04:49:08,Jacob,Ken,Knox,Puck,Willow,,Cashmere,2,,
05/09/2021 05:15:57,Audie,Diana,Dizzy,Roald,Zucker,,Rhonda,2,,
05/09/2021 05:19:59,Midge,Sly,Tiffany,Ursala,Willow,,Rory,2,,
05/09/2021 05:37:40,Bob,Stitches,Tangy,,,,Boyd,2,,
05/09/2021 05:44:12,Coco,Deirdre,Erik,Fang,Ruby,,Queenie,2,,
05/09/2021 09:17:24,Gabi,Ozzie,Punchy,Zucker,,,Becky,2,,
05/09/2021 09:17:54,Bob,Diana,Lolly,Maple,Punchy,,Naomi,2,,
05/09/2021 09:25:39,Beau,Egbert,Fauna,Molly,Teddy,,Mott,2,,
05/09/2021 09:51:15,Biskit,,,,,,Plucky,1,,
05/09/2021 10:15:56,Charlise,Jambette,Monique,Pecan,Tiffany,,Vladimir,1,,
05/09/2021 10:45:02,Antonio,Erik,Kiki,Lolly,Marshal,,Astrid,1,,
05/09/2021 11:25:01,Goldie,Graham,Katt,Knox,Whitney,,Clyde,1,,
05/09/2021 12:08:50,Coco,Lolly,Molly,Sherb,Tia,,Olaf,1,,
05/09/2021 12:23:54,Apple,Coco,Marshal,Melba,Stitches,,Gigi,1,,
05/09/2021 12:25:51,Boomer,Canberra,Ozzie,,,,Violet,1,,
05/09/2021 12:43:39,Apollo,Flurry,Lily,Walker,Zucker,,Greta,1,,
05/09/2021 12:53:58,Ankha,Lucky,Mathilda,Muffy,Rodeo,,Robin,1,,
05/09/2021 13:00:13,Dobie,Judy,Maple,Purrl,Sylvana,,Alli,1,,
05/09/2021 13:58:12,Ankha,Audie,Cherry,Merengue,Octavian,,Elise,1,,
05/09/2021 14:15:59,Bella,Egbert,Eugene,Mitzi,Samson,,Peewee,1,,
05/09/2021 14:34:40,Bones,Coco,Deirdre,Fauna,Maple,,Velma,1,,
05/09/2021 14:54:45,Cole,Dom,Flurry,Olivia,Sherb,,Broffina,1,,
05/09/2021 15:05:54,Canberra,Dizzy,Lyman,Octavian,Zell,,Harry,1,,
05/09/2021 15:05:57,Roald,,,,,,Maelle,0,,
05/09/2021 15:06:00,Drago,Erik,Lolly,Pietro,Raymond,,Gloria,0,,
05/09/2021 15:06:12,Barold,Bob,Judy,Marshal,Punchy,,Rizzo,0,,
05/09/2021 15:34:42,Annalisa,Beau,Melba,Rosie,Sherb,,,,,
05/09/2021 15:58:08,Coco,Judy,Lucky,Ribbot,Zucker,,,,,
05/09/2021 16:08:16,Audie,Beau,Erik,Gala,Molly,,,,,
05/09/2021 16:23:45,Broccolo,Daisy,Deirdre,Kiki,Tangy,,,,,
05/09/2021 16:24:52,Beau,Bob,Erik,Marty,Murphy,,,,,
05/09/2021 16:25:44,Bunnie,Margie,Peanut,Poppy,Tutu,,,,,
05/09/2021 16:29:30,Aurora,Beau,Deena,Lily,Octavian,,,,,
05/09/2021 16:30:43,Diva,Kiki,Marina,Pietro,Zucker,,,,,
05/09/2021 17:15:31,Bianca,Coco,Fang,Judy,Kiki,,,,,
05/09/2021 17:21:46,Daisy,Marty,Midge,Tiffany,Ursala,,,,,
05/09/2021 18:13:07,Apple,Bluebear,Dom,Dotty,Flurry,,,,,
05/09/2021 18:30:43,Friga,Mint,Molly,Poppy,,,,,,
05/09/2021 18:45:11,Apollo,Coco,Dotty,Hamlet,Skye,,,,,
05/09/2021 18:57:01,Filbert,Lolly,Mac,Pango,Tammy,,,,,
05/09/2021 19:20:00,Audie,Bob,Raymond,Stitches,Zucker,,,,,
05/09/2021 19:36:38,Marshal,Rosie,,,,,,,,
05/09/2021 19:40:13,Apple,Bill,Marina,Molly,Stitches,,,,,
05/09/2021 20:15:57,Ankha,Bob,Zucker,,,,,,,
05/09/2021 20:18:51,Annalisa,Dora,Limberg,Naomi,Walt,,,,,
05/09/2021 20:33:40,Boyd,Cally,Paolo,Purrl,Wart Jr.,,,,,
05/09/2021 20:42:48,Anchovy,Blanche,Pashmina,Sprinkle,,,,,,
05/09/2021 20:58:25,Poncho,,,,,,,,,
05/09/2021 21:04:44,Bluebear,Boots,Diana,Fauna,Nibbles,,,,,
05/09/2021 21:21:49,Kidd,Limberg,Megan,Raymond,Tybalt,,,,,
05/09/2021 22:03:55,Beau,Molly,Raymond,,,,,,,
05/09/2021 22:10:03,Alfonso,Annalise,Apple,Aurora,Whitney,,,,,
05/09/2021 22:29:45,Apple,Reneigh,,,,,,,,
05/09/2021 22:53:55,Buzz,Judy,Octavian,Stitches,Tia,,,,,
05/09/2021 22:54:37,Flip,Goldie,Hamphrey,Iggly,Roscoe,,,,,
05/09/2021 22:59:08,Bones,Coco,Monique,Sprinkle,Tia,,,,,
05/09/2021 23:07:11,Dom,Goldie,Judy,Marina,Raymond,,,,,
05/09/2021 23:14:09,Stella,Sydney,Tangy,Tia,Zell,,,,,
05/09/2021 23:21:46,Lolly,Marshal,Poppy,Tia,Zucker,,,,,
05/09/2021 23:25:08,Cherry,Cyd,Lolly,Lucky,Tangy,,,,,
05/09/2021 23:52:51,Aurora,Coco,Fauna,Rosie,Stitches,,,,,
06/09/2021 00:00:15,Amelia,Ankha,Canberra,Cookie,Diana,,,,,
06/09/2021 00:13:48,Blaire,Lily,Marina,Stitches,Zucker,,,,,
06/09/2021 00:35:12,Sherb,Zucker,,,,,,,,
06/09/2021 00:59:33,Ed,Eloise,Keaton,Kiki,Snake,,,,,
06/09/2021 02:17:16,Bettina,Midge,Monty,Rooney,Tex,,,,,
06/09/2021 02:21:02,Elvis,Lucky,Tammy,,,,,,,
06/09/2021 02:22:29,Apollo,Elvis,Ruby,Tammy,,,,,,
06/09/2021 02:23:43,Elvis,Lucky,Ruby,,,,,,,
06/09/2021 02:53:28,Ellie,Maple,Marshal,Molly,Pashmina,,,,,
06/09/2021 03:10:23,Coco,Flora,Roald,Wade,Wolfgang,,,,,
06/09/2021 03:10:40,Cherry,Cube,Marina,Mint,Zucker,,,,,
06/09/2021 03:27:51,Katt,Kyle,Marina,Sparro,Wade,,,,,
06/09/2021 03:50:37,Fauna,Goose,Marshal,Shari,Sherb,,,,,
06/09/2021 03:57:43,Alfonso,Audie,Chief,Gonzo,Lyman,,,,,
06/09/2021 04:13:59,Bluebear,Gonzo,Mac,Poppy,Skye,,,,,
06/09/2021 04:36:55,Ankha,Bettina,Goldie,Winnie,Zucker,,,,,
06/09/2021 04:45:11,Daisy,Ellie,Melba,Pinky,Stitches,,,,,
06/09/2021 05:10:14,Audie,Dom,Julian,Kabuki,Phoebe,,,,,
06/09/2021 05:12:29,Freckles,Melba,Sydney,,,,,,,
06/09/2021 05:50:57,Lolly,Marina,Merengue,Skye,Stitches,,,,,
06/09/2021 06:50:26,Apple,Kidd,Merengue,Sprocket,,,,,,
06/09/2021 07:49:57,Apple,Biff,Lionel,,,,,,,
06/09/2021 10:26:33,Melba,Rosie,Sherb,,,,,,,
06/09/2021 10:44:09,Annalisa,Bangle,Flo,,,,,,,
06/09/2021 10:44:39,Fauna,Filbert,Henry,Hornsby,Melba,,,,,
06/09/2021 13:12:45,Eloise,Flora,Joey,Judy,Ketchup,,,,,
06/09/2021 13:38:33,Jeremiah,Poppy,Roald,Stitches,Zucker,,,,,
06/09/2021 13:50:18,Chelsea,Papi,Reneigh,,,,,,,
06/09/2021 13:59:15,Amelia,,,,,,,,,
06/09/2021 14:58:58,Agnes,Apple,Filbert,Gladys,Tiffany,,,,,
06/09/2021 15:15:48,Fang,Hopkins,Puddles,,,,,,,
06/09/2021 15:26:50,Audie,Marina,Marshal,Raymond,Zucker,,,,,
06/09/2021 15:57:42,Bluebear,Lily,Lopez,Maple,Molly,,,,,
06/09/2021 15:58:50,Agnes,Eunice,Fuchsia,Ricky,Shep,,,,,
06/09/2021 16:21:00,Genji,Lopez,Phoebe,Roald,Tia,,,,,
06/09/2021 16:22:16,Ankha,Lucky,,,,,,,,
06/09/2021 16:23:31,Cookie,,,,,,,,,
06/09/2021 16:50:58,Marina,Peanut,Sprinkle,,,,,,,
06/09/2021 17:13:16,Deirdre,Fang,Fauna,Lolly,Poppy,,,,,
06/09/2021 17:34:40,Bill,Diana,Marina,Merengue,Raymond,,,,,
06/09/2021 17:38:42,Beau,Lolly,Pekoe,Sherb,Zucker,,,,,
06/09/2021 17:59:28,Audie,Bob,Lily,Stitches,Whitney,,,,,
06/09/2021 18:01:43,Ankha,Caroline,Coco,Jitters,Lucky,,,,,
06/09/2021 18:03:35,Daisy,Drift,Midge,Tiffany,Ursala,,,,,
06/09/2021 18:18:02,Clay,Marshal,Raymond,Tangy,Zucker,,,,,
06/09/2021 18:21:34,Bea,Beau,Deirdre,Maple,Molly,,,,,
06/09/2021 19:37:04,Chester,Dom,Judy,,,,,,,
06/09/2021 19:47:53,Goldie,Molly,Tangy,,,,,,,
06/09/2021 20:15:17,Cookie,Erik,Julian,Marshal,Sherb,,,,,
06/09/2021 20:31:33,Beau,Fauna,Molly,Pashmina,Tia,,,,,
06/09/2021 20:36:03,Beau,Henry,Julian,Merengue,Tia,,,,,
06/09/2021 20:43:51,Benedict,Coco,Lily,Sydney,Zucker,,,,,
06/09/2021 20:50:41,Bam,Julian,Lolly,Raymond,Sherb,,,,,
06/09/2021 21:34:07,Gala,Groucho,Hugh,Jay,,,,,,
06/09/2021 21:43:29,Big Top,Chai,Maddie,Sherb,Tangy,,,,,
06/09/2021 21:43:56,Maddie,Pinky,Sherb,Tangy,,,,,,
06/09/2021 21:56:41,Deirdre,Hugh,Melba,Pate,Stitches,,,,,
06/09/2021 22:03:58,Audie,Lolly,Raymond,Wolfgang,Zell,,,,,
06/09/2021 22:19:38,Bitty,Daisy,Dom,Judy,Shari,,,,,
06/09/2021 22:19:41,Apollo,Aurora,Bonbon,Merengue,Zucker,,,,,
06/09/2021 22:23:06,Lucy,Lyman,Moose,Poppy,Tiffany,,,,,
06/09/2021 22:23:39,Beau,Charlise,Flo,Raymond,Vesta,,,,,
06/09/2021 23:35:43,Apollo,Fang,Lyman,Mira,Punchy,,,,,
07/09/2021 01:28:26,Cookie,Diana,Goldie,Nan,Whitney,,,,,
07/09/2021 02:07:10,Ketchup,Lolly,Mint,Rosie,Walker,,,,,
07/09/2021 02:14:40,June,Lolly,Marshal,Marty,Merengue,,,,,
07/09/2021 02:30:23,Ketchup,Maple,Stitches,,,,,,,
07/09/2021 03:11:17,Bree,Broccolo,Chadder,Frita,Limberg,,,,,
07/09/2021 03:24:43,Cookie,Étoile,Judy,Marina,Tangy,,,,,
07/09/2021 03:27:00,Coco,Filbert,Marshal,Sherb,Whitney,,,,,
07/09/2021 03:27:21,Kitt,Patty,,,,,,,,
07/09/2021 03:28:55,Carrie,Hamphrey,Patty,Piper,Sandy,,,,,
07/09/2021 03:36:02,Cally,Marshal,Sherb,,,,,,,
07/09/2021 04:10:23,Aurora,Bluebear,Jeremiah,Olive,Tia,,,,,
07/09/2021 04:10:48,Audie,Bella,Biff,Fauna,Marshal,,,,,
07/09/2021 04:13:27,Judy,Julian,Rosie,,,,,,,
07/09/2021 05:10:31,Dom,Fauna,Merengue,Sherb,Stitches,,,,,
07/09/2021 07:27:59,Anchovy,Bam,Hans,Phoebe,Stu,,,,,
07/09/2021 07:39:35,Audie,Bluebear,Diana,Naomi,Sprinkle,,,,,
07/09/2021 09:55:50,Judy,Maple,Merry,Pinky,Whitney,,,,,
07/09/2021 10:20:23,Chai,Dom,Marshal,Molly,Stitches,,,,,
07/09/2021 10:39:31,Apollo,Erik,Flora,Molly,Roald,,,,,
07/09/2021 10:48:10,Ketchup,Pashmina,Raymond,Stitches,Weber,,,,,
07/09/2021 10:51:58,Beau,Dom,Sherb,Stitches,Zucker,,,,,
07/09/2021 12:25:46,Benjamin,Curly,,,,,,,,
07/09/2021 12:55:24,Dom,Henry,Lolly,Marina,Peewee,,,,,
07/09/2021 13:46:19,Baabara,Bea,Chevre,Deirdre,Punchy,,,,,
07/09/2021 14:47:20,Diana,Judy,Julian,Marshal,Raymond,,,,,
07/09/2021 14:47:37,Coco,Wendy,,,,,,,,
07/09/2021 14:52:33,Chevre,Chief,Drake,Lolly,,,,,,
07/09/2021 15:11:42,Bunnie,Henry,Nan,Zucker,,,,,,
07/09/2021 15:17:20,Bob,Dotty,Kidd,Rocket,Sherb,,,,,
07/09/2021 15:49:08,Bob,Jeremiah,Joey,Ketchup,Stitches,,,,,
07/09/2021 15:52:54,Judy,Julian,Molly,,,,,,,
07/09/2021 16:02:13,Dobie,Octavian,Raddle,Stitches,Zucker,,,,,
07/09/2021 16:08:17,Coco,Marshal,Patty,Sherb,Whitney,,,,,
07/09/2021 16:20:02,Apollo,Bill,Flora,Roald,Sherb,,,,,
07/09/2021 16:38:05,Beau,Coco,Derwin,Fauna,Zucker,,,,,
07/09/2021 16:45:33,Freya,Muffy,Vivian,Wendy,Yuka,,,,,
07/09/2021 16:48:06,Cube,Freya,Hamphrey,Pietro,Walt,,,,,
07/09/2021 16:54:11,Bonbon,Joey,Pinky,Tex,Zell,,,,,
07/09/2021 17:18:15,Avery,Chrissy,Keaton,,,,,,,
07/09/2021 17:22:09,Anabelle,Chai,Elvis,Vic,Victoria,,,,,
07/09/2021 17:28:47,Audie,Fauna,Judy,Marina,Marshal,,,,,
07/09/2021 18:34:43,Annalise,Bianca,Ketchup,Norma,Sherb,,,,,
07/09/2021 18:38:47,Felicity,Gwen,Sherb,Sprinkle,Willow,,,,,
07/09/2021 18:41:41,Hornsby,Kabuki,Kiki,Octavian,Skye,,,,,
07/09/2021 18:53:07,Bob,Coco,Julian,Sylvia,Zucker,,,,,
07/09/2021 18:53:43,Ankha,Molly,Rudy,Tangy,Zucker,,,,,
07/09/2021 19:12:37,Flurry,Judy,Marina,Marshal,Zucker,,,,,
07/09/2021 19:45:20,Audie,Bam,Kyle,Poncho,Sherb,,,,,
07/09/2021 19:51:00,Agent S,Apollo,Boomer,,,,,,,
07/09/2021 20:19:34,Bones,Cally,Daisy,Murphy,Stella,,,,,
07/09/2021 20:46:05,Bubbles,Julian,Lucky,Raymond,Tybalt,,,,,
07/09/2021 20:52:37,Flora,,,,,,,,,
07/09/2021 21:24:44,Julian,Maggie,Raymond,Scoot,Stitches,,,,,
07/09/2021 21:26:42,Bea,Bill,Blaire,Dobie,Maple,,,,,
07/09/2021 21:28:28,Audie,Beau,Diana,Octavian,Zucker,,,,,
07/09/2021 21:32:48,Fauna,Filbert,Lily,Molly,Poppy,,,,,
07/09/2021 22:54:55,Marshal,Melba,Nan,Roald,Tangy,,,,,
07/09/2021 23:18:12,Audie,Beau,Poppy,Sherb,Stitches,,,,,
07/09/2021 23:28:05,Anchovy,Bones,Marshal,Papi,Pashmina,,,,,
07/09/2021 23:41:49,Hazel,Maple,Marina,Marshal,Piper,,,,,
08/09/2021 00:49:33,Biskit,Deirdre,Genji,Jay,Patty,,,,,
08/09/2021 01:16:44,Rosie,,,,,,,,,
08/09/2021 02:05:38,Maple,Marshal,Merry,Molly,Sherb,,,,,
08/09/2021 02:07:35,Ankha,Audie,Elvis,Erik,Lucky,,,,,
08/09/2021 02:31:46,Bianca,Cherry,Gala,Goldie,Maple,,,,,
08/09/2021 02:53:20,Bunnie,Fauna,Lily,Phoebe,Prince,,,,,
08/09/2021 02:55:09,Bob,Maple,Merengue,Phoebe,Rosie,,,,,
08/09/2021 03:12:55,Diana,Dom,Marshal,Murphy,Sheldon,,,,,
08/09/2021 03:13:27,Apollo,Fuchsia,Melba,,,,,,,
08/09/2021 04:05:38,Gabi,Mallary,Melba,,,,,,,
08/09/2021 04:29:07,Audie,Marshal,Raymond,Rosie,Tangy,,,,,
08/09/2021 04:30:21,Lolly,Merengue,Punchy,Raymond,Stitches,,,,,
08/09/2021 05:28:16,Coco,Cube,Genji,Gonzo,Zucker,,,,,
08/09/2021 06:06:30,Marshal,Whitney,,,,,,,,
08/09/2021 06:51:41,Agnes,Apollo,Drago,,,,,,,
08/09/2021 06:51:55,Beau,Billy,Chevre,Lolly,Raymond,,,,,
08/09/2021 07:17:18,Audie,Cube,Fauna,Peanut,Ruby,,,,,
08/09/2021 07:34:05,Bertha,Drake,Erik,Goldie,Stitches,,,,,
08/09/2021 07:36:21,Ankha,Apollo,Diana,Kidd,Sylvana,,,,,
08/09/2021 08:32:26,Lyman,Marshal,Pierce,Wade,Zucker,,,,,
08/09/2021 09:21:19,Audie,Aurora,Ava,,,,,,,
08/09/2021 09:28:01,Bob,Claudia,Cookie,Dom,Raymond,,,,,
08/09/2021 10:12:15,Beau,Murphy,Teddy,,,,,,,
08/09/2021 10:31:01,Chelsea,Marina,Marty,Toby,Zucker,,,,,
08/09/2021 10:56:45,Judy,Ketchup,Marshal,Raymond,Stitches,,,,,
08/09/2021 12:02:01,Agnes,Flora,Muffy,Pietro,Ruby,,,,,
08/09/2021 12:25:50,Canberra,Lolly,Papi,Pinky,Sheldon,,,,,
08/09/2021 13:34:06,Dom,Raymond,Sherb,Stitches,Zucker,,,,,
08/09/2021 14:23:45,Bea,Coco,Ellie,Filbert,Zucker,,,,,
08/09/2021 15:05:11,Amelia,Audie,Kiki,Scoot,Wolfgang,,,,,
08/09/2021 15:36:09,Canberra,Cookie,Raymond,Sherb,Zucker,,,,,
08/09/2021 15:39:44,Bob,Bones,Kiki,Lolly,Molly,,,,,
08/09/2021 16:00:51,Audie,Coco,Judy,Louie,Rocco,,,,,
08/09/2021 16:05:02,Agnes,Deirdre,Diana,Genji,O'Hare,,,,,
08/09/2021 16:41:44,Cesar,Claude,Kid Cat,O'Hare,,,,,,
08/09/2021 16:49:12,Flo,Ketchup,Melba,Merengue,,,,,,
08/09/2021 16:52:09,Cesar,Claude,Kid Cat,O'Hare,,,,,,
08/09/2021 16:53:38,Cesar,Claude,Kid Cat,O'Hare,,,,,,
08/09/2021 16:54:49,Cesar,Claude,Kid Cat,O'Hare,,,,,,
08/09/2021 17:37:14,Marina,Merengue,Pietro,Puddles,,,,,,
08/09/2021 18:09:03,Lucky,Lyman,Octavian,Pekoe,Sherb,,,,,
08/09/2021 18:11:58,Apollo,Bluebear,Deirdre,Moose,Octavian,,,,,
08/09/2021 19:07:29,Bob,Kabuki,Marshal,Roald,Stitches,,,,,
08/09/2021 19:44:28,Diana,Dobie,Flurry,Freya,Ozzie,,,,,
08/09/2021 20:05:14,Beau,Drago,Fauna,Julian,Sheldon,,,,,
08/09/2021 21:12:08,Bluebear,Judy,Sherb,,,,,,,
08/09/2021 21:54:41,Fauna,Lucky,Marcie,Pietro,Reneigh,,,,,
08/09/2021 22:18:04,Judy,Sprinkle,,,,,,,,
08/09/2021 23:11:09,Apollo,Cherry,Coco,Ketchup,Midge,,,,,
08/09/2021 23:16:56,Carmen,Drago,Mitzi,Nan,Poppy,,,,,
08/09/2021 23:27:23,Al,Benjamin,Lucky,Rodney,Tom,,,,,
09/09/2021 00:03:01,Dom,Fauna,Marina,Marshal,Pierce,,,,,
09/09/2021 00:14:09,Cube,Kevin,Midge,Sydney,Sylvana,,,,,
09/09/2021 00:14:13,Clay,Kabuki,Pinky,Poncho,Shari,,,,,
09/09/2021 00:45:39,Bangle,Daisy,Fang,Kabuki,Ruby,,,,,
09/09/2021 01:04:23,Bunnie,Hamlet,Judy,Pashmina,Raymond,,,,,
09/09/2021 01:55:00,Ankha,Chevre,Cleo,Freckles,Judy,,,,,
09/09/2021 01:55:53,Beau,Erik,Judy,Merengue,Zucker,,,,,
09/09/2021 01:59:01,Audie,Cherry,Freya,Mint,Stitches,,,,,
09/09/2021 02:03:34,Chai,Hornsby,Merengue,Pekoe,Truffles,,,,,
09/09/2021 02:24:27,Boone,Gaston,Lucha,Renée,Stinky,,,,,
09/09/2021 02:26:23,Beau,Marina,Stitches,Zucker,,,,,,
09/09/2021 04:05:16,Julian,Lolly,Nan,Rasher,Tucker,,,,,
09/09/2021 04:44:28,Cherry,Poppy,Reneigh,,,,,,,
09/09/2021 05:12:04,Bubbles,Pecan,Raymond,Renée,Vesta,,,,,
09/09/2021 05:31:51,Beau,Goldie,Julia,Molly,Rolf,,,,,
09/09/2021 05:57:54,Ketchup,Raymond,Stitches,,,,,,,
09/09/2021 06:58:30,Colton,Egbert,Goldie,Marina,Wendy,,,,,
09/09/2021 07:08:39,Audie,Ketchup,Marina,,,,,,,
09/09/2021 08:21:38,Apple,Skye,,,,,,,,
09/09/2021 08:56:43,Fauna,Gala,Marcie,Pekoe,Puddles,,,,,
09/09/2021 12:54:08,Frita,Maddie,Margie,Muffy,Wendy,,,,,
09/09/2021 12:59:28,Bruce,Diana,Melba,Pashmina,Raymond,,,,,
09/09/2021 13:39:48,Flurry,Hopkins,Marshal,Roald,Sherb,,,,,
09/09/2021 13:58:42,Cyd,Freckles,Kyle,Molly,Tybalt,,,,,
09/09/2021 14:14:08,Zucker,,,,,,,,,
09/09/2021 14:15:15,Bunnie,Mira,Rasher,Tabby,Tammi,,,,,
09/09/2021 15:20:24,Coco,Cube,Judy,Lolly,Marina,,,,,
09/09/2021 16:07:04,Apollo,Cookie,Hugh,Pekoe,Raymond,,,,,
09/09/2021 17:39:35,Anchovy,Goldie,Lucky,Savannah,Sly,,,,,
09/09/2021 18:19:43,Dom,,,,,,,,,
09/09/2021 19:53:02,Julian,Lucky,Marshal,Ruby,Stitches,,,,,
09/09/2021 20:10:59,Ankha,Bluebear,Filbert,Roald,Sherb,,,,,
09/09/2021 20:57:54,Bluebear,Judy,Kiki,Lucky,Raymond,,,,,
09/09/2021 21:09:30,Bones,Julia,Lopez,Raymond,Zell,,,,,
09/09/2021 21:13:58,Cheri,Elmer,Fauna,Murphy,Pashmina,,,,,
09/09/2021 21:32:58,Aurora,Biskit,Melba,,,,,,,
09/09/2021 21:57:32,Alfonso,Lily,Mint,Pippy,Wart Jr.,,,,,
09/09/2021 22:03:44,Butch,Kidd,Snake,Sprinkle,Tabby,,,,,
09/09/2021 22:06:49,Bea,Egbert,Maple,Marshal,Sylvana,,,,,
09/09/2021 22:19:53,Aurora,Curt,Elvis,Fang,Lolly,,,,,
09/09/2021 22:41:40,Cherry,Genji,Marshal,Paolo,Wendy,,,,,
09/09/2021 23:59:39,Reneigh,Sherb,Teddy,Zell,,,,,,
10/09/2021 00:10:50,Apollo,Audie,Cherry,Cookie,Merengue,,,,,
10/09/2021 00:26:01,Katt,Ribbot,Sly,,,,,,,
10/09/2021 00:38:39,Cheri,Goldie,Lucky,Vesta,Zell,,,,,
10/09/2021 00:39:04,Flurry,Raymond,T-Bone,Twiggy,,,,,,
10/09/2021 01:12:57,Molly,Poppy,Punchy,Willow,Zucker,,,,,
10/09/2021 01:42:37,Admiral,Audie,Tammi,,,,,,,
10/09/2021 02:11:43,Freya,Marshal,Raymond,Wolfgang,Zucker,,,,,
10/09/2021 02:15:45,Cranston,Merengue,Molly,Paolo,,,,,,
10/09/2021 02:16:27,Biskit,Coco,Dotty,Kiki,Melba,,,,,
10/09/2021 02:35:04,Apple,Bluebear,Erik,Étoile,Marina,,,,,
10/09/2021 02:45:38,Apple,Beau,Fauna,Ketchup,Monique,,,,,
10/09/2021 03:19:23,Coco,Marina,Octavian,Tank,Zucker,,,,,
10/09/2021 03:37:43,Ava,Bettina,Lucky,Peaches,Stitches,,,,,
10/09/2021 03:37:44,Becky,Bettina,Coco,Ribbot,Tangy,,,,,
10/09/2021 05:42:37,Hamlet,Julian,Kabuki,Marshal,Sprinkle,,,,,
10/09/2021 06:58:04,Coco,Étoile,Flip,Ketchup,Stitches,,,,,
10/09/2021 07:11:37,Beau,Derwin,Lily,Teddy,Zucker,,,,,
10/09/2021 08:51:18,Puddles,Rod,Stitches,,,,,,,
10/09/2021 09:19:59,Daisy,Flora,Judy,Skye,Stitches,,,,,
10/09/2021 12:00:06,Coco,Erik,Lily,Maple,Shep,,,,,
10/09/2021 12:42:22,Apple,Chevre,Étoile,Sherb,Zucker,,,,,
10/09/2021 14:12:05,Goldie,Marshal,Punchy,Rod,Vivian,,,,,
10/09/2021 14:20:51,Chevre,Fuchsia,Marina,Ozzie,Shari,,,,,
10/09/2021 14:26:07,Aurora,Freckles,Gwen,Jay,Norma,,,,,
10/09/2021 16:05:48,Ankha,Kidd,Raymond,Sherb,Wolfgang,,,,,
10/09/2021 16:14:44,Diva,Drago,Pietro,Poppy,Sylvana,,,,,
10/09/2021 16:20:24,Coco,Lucky,Sherb,Stitches,Zucker,,,,,
10/09/2021 16:54:36,Drift,Jacques,Kabuki,Roscoe,Static,,,,,
10/09/2021 17:08:15,Antonio,Fang,Flora,Octavian,Zucker,,,,,
10/09/2021 17:43:29,Audie,Kevin,Maple,Sprinkle,Zucker,,,,,
10/09/2021 19:31:09,Genji,Judy,Merengue,Octavian,Stitches,,,,,
10/09/2021 19:40:55,Annalise,Apple,Audie,Felicity,Whitney,,,,,
10/09/2021 19:45:02,Judy,Marshal,Raymond,Rosie,Sherb,,,,,
10/09/2021 20:41:22,Aurora,Ketchup,Lily,Marshal,Molly,,,,,
10/09/2021 21:22:33,Katt,Pekoe,Scoot,Zell,Zucker,,,,,
10/09/2021 21:38:51,Coco,Diana,Erik,Sherb,Wade,,,,,
10/09/2021 21:45:46,Bam,Hamphrey,Ketchup,Ozzie,Sylvia,,,,,
10/09/2021 21:53:15,Étoile,Flurry,Lily,Tia,Tutu,,,,,
10/09/2021 23:02:09,Ankha,Erik,Maple,Roald,Sherb,,,,,
10/09/2021 23:25:12,Annalisa,Canberra,Cranston,Peggy,Spike,,,,,
11/09/2021 00:29:47,Clay,Dom,Graham,Hamphrey,Rodney,,,,,
11/09/2021 00:38:56,Chrissy,Francine,Genji,June,Kiki,,,,,
11/09/2021 00:48:25,Apollo,Dotty,Goldie,Pinky,,,,,,
11/09/2021 02:43:20,Audie,Dobie,Dom,Marshal,Raymond,,,,,
11/09/2021 04:37:13,Bob,Dom,Peanut,Phoebe,Pietro,,,,,
11/09/2021 04:40:33,Beau,Fauna,Judy,Marshal,Raymond,,,,,
11/09/2021 05:43:48,Baabara,Muffy,Raymond,Stitches,Wendy,,,,,
11/09/2021 06:27:58,Hamlet,Molly,Raymond,,,,,,,
11/09/2021 06:28:03,Antonio,Kid Cat,Lily,Octavian,Roald,,,,,
11/09/2021 07:04:50,Chrissy,Fang,Flurry,Hamphrey,Merry,,,,,
11/09/2021 07:19:57,Beau,Fang,Grizzly,Kyle,Sally,,,,,
11/09/2021 07:34:54,Diana,Filbert,Goldie,Maple,Rosie,,,,,
11/09/2021 08:32:21,Bob,Fauna,Raymond,Roald,Stitches,,,,,
11/09/2021 08:40:54,Goldie,Marina,Marshal,Molly,Tia,,,,,
11/09/2021 08:42:02,Beau,Katt,Maple,Tiffany,Walt,,,,,
11/09/2021 09:12:54,Coco,Fauna,Maple,Marshal,Molly,,,,,
11/09/2021 10:20:06,Erik,Kiki,Merengue,Mitzi,Skye,,,,,
11/09/2021 10:55:49,Lolly,Marshal,Raymond,Reneigh,Wolfgang,,,,,
11/09/2021 10:58:28,Ankha,June,Marina,Pashmina,Phoebe,,,,,
11/09/2021 11:59:50,Diana,Fauna,Lolly,Rosie,Sherb,,,,,
11/09/2021 12:02:47,Chester,Coco,Ketchup,Tangy,Zucker,,,,,
11/09/2021 12:42:20,Agent S,Ankha,Bones,Flora,Ike,,,,,
11/09/2021 13:06:22,Chai,Cherry,Cookie,Merengue,Tia,,,,,
11/09/2021 13:36:36,Coco,Judy,Lolly,Merry,Raymond,,,,,
11/09/2021 14:00:10,Hopkins,Joey,Ketchup,Marty,Pudge,,,,,
11/09/2021 14:06:57,Étoile,Flurry,Marina,Zucker,,,,,,
11/09/2021 14:12:05,Goldie,Marina,Norma,Pietro,Punchy,,,,,
11/09/2021 14:36:32,Coco,Ketchup,Marshal,Rosie,Sherb,,,,,
11/09/2021 14:37:51,Ankha,Apple,Coco,Marshal,Raymond,,,,,
11/09/2021 14:38:10,Fang,Judy,Julia,Raymond,Stitches,,,,,
11/09/2021 15:29:05,Kevin,Muffy,Queenie,Tasha,Teddy,,,,,
11/09/2021 15:41:38,Alice,Marshal,Melba,Merengue,Zucker,,,,,
11/09/2021 16:00:29,Audie,Judy,Marshal,Merry,Sly,,,,,
11/09/2021 16:30:21,Ankha,Beau,Fauna,Pietro,Stu,,,,,
11/09/2021 16:42:08,Apple,Bruce,Rasher,Spike,Twiggy,,,,,
11/09/2021 16:42:58,Kid Cat,Tasha,,,,,,,,
11/09/2021 16:46:24,Ankha,Beau,Cherry,Dom,Marina,,,,,
11/09/2021 18:15:00,Bianca,Cherry,Maple,Tia,Zucker,,,,,
11/09/2021 18:44:13,Audie,Marina,Marshal,Raymond,Rosie,,,,,
11/09/2021 18:48:42,Kiki,Pietro,Punchy,Tangy,Tia,,,,,
11/09/2021 19:03:43,Audie,Dom,Kyle,Purrl,Rosie,,,,,
11/09/2021 19:18:20,Bam,Erik,Punchy,Reneigh,Wolfgang,,,,,
11/09/2021 19:20:34,Axel,Diana,Marina,Marshal,Reneigh,,,,,
11/09/2021 19:24:11,Lucky,Merengue,Peanut,Zucker,,,,,,
11/09/2021 19:55:55,Cranston,Flora,Julia,Phil,Phoebe,,,,,
11/09/2021 20:09:40,Bob,Coco,Gayle,Kid Cat,Molly,,,,,
11/09/2021 20:29:56,Diana,Marshal,Merry,Molly,Sherb,,,,,
11/09/2021 20:50:46,Ankha,Merengue,Raymond,,,,,,,
11/09/2021 21:54:43,Bob,Rudy,Tom,,,,,,,
11/09/2021 23:14:02,Ankha,Dom,Sherb,,,,,,,
12/09/2021 00:27:22,Bluebear,Cheri,Flora,Hans,Ketchup,,,,,
12/09/2021 00:33:36,Alice,Caroline,Doc,Lolly,Rosie,,,,,
12/09/2021 01:14:00,Joey,Marina,Marshal,Molly,Rosie,,,,,
12/09/2021 02:16:47,Ruby,,,,,,,,,
12/09/2021 02:19:57,Agnes,Dotty,Julia,Kevin,Lobo,,,,,
12/09/2021 04:01:48,Bob,Daisy,Lolly,Raymond,Zucker,,,,,
12/09/2021 04:06:55,Bill,Cherry,Deirdre,Merry,Nana,,,,,
12/09/2021 04:16:49,Ankha,Judy,Marshal,Sherb,,,,,,
12/09/2021 04:19:25,Dotty,Lolly,Mitzi,Rosie,Rudy,,,,,
12/09/2021 04:34:39,Deirdre,Fang,Felicity,Wendy,Willow,,,,,
12/09/2021 04:46:33,Ankha,Ketchup,Marshal,Ozzie,Raymond,,,,,
12/09/2021 05:02:53,Bones,Étoile,Fauna,Maple,Melba,,,,,
12/09/2021 05:20:57,Fauna,Hazel,Paula,,,,,,,
12/09/2021 05:29:47,Bam,Beau,Punchy,Stitches,Ursala,,,,,
12/09/2021 06:07:57,Ketchup,Lolly,Moe,Molly,Rodeo,,,,,
12/09/2021 07:02:44,Ankha,Bob,Lolly,Sherb,Zucker,,,,,
12/09/2021 07:44:40,Antonio,Baabara,Cranston,Eunice,Rolf,,,,,
12/09/2021 08:06:17,Billy,Doc,Grizzly,Hornsby,Winnie,,,,,
12/09/2021 08:22:23,Genji,Marshal,,,,,,,,
12/09/2021 08:47:37,Amelia,Bam,Ken,Roscoe,Teddy,,,,,
12/09/2021 13:53:37,Fang,Fauna,Judy,Marshal,Raymond,,,,,
12/09/2021 15:30:26,Ankha,Bunnie,Clay,Roald,Stitches,,,,,
12/09/2021 15:32:51,Goldie,Judy,Marina,Melba,Sherb,,,,,
12/09/2021 15:39:30,Lily,Marina,Mira,Peaches,Ruby,,,,,
12/09/2021 16:12:22,Merry,Molly,Raymond,,,,,,,
12/09/2021 16:39:56,Marina,Marshal,Raymond,Sherb,Zucker,,,,,
12/09/2021 16:42:58,Raymond,,,,,,,,,
12/09/2021 16:46:34,Ankha,Deirdre,Dom,Gonzo,Scoot,,,,,
12/09/2021 17:03:40,Ketchup,Lolly,Marina,Raymond,Sherb,,,,,
12/09/2021 17:20:50,Ankha,Apple,Cube,Julian,June,,,,,
12/09/2021 17:20:59,Bob,Raymond,Stitches,,,,,,,
12/09/2021 17:41:45,Fauna,Judy,Maple,Poppy,Stitches,,,,,
12/09/2021 18:29:26,Ankha,Audie,Bianca,Broccolo,Zucker,,,,,
12/09/2021 18:30:42,Apple,Bob,Raymond,,,,,,,
12/09/2021 18:55:13,Chrissy,Coco,Flora,Peggy,Tiffany,,,,,
12/09/2021 18:58:35,Freya,Muffy,Reneigh,Wendy,,,,,,
12/09/2021 19:00:57,Freya,Pierce,Timbra,Yuka,,,,,,
12/09/2021 19:12:21,Agnes,Ankha,Daisy,Lucky,Sydney,,,,,
12/09/2021 19:17:13,Boomer,Cousteau,Ketchup,Murphy,,,,,,
12/09/2021 19:18:01,Antonio,Celia,Freya,Rolf,Wolfgang,,,,,
12/09/2021 19:34:33,Curlos,Mira,Octavian,Patty,Zucker,,,,,
12/09/2021 19:35:10,Cherry,Francine,Marshal,Pietro,Stinky,,,,,
12/09/2021 20:11:43,Audie,Chrissy,Cookie,Diana,,,,,,
12/09/2021 20:28:08,Agnes,Bella,Boots,Jitters,Ken,,,,,
12/09/2021 20:47:31,Ankha,Lolly,Merengue,Octavian,Sylvia,,,,,
12/09/2021 21:05:28,Lolly,,,,,,,,,
12/09/2021 21:12:52,Beardo,Bones,Keaton,Purrl,Sterling,,,,,
12/09/2021 21:26:00,Admiral,Coach,Moe,Pinky,Shari,,,,,
12/09/2021 21:48:29,Cherry,Lolly,Mira,Mitzi,Pashmina,,,,,
12/09/2021 21:55:44,Diana,Kiki,Pippy,Ribbot,Sylvana,,,,,
12/09/2021 21:55:55,Ankha,Beau,Coco,Fauna,Sherb,,,,,
12/09/2021 21:56:21,Audie,Bones,Eugene,Maple,Stitches,,,,,
12/09/2021 22:09:39,Fauna,Marina,Megan,Sherb,Stitches,,,,,
12/09/2021 22:49:02,Lily,Maple,Merengue,Poppy,Ruby,,,,,
12/09/2021 23:05:27,Dom,Merengue,Sydney,,,,,,,
12/09/2021 23:11:37,Bubbles,Freya,Gabi,Lily,Raymond,,,,,
12/09/2021 23:38:58,Lolly,Muffy,Raymond,Stitches,Toby,,,,,
12/09/2021 23:53:30,Barold,Bonbon,Eugene,Felicity,Samson,,,,,
13/09/2021 00:25:42,Bruce,Jacob,Molly,Purrl,Sheldon,,,,,
13/09/2021 00:27:51,Boris,Jacques,Phoebe,,,,,,,
13/09/2021 00:35:18,Bea,Charlise,Sydney,Tammy,Yuka,,,,,
13/09/2021 01:17:37,Beau,Bob,Scoot,Sherb,Zucker,,,,,
13/09/2021 01:57:42,Apollo,Bob,,,,,,,,
13/09/2021 02:13:18,Bob,Julia,Ketchup,Lolly,Tangy,,,,,
13/09/2021 02:17:10,Ketchup,Marina,Octavian,Poppy,Zucker,,,,,
13/09/2021 02:59:42,Zell,,,,,,,,,
13/09/2021 04:05:14,Agent S,Big Top,Celia,Fauna,Rocket,,,,,
13/09/2021 04:16:58,Beau,Buck,Drago,Marshal,Raymond,,,,,
13/09/2021 04:36:58,Cousteau,Goldie,Puddles,Renée,Roald,,,,,
13/09/2021 05:05:55,Bella,Diana,Elvis,Sylvana,,,,,,
13/09/2021 06:23:54,Fuchsia,Punchy,Savannah,,,,,,,
13/09/2021 08:24:49,Ankha,Ketchup,Pietro,Rosie,Tangy,,,,,
13/09/2021 11:35:04,Étoile,Maple,Marty,Stitches,Tangy,,,,,
13/09/2021 11:52:39,Broccolo,Bunnie,Deirdre,Fauna,Judy,,,,,
13/09/2021 12:04:17,Chops,Drago,Lionel,Murphy,Zucker,,,,,
13/09/2021 12:20:44,Boomer,Cherry,Chevre,Kitty,Puddles,,,,,
13/09/2021 13:15:05,Alice,June,O'Hare,Paula,Sherb,,,,,
13/09/2021 13:15:09,Dobie,Fauna,Pippy,Reneigh,Shep,,,,,
13/09/2021 13:42:48,Ankha,Cube,Judy,Marshal,Sherb,,,,,
13/09/2021 13:50:20,Bluebear,Dom,Erik,Fauna,Sherb,,,,,
13/09/2021 13:58:48,Bones,Keaton,Lolly,Merengue,Octavian,,,,,
13/09/2021 14:32:46,Pashmina,,,,,,,,,
13/09/2021 14:51:34,Beardo,Hippeux,,,,,,,,
13/09/2021 15:43:09,Kiki,Maple,Molly,Stella,Tutu,,,,,
13/09/2021 15:49:18,Flurry,Hazel,Pinky,Rod,Zucker,,,,,
13/09/2021 15:51:07,Coco,Lucky,Pietro,Tia,Zucker,,,,,
13/09/2021 16:47:43,Ankha,Rooney,Rory,Sandy,Zucker,,,,,
13/09/2021 17:04:21,Coco,Maple,Marshal,Sherb,Stitches,,,,,
13/09/2021 18:19:10,Cookie,Lucky,Marshal,Sherb,Stitches,,,,,
13/09/2021 18:32:01,Apple,Flora,Judy,Julian,Merengue,,,,,
13/09/2021 19:06:59,Boots,Gala,Lily,Molly,Papi,,,,,
13/09/2021 19:28:47,Curlos,Maple,Marshal,Stitches,Tangy,,,,,
13/09/2021 19:31:32,Broccolo,Punchy,Raymond,Tangy,Walker,,,,,
13/09/2021 19:36:25,Fauna,Pekoe,Skye,,,,,,,
13/09/2021 20:15:52,Admiral,Pierce,Roald,Sprinkle,Tangy,,,,,
13/09/2021 21:29:12,Apple,Beau,Butch,Cleo,Melba,,,,,
13/09/2021 21:43:51,Bob,Kyle,Pashmina,Punchy,Raymond,,,,,
13/09/2021 22:10:15,Agnes,Blanche,Diana,Reneigh,Sherb,,,,,
13/09/2021 22:53:26,Ankha,Audie,Bella,Cherry,Raymond,,,,,
13/09/2021 22:55:00,Bree,Chelsea,Chrissy,Felicity,Freckles,,,,,
13/09/2021 23:54:34,Coco,Dom,Marty,Roald,Shep,,,,,
14/09/2021 00:03:17,Audie,Coco,Cookie,Genji,Tex,,,,,
14/09/2021 00:10:01,Apple,Marshal,Muffy,Octavian,Peanut,,,,,
14/09/2021 00:40:38,Bluebear,Cookie,Felicity,Flo,Flora,,,,,
14/09/2021 00:44:41,Lolly,Marshal,Octavian,Plucky,Raymond,,,,,
14/09/2021 01:20:22,Audie,Coco,Marshal,Raymond,Reneigh,,,,,
14/09/2021 01:32:23,Ankha,Audie,Marshal,Raymond,Rosie,,,,,
14/09/2021 03:02:16,Ankha,Audie,Beau,Daisy,Sherb,,,,,
14/09/2021 04:03:27,Coco,Fauna,Marina,Ruby,Stitches,,,,,
14/09/2021 04:19:51,Boomer,Kid Cat,Marty,Rolf,Teddy,,,,,
14/09/2021 04:59:19,Bob,Cesar,Eloise,Roald,Tangy,,,,,
14/09/2021 05:42:35,Ankha,Apple,Dom,Erik,Sherb,,,,,
14/09/2021 05:46:15,Beau,Bob,Flora,Lolly,Marshal,,,,,
14/09/2021 06:31:20,Ankha,Marina,Marshal,Raymond,Zucker,,,,,
14/09/2021 06:47:25,Becky,Bob,Colton,Cube,,,,,,
14/09/2021 07:00:05,Bluebear,Celia,Judy,Mathilda,Merengue,,,,,
14/09/2021 07:29:19,Coco,Kidd,Megan,Papi,Pierce,,,,,
14/09/2021 07:38:34,Ankha,,,,,,,,,
14/09/2021 08:13:43,Apollo,Bella,Elmer,Frank,Kyle,,,,,
14/09/2021 09:47:56,Diana,Dotty,Julian,Phoebe,Tangy,,,,,
14/09/2021 10:14:15,Apple,Aurora,Avery,Molly,,,,,,
14/09/2021 11:37:06,Apollo,Judy,Marshal,Raymond,Stitches,,,,,
14/09/2021 13:08:08,Erik,Marina,Raymond,,,,,,,
14/09/2021 13:08:59,Ankha,Lolly,Maple,Marshal,Raymond,,,,,
14/09/2021 13:52:51,Cookie,Elmer,Goldie,Lolly,Merry,,,,,
14/09/2021 14:10:36,Bam,Chester,Erik,Keaton,,,,,,
14/09/2021 15:15:27,Kiki,Kitt,Kyle,Rilla,Rod,,,,,
14/09/2021 16:51:51,Anabelle,Katt,Maple,Spork,Teddy,,,,,
14/09/2021 18:11:38,Agent S,Ankha,Chief,Diana,Erik,,,,,
14/09/2021 18:20:22,Drago,Flora,Julia,Ketchup,Whitney,,,,,
14/09/2021 18:56:19,Dom,Judy,Marshal,Pekoe,Raymond,,,,,
14/09/2021 19:10:37,Ankha,Beardo,Bob,Ed,Zucker,,,,,
14/09/2021 19:20:41,Coco,Judy,Octavian,Rudy,Sherb,,,,,
14/09/2021 20:05:00,Coco,Dom,Marshal,Merengue,Zucker,,,,,
14/09/2021 20:36:46,Dom,Pate,Pietro,Roald,Walker,,,,,
14/09/2021 21:07:10,Chief,Kyle,Lily,Maple,Marshal,,,,,
14/09/2021 21:48:36,Chrissy,Cookie,Marshal,Raymond,Rosie,,,,,
14/09/2021 22:13:48,Genji,Ketchup,Melba,Pashmina,Pekoe,,,,,
14/09/2021 23:00:27,Ankha,Audie,Blanche,Cherry,Simon,,,,,
14/09/2021 23:25:45,Buck,Pashmina,Puddles,,,,,,,
14/09/2021 23:26:39,Ankha,Wolfgang,Yuka,,,,,,,
14/09/2021 23:27:46,Bob,Cyd,Fauna,Marshal,Zucker,,,,,
15/09/2021 00:20:16,Joey,Stu,,,,,,,,
15/09/2021 00:45:33,Ankha,Judy,Raymond,,,,,,,
15/09/2021 01:40:57,Ankha,,,,,,,,,
15/09/2021 01:52:15,Grizzly,Lily,,,,,,,,
15/09/2021 02:21:25,Ankha,,,,,,,,,
15/09/2021 03:07:23,Bianca,Cookie,Jacob,Maple,Pekoe,,,,,
15/09/2021 03:11:23,Drago,Julian,Rod,,,,,,,
15/09/2021 03:47:01,Kid Cat,Zucker,,,,,,,,
15/09/2021 04:40:14,Cheri,Filbert,Merengue,Rosie,Sherb,,,,,
15/09/2021 05:17:07,Beau,Jeremiah,Marty,Ozzie,Zucker,,,,,
15/09/2021 05:19:04,Beau,Dizzy,Marina,Octavian,Zucker,,,,,
15/09/2021 05:31:20,Coach,Rocket,Zucker,,,,,,,
15/09/2021 05:42:53,Axel,Deli,Henry,Lyman,Pango,,,,,
15/09/2021 06:04:06,Cobb,Del,Julian,Pierce,Sly,,,,,
15/09/2021 06:15:44,Audie,Lily,Poppy,Savannah,Wolfgang,,,,,
15/09/2021 06:27:44,Chief,Daisy,Henry,Julian,Marshal,,,,,
15/09/2021 06:31:10,Chevre,Erik,Fang,Twiggy,Zucker,,,,,
15/09/2021 06:57:07,Merengue,Ozzie,Pashmina,Raymond,Zucker,,,,,
15/09/2021 07:43:52,Ken,,,,,,,,,
15/09/2021 08:14:27,Goldie,Lolly,Marina,Merry,Nana,,,,,
15/09/2021 08:15:37,Erik,,,,,,,,,
15/09/2021 10:06:43,Coco,Dobie,Goldie,Kabuki,Lucky,,,,,
15/09/2021 10:15:27,Bob,Ketchup,Molly,,,,,,,
15/09/2021 10:34:00,Dobie,Erik,Roald,Whitney,,,,,,
15/09/2021 11:24:51,Chai,Dom,Étoile,Judy,Sydney,,,,,
15/09/2021 12:28:25,Ankha,Audie,Ellie,Judy,Raymond,,,,,
15/09/2021 14:38:28,Agnes,Erik,Fauna,Lily,Marina,,,,,
15/09/2021 14:52:30,Flora,Judy,Kyle,Lily,Mallary,,,,,
15/09/2021 15:32:38,Ankha,Audie,Cheri,Coco,Freckles,,,,,
15/09/2021 15:33:13,Ankha,Bea,Beau,Lucky,Marshal,,,,,
15/09/2021 16:00:45,Beau,Joey,Judy,Ketchup,Tia,,,,,
15/09/2021 16:03:58,Apple,Joey,Molly,Stitches,,,,,,
15/09/2021 16:43:11,Beau,Coco,Fauna,,,,,,,
15/09/2021 16:47:37,Ankha,Fuchsia,Lucky,Mint,Stitches,,,,,
15/09/2021 17:36:55,Stella,,,,,,,,,
15/09/2021 17:56:45,Diana,Erik,Fauna,Maple,Whitney,,,,,
15/09/2021 18:03:18,Fang,Fauna,Lolly,Pashmina,Whitney,,,,,
15/09/2021 18:08:45,Beardo,Bob,Rolf,Rosie,Stitches,,,,,
15/09/2021 18:44:43,Gala,Genji,Henry,Lily,Muffy,,,,,
15/09/2021 19:20:07,Ankha,Bettina,Colton,Lucky,Maple,,,,,
15/09/2021 20:10:38,Coco,Dizzy,Ketchup,,,,,,,
15/09/2021 20:26:35,Dom,Flurry,Judy,Midge,Tutu,,,,,
15/09/2021 20:29:38,Cookie,Fauna,Stitches,Stu,,,,,,
15/09/2021 21:12:46,Fauna,Ketchup,Lucky,Marshal,Molly,,,,,
15/09/2021 21:35:28,Butch,Dobie,Octavian,Pietro,Zucker,,,,,
15/09/2021 21:48:44,Katt,Marshal,Sheldon,,,,,,,
15/09/2021 21:58:30,Ankha,Dom,Ed,Lucky,Merry,,,,,
15/09/2021 22:03:07,Caroline,Gonzo,Nan,Poncho,Stitches,,,,,
15/09/2021 22:14:10,Cyd,Jacques,Marina,Sherb,Tia,,,,,
15/09/2021 22:16:58,Butch,Deirdre,Midge,Sherb,Static,,,,,
15/09/2021 22:43:18,Biskit,Chadder,Spike,Spork,Sydney,,,,,
16/09/2021 00:18:51,Elvis,Katt,Leopold,Tank,Teddy,,,,,
16/09/2021 00:34:21,Apple,Bluebear,Ketchup,Poncho,Walker,,,,,
16/09/2021 00:52:22,Wendy,,,,,,,,,
16/09/2021 00:59:02,Barold,Beau,Bob,Lolly,Raymond,,,,,
16/09/2021 01:17:51,Beau,Blanche,Gala,Victoria,,,,,,
16/09/2021 01:34:16,Ankha,Flora,Raymond,Shep,,,,,,
16/09/2021 03:03:41,Bunnie,Dizzy,Lopez,Merengue,Patty,,,,,
16/09/2021 03:53:22,Filbert,Hippeux,Octavian,Punchy,Sherb,,,,,
16/09/2021 04:05:49,Ankha,Celia,Diana,Marina,Raymond,,,,,
16/09/2021 04:26:32,Pietro,,,,,,,,,
16/09/2021 04:52:10,Lolly,Raymond,Rosie,Zucker,,,,,,
16/09/2021 05:00:38,Boone,Merengue,Octavian,Pietro,Zucker,,,,,
16/09/2021 05:03:23,Alfonso,Bea,Marshal,Reneigh,Sherb,,,,,
16/09/2021 05:27:50,Ellie,Ketchup,Lucky,Pashmina,Sydney,,,,,
16/09/2021 06:21:13,Anabelle,Camofrog,Maple,Quillson,Stitches,,,,,
16/09/2021 06:31:04,Cherry,Jacob,Jambette,Kevin,,,,,,
16/09/2021 08:53:42,Beau,Bluebear,Merengue,Raymond,,,,,,
16/09/2021 09:24:22,Erik,Margie,Papi,Wade,,,,,,
16/09/2021 12:53:21,Alice,Roald,Sprocket,,,,,,,
16/09/2021 13:04:17,Ankha,Bob,Dom,Octavian,Pietro,,,,,
16/09/2021 13:47:41,Filbert,Judy,Raymond,Static,Zucker,,,,,
16/09/2021 14:09:39,Ruby,,,,,,,,,
16/09/2021 14:53:46,Bluebear,Bonbon,Bunnie,Cashmere,Chevre,,,,,
16/09/2021 15:33:14,Dom,Fauna,Hippeux,Rodeo,Zucker,,,,,
16/09/2021 15:53:49,Ankha,Chevre,Cookie,Daisy,Stitches,,,,,
16/09/2021 18:07:51,Marina,Marshal,Peanut,Tangy,Zucker,,,,,
16/09/2021 18:21:27,Dom,Raymond,Sprinkle,Stitches,Tabby,,,,,
16/09/2021 18:42:14,Judy,Maple,Merry,Pompom,Puddles,,,,,
16/09/2021 20:19:50,Chrissy,Cookie,Maple,Marshal,Sylvana,,,,,
16/09/2021 20:26:57,Bunnie,Raddle,Static,Tabby,Tasha,,,,,
16/09/2021 20:28:48,Bunnie,Katt,Peanut,Static,Tabby,,,,,
16/09/2021 20:41:17,Beau,Fauna,Raymond,Sherb,Stitches,,,,,
16/09/2021 21:03:39,Beau,Bertha,Gala,Henry,Lily,,,,,
16/09/2021 21:10:45,Beau,Judy,Marina,Marshal,Ruby,,,,,
16/09/2021 21:21:59,Ankha,,,,,,,,,
16/09/2021 21:31:27,Apollo,Marshal,Molly,Roald,Sherb,,,,,
16/09/2021 22:43:33,Audie,Bianca,Blanche,Bluebear,Cookie,,,,,
16/09/2021 22:52:58,Jeremiah,Lily,Marina,Molly,Sprinkle,,,,,
16/09/2021 22:58:16,Apollo,Genji,Judy,Zell,Zucker,,,,,
16/09/2021 23:13:00,Celia,Claude,Dotty,Gonzo,Mira,,,,,
16/09/2021 23:44:28,Ankha,Judy,Octavian,Raymond,Zucker,,,,,
17/09/2021 00:28:07,Ankha,Bam,Lucky,Raymond,Stitches,,,,,
17/09/2021 00:41:43,Billy,Cherry,Zell,,,,,,,
17/09/2021 01:07:35,Gladys,Judy,Kiki,Mitzi,Pekoe,,,,,
17/09/2021 01:16:56,Bettina,Cherry,Raymond,Sherb,Whitney,,,,,
17/09/2021 02:24:05,Beau,Lolly,Tia,Zucker,,,,,,
17/09/2021 02:46:10,Cole,Ed,Ketchup,,,,,,,
17/09/2021 03:45:41,Lobo,Marina,Marshal,,,,,,,
17/09/2021 04:09:36,Bam,Beau,Judy,Marshal,Zucker,,,,,
17/09/2021 04:37:24,Bianca,Judy,Ketchup,Skye,Static,,,,,
17/09/2021 05:58:06,Audie,Cherry,Judy,Julia,Marshal,,,,,
17/09/2021 05:58:44,Beau,Chevre,Katt,Papi,Shep,,,,,
17/09/2021 06:36:47,Yuka,,,,,,,,,
17/09/2021 07:31:13,Molly,Sherb,Vivian,Zucker,,,,,,
17/09/2021 07:48:43,Henry,Phoebe,Rosie,Scoot,Sylvana,,,,,
17/09/2021 08:08:39,Francine,Kid Cat,,,,,,,,
17/09/2021 10:17:06,Chadder,,,,,,,,,
17/09/2021 10:18:47,Frank,Lopez,Sherb,Vesta,,,,,,
17/09/2021 11:37:00,Cookie,Diana,Lily,Pietro,Tia,,,,,
17/09/2021 12:08:00,Monique,Punchy,Quillson,Sydney,Wart Jr.,,,,,
17/09/2021 12:42:52,Beau,Cookie,Marshal,Whitney,,,,,,
17/09/2021 13:25:01,Judy,Marshal,Poppy,Punchy,Raymond,,,,,
17/09/2021 14:19:27,Hazel,Hopper,Lyman,Rex,Sprinkle,,,,,
17/09/2021 15:17:03,Erik,Fauna,Julian,Marshal,Rosie,,,,,
17/09/2021 15:59:47,Marshal,Marty,Raymond,Roald,Zucker,,,,,
17/09/2021 16:06:52,Cherry,Coco,Cookie,Dobie,Ketchup,,,,,
17/09/2021 16:24:12,Cherry,Fauna,Felicity,Kidd,Norma,,,,,
17/09/2021 16:34:21,Buck,Filbert,Lucky,Purrl,Rosie,,,,,
17/09/2021 17:53:58,Judy,Sherb,Stitches,,,,,,,
17/09/2021 18:33:03,Ankha,Bunnie,Hopkins,Octavian,Ruby,,,,,
17/09/2021 18:49:12,Audie,Skye,Sterling,Walker,Whitney,,,,,
17/09/2021 18:49:46,Aurora,Cube,Roald,Sprinkle,Wade,,,,,
17/09/2021 19:22:34,Cally,Ellie,Maple,Marshal,Mint,,,,,
17/09/2021 19:53:23,Boone,Buzz,Hans,Soleil,Whitney,,,,,
17/09/2021 20:00:17,Gigi,Ketchup,Marina,Octavian,Zucker,,,,,
17/09/2021 20:02:37,Beau,Fang,Freya,Ozzie,Sydney,,,,,
17/09/2021 20:47:39,Chow,,,,,,,,,
17/09/2021 21:07:09,Coco,Diana,Gayle,Lucky,Marshal,,,,,
17/09/2021 21:16:57,Charlise,Filbert,Pecan,Poncho,,,,,,
17/09/2021 21:38:53,Audie,Bill,Marshal,Pashmina,Simon,,,,,
17/09/2021 21:45:17,Agent S,Chadder,Ketchup,Wolfgang,Zucker,,,,,
17/09/2021 22:47:35,Ankha,,,,,,,,,
17/09/2021 22:53:22,Diana,Raymond,Zucker,,,,,,,
17/09/2021 23:19:02,Croque,Fuchsia,Molly,Olive,Zucker,,,,,
18/09/2021 00:28:15,Ankha,,,,,,,,,
18/09/2021 00:37:49,Chow,,,,,,,,,
18/09/2021 00:45:20,Dobie,Goldie,Marshal,Raymond,Rosie,,,,,
18/09/2021 01:26:15,Diana,Fauna,Merengue,Raymond,Sherb,,,,,
18/09/2021 01:27:19,Ankha,Chevre,Fuchsia,Gayle,Goldie,,,,,
18/09/2021 01:40:02,Camofrog,Joey,,,,,,,,
18/09/2021 01:46:25,Zucker,,,,,,,,,
18/09/2021 01:56:08,Anchovy,Ankha,Bill,Hornsby,Reneigh,,,,,
18/09/2021 02:11:49,Deirdre,Eloise,Erik,Fauna,Pashmina,,,,,
18/09/2021 03:11:18,Ankha,Audie,Judy,Marshal,Zucker,,,,,
18/09/2021 04:31:53,Sherb,,,,,,,,,
18/09/2021 05:32:03,Apple,Bones,Judy,Sherb,Stitches,,,,,
18/09/2021 06:29:12,Beau,Erik,Fauna,Pashmina,Whitney,,,,,
18/09/2021 07:47:35,Al,Apollo,Cole,Diana,Mira,,,,,
18/09/2021 08:04:58,Dom,Judy,Maple,,,,,,,
18/09/2021 09:48:46,Bob,Gruff,Merry,Raymond,Zucker,,,,,
18/09/2021 10:20:00,Lily,Rasher,,,,,,,,
18/09/2021 10:34:20,Ankha,Chrissy,Francine,Hamlet,Marshal,,,,,
18/09/2021 10:37:13,Frobert,Klaus,Merengue,Norma,Octavian,,,,,
18/09/2021 11:56:41,Agent S,Aurora,Marshal,Sprocket,Zucker,,,,,
18/09/2021 12:08:02,Cherry,Cranston,,,,,,,,
18/09/2021 12:37:10,Bonbon,Mitzi,Raymond,,,,,,,
18/09/2021 12:58:00,Cookie,,,,,,,,,
18/09/2021 13:45:52,Dobie,Goldie,Marshal,Pekoe,Whitney,,,,,
18/09/2021 14:19:59,Admiral,Carmen,Ketchup,Maple,Shari,,,,,
18/09/2021 14:49:24,Freya,Rosie,Skye,Tangy,Vivian,,,,,
18/09/2021 14:59:19,Ankha,Chrissy,Francine,Judy,Pekoe,,,,,
18/09/2021 15:01:28,Ankha,Cheri,Marshal,Pekoe,Wolfgang,,,,,
18/09/2021 15:22:25,Alice,Nana,Pinky,Rosie,Timbra,,,,,
18/09/2021 17:11:24,Marshal,Poppy,Rosie,Stitches,Teddy,,,,,
18/09/2021 17:19:09,Lucky,Merengue,Portia,Tangy,Zucker,,,,,
18/09/2021 17:25:54,Ankha,Audie,Cherry,Octavian,Zucker,,,,,
18/09/2021 18:04:58,Cherry,Deli,Grizzly,Rilla,Sydney,,,,,
18/09/2021 18:30:06,Bea,Bitty,Diana,Freckles,Maple,,,,,
18/09/2021 18:47:34,Ed,Erik,Eugene,Freya,Molly,,,,,
18/09/2021 20:00:14,Cherry,Cookie,Merengue,Mint,Peaches,,,,,
18/09/2021 20:28:01,Broccolo,Cobb,Hugh,Marty,Quillson,,,,,
18/09/2021 20:41:57,Admiral,Agent S,Agnes,Aurora,Biff,,,,,
18/09/2021 20:53:54,Ankha,Diana,Fang,,,,,,,
18/09/2021 21:40:47,Chai,Chelsea,Étoile,Whitney,Wolfgang,,,,,
18/09/2021 22:17:16,Audie,Marina,Marshal,Molly,Stitches,,,,,
18/09/2021 22:30:49,Étoile,Julian,Lucky,Marina,Zucker,,,,,
18/09/2021 22:35:41,Bertha,Diana,Egbert,Eugene,Fuchsia,,,,,
18/09/2021 22:36:13,Judy,Octavian,Olivia,Raymond,Zucker,,,,,
18/09/2021 22:49:40,Annalise,Cleo,Coco,Megan,Roald,,,,,
18/09/2021 23:17:20,Beau,Olivia,Punchy,Rosie,Whitney,,,,,
18/09/2021 23:58:30,Audie,Kyle,Reneigh,Sylvana,Wolfgang,,,,,
19/09/2021 00:52:16,Apple,Monique,Muffy,Pompom,Roscoe,,,,,
19/09/2021 01:00:29,Marshal,Rod,Zucker,,,,,,,
19/09/2021 01:05:27,Audie,Marshal,Pashmina,,,,,,,
19/09/2021 01:06:00,Bianca,Cherry,Keaton,Marina,Merengue,,,,,
19/09/2021 01:16:32,Dizzy,Fang,Marshal,Muffy,Pecan,,,,,
19/09/2021 01:19:57,Lopez,Maple,Pietro,Wendy,,,,,,
19/09/2021 01:34:16,Bob,Marina,Marshal,Raymond,,,,,,
19/09/2021 01:54:45,Ankha,Dom,Ketchup,Kyle,Sherb,,,,,
19/09/2021 03:31:42,Anicotti,Charlise,Kiki,Roald,Tia,,,,,
19/09/2021 03:51:34,Ankha,,,,,,,,,
19/09/2021 03:54:00,Dobie,Fang,Kabuki,Lucky,Pietro,,,,,
19/09/2021 03:54:41,Ankha,Judy,Marina,Merengue,Paula,,,,,
19/09/2021 04:48:26,Beau,Marshal,Zucker,,,,,,,
19/09/2021 05:09:22,Axel,Cookie,Sherb,,,,,,,
19/09/2021 06:32:53,Ellie,Grizzly,Pietro,Stinky,Stitches,,,,,
19/09/2021 07:23:32,Ankha,Maddie,Marina,Pekoe,Zucker,,,,,
19/09/2021 07:53:01,Marshal,,,,,,,,,
19/09/2021 08:20:15,Boots,Canberra,Clay,Dobie,Lobo,,,,,
19/09/2021 08:28:23,Ankha,Cookie,Fauna,Marshal,Raymond,,,,,
19/09/2021 08:53:19,Ankha,,,,,,,,,
19/09/2021 09:24:53,Judy,Marina,Punchy,Raymond,Zucker,,,,,
19/09/2021 10:04:26,Ankha,Bob,Lolly,Monique,Snake,,,,,
19/09/2021 11:33:35,Aurora,Cube,Goldie,,,,,,,
19/09/2021 12:14:21,Raymond,,,,,,,,,
19/09/2021 12:28:34,Ankha,Bam,Beau,Ketchup,Octavian,,,,,
19/09/2021 12:56:47,Jacob,Monique,,,,,,,,
19/09/2021 12:58:15,Audie,Bam,Erik,Filbert,Peanut,,,,,
19/09/2021 13:18:41,Ankha,Bones,Merry,Reneigh,Zucker,,,,,
19/09/2021 13:43:34,Beau,Clay,Genji,Raymond,Zucker,,,,,
19/09/2021 15:19:54,Ankha,Wendy,Willow,Winnie,Yuka,,,,,
19/09/2021 15:25:56,Dom,Raymond,Soleil,Tasha,Weber,,,,,
19/09/2021 15:36:31,Ankha,,,,,,,,,
19/09/2021 15:38:10,Audie,Bea,Cranston,Melba,Phoebe,,,,,
19/09/2021 15:54:19,Fauna,Lolly,Marshal,Merengue,Zucker,,,,,
19/09/2021 16:12:00,Agent S,Bella,Judy,Lucky,Reneigh,,,,,
19/09/2021 16:20:52,Audie,Celia,Fang,Marshal,Rosie,,,,,
19/09/2021 17:03:09,Apple,Biff,Clay,Erik,Kidd,,,,,
19/09/2021 17:07:10,Deli,Katt,Molly,Rod,Sylvana,,,,,
19/09/2021 17:20:02,Marina,Marshal,Punchy,Sherb,Weber,,,,,
19/09/2021 17:32:11,Beau,Coco,Raymond,Zucker,,,,,,
19/09/2021 17:32:54,Bam,Chevre,Fang,Marshal,Raymond,,,,,
19/09/2021 18:13:40,Vivian,Wart Jr.,,,,,,,,
19/09/2021 18:17:35,Stitches,,,,,,,,,
19/09/2021 18:57:33,Chief,Erik,Marshal,Poppy,Reneigh,,,,,
19/09/2021 19:41:18,Apollo,Kyle,Maggie,Raymond,,,,,,
19/09/2021 20:05:28,Apollo,Aurora,Marshal,Ruby,Walker,,,,,
19/09/2021 20:17:45,Coco,Ketchup,Lucky,Stitches,Whitney,,,,,
19/09/2021 20:43:17,Aurora,Clay,Flurry,Hamphrey,Paolo,,,,,
19/09/2021 21:07:16,Bob,Marshal,Tom,Zell,,,,,,
19/09/2021 21:33:42,Diana,Lucky,Phil,Tangy,Zucker,,,,,
19/09/2021 22:38:25,Apple,Beau,Maple,Sandy,Tia,,,,,
19/09/2021 23:18:44,Lopez,Muffy,Puddles,Rosie,Tucker,,,,,
19/09/2021 23:21:17,Cherry,Diana,Marina,Pate,Phoebe,,,,,
19/09/2021 23:24:11,Anabelle,Ankha,Eloise,Raymond,Rolf,,,,,
19/09/2021 23:48:28,Dobie,Peanut,Sherb,,,,,,,
19/09/2021 23:48:43,Ankha,Erik,Sherb,Tybalt,Zucker,,,,,
20/09/2021 01:07:11,Chai,Hornsby,Lily,Marty,Tipper,,,,,
20/09/2021 01:15:47,Ankha,Benedict,Coco,Marshal,Raymond,,,,,
20/09/2021 01:24:20,Coach,Fang,Julian,Katt,Merry,,,,,
20/09/2021 01:34:08,Beau,Erik,Goldie,Roald,Sherb,,,,,
20/09/2021 01:34:18,Coach,Julian,Lopez,Sprinkle,Stitches,,,,,
20/09/2021 01:37:30,Bubbles,Friga,Monique,Sherb,Stitches,,,,,
20/09/2021 01:40:31,Bam,Dora,Elvis,Rocket,Truffles,,,,,
20/09/2021 01:42:05,Axel,Bruce,Coco,Kidd,Sherb,,,,,
20/09/2021 02:26:10,Ankha,Bea,Bob,Ed,Elmer,,,,,
20/09/2021 03:21:55,Ankha,,,,,,,,,
20/09/2021 03:23:28,Ankha,,,,,,,,,
20/09/2021 04:06:53,Al,Celia,Cobb,Fang,Rocket,,,,,
20/09/2021 04:23:38,Audie,Bob,Coco,Marshal,Sherb,,,,,
20/09/2021 04:43:33,Coco,Marcel,Raddle,Ruby,Vesta,,,,,
20/09/2021 05:34:20,Dom,Graham,Judy,Lucy,Ruby,,,,,
20/09/2021 05:34:26,Dom,Judy,Kid Cat,Lucky,Zucker,,,,,
20/09/2021 05:35:21,Bam,Diana,Flora,Hornsby,Lolly,,,,,
20/09/2021 06:10:58,Boone,Celia,Marshal,,,,,,,
20/09/2021 06:41:27,Agnes,Ken,Lucky,Monty,Rodeo,,,,,
20/09/2021 07:38:21,Bluebear,Cookie,Hamlet,Rhonda,Stitches,,,,,
20/09/2021 08:55:30,Erik,Marina,Phoebe,Raymond,Whitney,,,,,
20/09/2021 09:41:03,Ankha,Coco,Stitches,Tangy,Zucker,,,,,
20/09/2021 11:31:36,Ankha,Beau,Roald,,,,,,,
20/09/2021 11:41:38,Bianca,Cherry,Marina,Mitzi,Phil,,,,,
20/09/2021 12:31:47,Boomer,Fauna,Maple,Puddles,Punchy,,,,,
20/09/2021 13:27:48,Dom,Pashmina,Raymond,Rosie,Ruby,,,,,
20/09/2021 13:35:32,Hazel,Marshal,Molly,Peanut,Tutu,,,,,
20/09/2021 14:30:56,Katt,Maple,Olivia,Sally,Walker,,,,,
20/09/2021 14:40:19,Annalisa,Ava,Pekoe,,,,,,,
20/09/2021 15:27:04,Ankha,Cookie,Erik,Julian,Maple,,,,,
20/09/2021 15:28:40,Biskit,Curlos,Dom,Kidd,Wolfgang,,,,,
20/09/2021 15:38:32,Diana,Flora,Marina,Marshal,Pietro,,,,,
20/09/2021 16:06:30,Punchy,Raymond,Reneigh,Sherb,Zell,,,,,
20/09/2021 16:59:17,Bam,Beau,Butch,Kyle,Sterling,,,,,
20/09/2021 17:25:47,Chow,Derwin,Ketchup,Opal,Zucker,,,,,
20/09/2021 17:33:28,Biff,Boone,Muffy,Roscoe,Zell,,,,,
20/09/2021 19:13:42,Deirdre,Mint,Pekoe,Savannah,Tabby,,,,,
20/09/2021 19:15:16,Ankha,Diana,Lolly,Raymond,Sherb,,,,,
20/09/2021 19:15:32,Coco,Dobie,Lucky,Zell,Zucker,,,,,
20/09/2021 20:40:14,Apollo,Genji,Kabuki,Katt,Rosie,,,,,
20/09/2021 21:15:42,Chrissy,Dom,Judy,Raymond,Sherb,,,,,
20/09/2021 21:38:42,Ankha,Poppy,Rosie,,,,,,,
20/09/2021 21:42:58,Bones,Chevre,Joey,Mint,Stitches,,,,,
20/09/2021 21:57:15,Cherry,Merengue,Mitzi,Tangy,Tia,,,,,
20/09/2021 22:16:41,Al,Ankha,Apollo,Barold,Rocco,,,,,
20/09/2021 22:33:33,Ankha,Bob,Lolly,Rudy,,,,,,
20/09/2021 23:07:45,Lionel,Norma,Patty,Shep,,,,,,
21/09/2021 00:29:46,Hazel,Pate,Raymond,Shep,Stitches,,,,,
21/09/2021 00:48:40,Ankha,Curly,Muffy,Nate,Tammi,,,,,
21/09/2021 00:50:02,Ankha,Coco,Kitty,Marshal,Rosie,,,,,
21/09/2021 01:23:52,Fauna,Genji,Ketchup,Marshal,Pekoe,,,,,
21/09/2021 01:31:47,Diana,Elmer,Felicity,Marina,Mira,,,,,
21/09/2021 01:33:27,Ankha,Deirdre,Nana,Sylvia,Tank,,,,,
21/09/2021 02:49:28,Fang,Goldie,Marshal,,,,,,,
21/09/2021 03:37:48,Gonzo,Marina,Pietro,Poppy,Teddy,,,,,
21/09/2021 03:49:01,Purrl,,,,,,,,,
21/09/2021 04:54:18,Ankha,Marina,Merengue,Octavian,Pierce,,,,,
21/09/2021 04:56:54,Chevre,Cranston,Hazel,Marshal,Stitches,,,,,
21/09/2021 05:43:09,Erik,Fauna,Merengue,Merry,Phoebe,,,,,
21/09/2021 05:50:43,Ankha,Hamphrey,Henry,Raymond,Sherb,,,,,
21/09/2021 05:59:41,Beau,Cherry,Fauna,Marshal,Piper,,,,,
21/09/2021 08:51:17,Beau,Cherry,Dom,Flora,Rosie,,,,,
21/09/2021 09:45:41,Apollo,Cherry,Keaton,Marshal,Zucker,,,,,
21/09/2021 10:44:44,Ankha,Chief,,,,,,,,
21/09/2021 10:49:34,Diana,Dom,Ruby,Sherb,Sprinkle,,,,,
21/09/2021 12:35:19,Anicotti,Ankha,Marshal,Zucker,,,,,,
21/09/2021 12:35:55,Ankha,Marshal,Raymond,Whitney,Zucker,,,,,
21/09/2021 12:52:25,Agent S,Apollo,Bam,Big Top,Kid Cat,,,,,
21/09/2021 12:55:08,Tom,,,,,,,,,
21/09/2021 12:56:42,Tom,,,,,,,,,
21/09/2021 12:58:02,Tom,,,,,,,,,
21/09/2021 12:59:28,Tom,,,,,,,,,
21/09/2021 13:01:00,Tom,,,,,,,,,
21/09/2021 13:02:28,Tom,,,,,,,,,
21/09/2021 13:03:40,Tom,,,,,,,,,
21/09/2021 13:04:22,Tom,,,,,,,,,
21/09/2021 13:05:21,Tom,,,,,,,,,
21/09/2021 14:28:48,Admiral,Cube,Roald,,,,,,,
21/09/2021 14:54:06,Ankha,Camofrog,Diana,Lolly,Poppy,,,,,
21/09/2021 15:10:33,Beau,Molly,,,,,,,,
21/09/2021 15:47:32,Agnes,Midge,Octavian,Sherb,Zell,,,,,
21/09/2021 18:40:49,Ankha,Audie,Diana,,,,,,,
21/09/2021 18:45:52,Daisy,Melba,Rodney,Savannah,Stitches,,,,,
21/09/2021 19:05:33,Ankha,Coco,Lolly,Shep,Sherb,,,,,
21/09/2021 19:31:20,Coco,Judy,Ketchup,Maple,Molly,,,,,
21/09/2021 19:55:04,Bam,Diana,Marina,Tiffany,Zucker,,,,,
21/09/2021 19:55:41,Ankha,Fang,Fauna,Freya,Kyle,,,,,
21/09/2021 20:28:26,Cole,Dom,Hopkins,Marshal,Raymond,,,,,
21/09/2021 20:52:28,Chief,Margie,Tutu,,,,,,,
21/09/2021 21:59:52,Cyrano,Pango,Snooty,,,,,,,
21/09/2021 22:30:14,Derwin,Gaston,Sly,,,,,,,
21/09/2021 23:06:42,Coco,Fauna,Marshal,Raymond,Zucker,,,,,
21/09/2021 23:08:39,Coco,Dom,Flora,Lolly,Raymond,,,,,
21/09/2021 23:11:15,Bam,Chai,Étoile,Merengue,Murphy,,,,,
21/09/2021 23:33:20,Audie,Diana,Fauna,Lobo,Whitney,,,,,
22/09/2021 00:11:08,Ankha,Flo,Frobert,Knox,Stinky,,,,,
22/09/2021 00:25:07,Ava,Cherry,Dora,Étoile,Maple,,,,,
22/09/2021 00:49:11,Beau,Cherry,Cranston,Croque,Diana,,,,,
22/09/2021 00:53:00,Marina,Roscoe,Tia,Tipper,Zucker,,,,,
22/09/2021 00:55:53,Bob,Marina,Raymond,Zucker,,,,,,
22/09/2021 01:50:58,Ankha,Audie,Beau,Marshal,Raymond,,,,,
22/09/2021 01:58:20,Bob,Genji,Kiki,Kody,Margie,,,,,
22/09/2021 02:09:19,Lolly,Lucky,Marshal,Raymond,Sherb,,,,,
22/09/2021 02:18:13,Ankha,Apollo,Raymond,Sherb,Whitney,,,,,
22/09/2021 03:04:33,Audie,Bangle,Colton,Ketchup,Reneigh,,,,,
22/09/2021 03:13:28,Erik,Ketchup,Marshal,,,,,,,
22/09/2021 03:34:05,Apollo,Bob,Molly,Sherb,Zucker,,,,,
22/09/2021 03:37:47,Chow,,,,,,,,,
22/09/2021 04:04:56,June,Kyle,Marina,Marshal,Pierce,,,,,
22/09/2021 04:13:08,Ankha,Apollo,Celia,Charlise,Scoot,,,,,
22/09/2021 04:25:45,Audie,Dom,Freya,Judy,Marshal,,,,,
22/09/2021 04:44:03,Ankha,,,,,,,,,
22/09/2021 06:23:12,Chrissy,Julian,Rosie,Savannah,Sydney,,,,,
22/09/2021 07:00:43,Ketchup,Marshal,Reneigh,Stitches,,,,,,
22/09/2021 07:02:57,Ankha,June,Merry,Olivia,Zucker,,,,,
22/09/2021 07:13:53,Audie,Bam,Chief,Chrissy,Toby,,,,,
22/09/2021 08:47:09,Beau,Erik,Fauna,Melba,Olive,,,,,
22/09/2021 08:55:55,Beau,Lolly,Marshal,Raymond,Sherb,,,,,
22/09/2021 09:13:09,Cheri,Eunice,Marshal,Rosie,Sherb,,,,,
22/09/2021 09:41:04,Eunice,Goldie,Marshal,Merengue,Pekoe,,,,,
22/09/2021 10:26:30,Apple,Bertha,Chops,Hornsby,,,,,,
22/09/2021 10:38:09,Lucky,Marina,Marshal,Norma,Ruby,,,,,
22/09/2021 12:15:46,Bonbon,Coco,Cookie,Judy,Merengue,,,,,
22/09/2021 13:24:00,Cousteau,Egbert,Fauna,Lucky,Rosie,,,,,
22/09/2021 15:15:56,Felicity,Flora,Lolly,Marina,Merry,,,,,
22/09/2021 15:17:50,Apollo,Freckles,Joey,Scoot,Whitney,,,,,
22/09/2021 15:20:37,Ankha,Bob,Diana,Marina,Marshal,,,,,
22/09/2021 15:31:57,Ankha,Canberra,Olive,Pinky,Pudge,,,,,
22/09/2021 15:55:40,Agent S,Deirdre,Joey,Marshal,Roscoe,,,,,
22/09/2021 16:14:12,Agnes,Apple,Audie,Lolly,Marina,,,,,
22/09/2021 16:14:27,Audie,Diana,Lolly,Marshal,Raymond,,,,,
22/09/2021 16:14:39,Lolly,Merry,Poppy,Rosie,Sherb,,,,,
22/09/2021 16:27:18,Ankha,Audie,Biff,Deirdre,Drago,,,,,
22/09/2021 16:56:32,Eunice,Flip,Mac,Rolf,Twiggy,,,,,
22/09/2021 17:55:21,Carrie,Kevin,Mathilda,Walker,Walt,,,,,
22/09/2021 18:05:41,Ankha,Apollo,Goldie,Lolly,Lucky,,,,,
22/09/2021 18:20:48,Beau,Roald,Snake,,,,,,,
22/09/2021 19:55:21,Marcel,Raymond,Renée,Ruby,Sheldon,,,,,
22/09/2021 20:46:26,Chrissy,Daisy,Marshal,Raymond,Roald,,,,,
22/09/2021 21:35:07,Ankha,,,,,,,,,
22/09/2021 22:53:16,Biff,Hazel,Melba,Miranda,Stitches,,,,,
23/09/2021 00:53:33,Baabara,Kiki,Lucky,Stitches,Tiffany,,,,,
23/09/2021 00:54:06,Beau,Clay,Kyle,Lolly,Stitches,,,,,
23/09/2021 01:08:17,Diana,Elvis,Genji,Sprinkle,Tia,,,,,
23/09/2021 01:13:54,Admiral,Agent S,Agnes,,,,,,,
23/09/2021 01:24:07,Beau,Bob,Coco,Fauna,Stitches,,,,,
23/09/2021 01:26:12,Melba,Merengue,Pekoe,Penelope,Raymond,,,,,
23/09/2021 02:04:28,Cookie,Judy,Ketchup,Stitches,,,,,,
23/09/2021 02:15:02,Dom,Judy,Maple,Megan,Sherb,,,,,
23/09/2021 03:02:19,Erik,Marina,Marshal,Raymond,Stitches,,,,,
23/09/2021 03:45:58,Alice,Bella,Diana,Filbert,Punchy,,,,,
23/09/2021 04:05:28,Ankha,Apple,Bob,Ketchup,Merengue,,,,,
23/09/2021 04:47:24,Greta,Lionel,Maple,Margie,,,,,,
23/09/2021 05:14:46,Klaus,Lobo,Roscoe,Stitches,Zucker,,,,,
23/09/2021 05:25:27,Judy,Marina,Molly,Tangy,,,,,,
23/09/2021 06:02:46,Apollo,Beau,Fang,Sterling,Wolfgang,,,,,
23/09/2021 07:35:35,Aurora,Filbert,Ozzie,Scoot,Tangy,,,,,
23/09/2021 08:14:52,Dizzy,Gwen,Hans,Marshal,Shari,,,,,
23/09/2021 08:33:17,Erik,,,,,,,,,
23/09/2021 11:22:21,Ankha,Audie,Cube,Raymond,Sylvana,,,,,
23/09/2021 11:47:47,Boomer,Cobb,Fauna,Miranda,Mitzi,,,,,
23/09/2021 13:03:44,Bertha,Flora,Gayle,Octavian,Papi,,,,,
23/09/2021 13:45:46,Fauna,Rodney,Stitches,Zucker,,,,,,
23/09/2021 14:25:51,Melba,Merry,Raymond,Rodney,Sherb,,,,,
23/09/2021 15:13:33,Ankha,Biskit,Raymond,Rex,Rhonda,,,,,
23/09/2021 15:24:26,Apollo,Audie,Judy,Marshal,Raymond,,,,,
23/09/2021 17:02:17,Cally,Deena,Drake,Gonzo,Molly,,,,,
23/09/2021 17:58:21,Bob,Cherry,Lobo,Twiggy,Wade,,,,,
23/09/2021 18:05:54,Erik,Filbert,Marina,Punchy,Zucker,,,,,
23/09/2021 19:01:17,Dizzy,Flurry,Goldie,Lily,Rosie,,,,,
23/09/2021 19:31:56,Diva,Flo,Pancetti,Raymond,Roald,,,,,
23/09/2021 20:02:05,Daisy,Diana,Fuchsia,Judy,Whitney,,,,,
23/09/2021 21:03:10,Bob,Dom,Marshal,Raymond,Zucker,,,,,
23/09/2021 22:38:39,Rodeo,Rowan,Tipper,,,,,,,
23/09/2021 23:03:59,Cousteau,Leopold,Olaf,Punchy,Tabby,,,,,
23/09/2021 23:05:10,Boomer,Zucker,,,,,,,,
23/09/2021 23:53:04,Bob,Fauna,Lucky,Merry,Rosie,,,,,
23/09/2021 23:55:36,Freya,Lobo,Lucky,Victoria,,,,,,
23/09/2021 23:59:29,Ankha,Apollo,,,,,,,,
24/09/2021 00:30:24,Bob,Raymond,,,,,,,,
24/09/2021 02:00:21,Gala,Hornsby,Maddie,Reneigh,Shep,,,,,
24/09/2021 02:56:27,Marina,Merengue,Octavian,Peanut,Poncho,,,,,
24/09/2021 03:02:46,Marina,,,,,,,,,
24/09/2021 03:16:56,Ankha,Bam,Raymond,,,,,,,
24/09/2021 03:46:38,Beau,Marina,Molly,Norma,Victoria,,,,,
24/09/2021 04:01:42,Ankha,Bitty,Erik,Fauna,Mira,,,,,
24/09/2021 04:17:45,Marina,,,,,,,,,
24/09/2021 04:42:13,Étoile,Mitzi,Peanut,Pekoe,Zucker,,,,,
24/09/2021 09:38:42,Ankha,Bunnie,,,,,,,,
24/09/2021 10:50:26,Lucky,Merengue,Molly,,,,,,,
24/09/2021 11:36:40,Bill,Cole,Dom,Erik,Tiffany,,,,,
24/09/2021 12:04:07,Judy,Maple,Marshal,Pekoe,,,,,,
24/09/2021 14:53:20,Bob,Marina,Octavian,Raymond,Tangy,,,,,
24/09/2021 14:59:43,Ankha,Beau,Cookie,Ketchup,Phil,,,,,
24/09/2021 15:23:35,Lucky,Sherb,Stitches,,,,,,,
24/09/2021 15:36:48,Ankha,,,,,,,,,
24/09/2021 15:50:10,Ankha,Chai,Dizzy,Marina,Pietro,,,,,
24/09/2021 16:29:47,Frank,Gladys,Lolly,Marcel,T-Bone,,,,,
24/09/2021 16:40:56,Filbert,Hornsby,Teddy,,,,,,,
24/09/2021 17:00:05,Ankha,,,,,,,,,
24/09/2021 17:13:00,Raymond,,,,,,,,,
24/09/2021 18:10:50,Angus,Claudia,Cookie,Lily,Rex,,,,,
24/09/2021 18:35:12,Chevre,Cookie,Lolly,Marina,Zucker,,,,,
24/09/2021 18:44:10,Carrie,Kitt,Mathilda,Rooney,Static,,,,,
24/09/2021 18:44:27,Broccolo,Cousteau,Octavian,Sprinkle,Zucker,,,,,
24/09/2021 19:08:33,Audie,Bluebear,Diana,Judy,Raymond,,,,,
24/09/2021 19:23:28,Ankha,Cube,Lionel,Lobo,Nibbles,,,,,
24/09/2021 20:04:19,Marina,Marshal,Sherb,Stitches,Zucker,,,,,
24/09/2021 20:10:35,Clay,Coco,Samson,,,,,,,
24/09/2021 20:17:40,Caroline,Julian,Sherb,Tasha,,,,,,
24/09/2021 20:17:46,Katt,Lolly,Mitzi,Rosie,Tangy,,,,,
24/09/2021 21:11:01,Bree,Chadder,Charlise,Pudge,Tammy,,,,,
24/09/2021 21:14:37,Ankha,Coco,Octavian,Snooty,Stitches,,,,,
24/09/2021 21:28:07,Hamlet,Julian,Olive,Sherb,Tutu,,,,,
24/09/2021 22:06:48,Genji,Marshal,Merengue,Stella,Wade,,,,,
24/09/2021 22:30:13,Barold,Flora,Hamphrey,Ribbot,Roscoe,,,,,
24/09/2021 22:33:58,Biff,Julian,Lolly,Rosie,Sylvana,,,,,
24/09/2021 22:34:39,Flora,Kiki,Marshal,Merry,Punchy,,,,,
24/09/2021 22:38:17,Apollo,,,,,,,,,
24/09/2021 22:57:40,Butch,Ellie,Gayle,Maple,Tipper,,,,,
24/09/2021 22:58:52,Audie,Dom,Julian,Raymond,Tiffany,,,,,
24/09/2021 23:08:12,Bob,Diana,Mac,Raymond,Stitches,,,,,
24/09/2021 23:10:39,Alice,Bree,Coco,Maddie,Pietro,,,,,
24/09/2021 23:41:58,Audie,Drago,Ketchup,Pompom,Raymond,,,,,
25/09/2021 01:24:40,Ankha,Marshal,Raymond,Tangy,Zell,,,,,
25/09/2021 02:03:22,Ankha,Bones,Coco,Lucky,Stitches,,,,,
25/09/2021 02:43:46,Cookie,Fuchsia,Iggly,Klaus,Mint,,,,,
25/09/2021 03:01:39,Fauna,Pecan,Scoot,Zell,,,,,,
25/09/2021 03:32:27,Chops,Curly,Marina,Marshal,Tutu,,,,,
25/09/2021 03:35:44,Dom,Erik,Lionel,Lucky,Sprinkle,,,,,
25/09/2021 04:07:54,Apple,Dom,Lily,Marshal,Rosie,,,,,
25/09/2021 04:14:01,Judy,Ketchup,Lolly,Poppy,Whitney,,,,,
25/09/2021 04:26:18,Marshal,,,,,,,,,
25/09/2021 05:27:52,Wolfgang,,,,,,,,,
25/09/2021 06:50:24,Bob,Filbert,,,,,,,,
25/09/2021 07:55:46,Buzz,Teddy,Tutu,,,,,,,
25/09/2021 07:57:05,Lolly,Lucky,Merengue,Skye,Stitches,,,,,
25/09/2021 10:46:38,Pango,Peaches,Renée,Samson,Tutu,,,,,
25/09/2021 10:55:47,Lobo,Rocket,Shep,,,,,,,
25/09/2021 11:16:14,Ankha,,,,,,,,,
25/09/2021 11:27:57,Audie,Coach,Hazel,Lolly,Wendy,,,,,
25/09/2021 11:48:26,Chadder,Norma,Raymond,Sheldon,Stitches,,,,,
25/09/2021 12:35:26,Coco,Ketchup,Lolly,Punchy,Ruby,,,,,
25/09/2021 12:43:20,Audie,Hamphrey,Midge,Mira,Poncho,,,,,
25/09/2021 13:38:07,Coco,Lucky,Ruby,Sally,Shep,,,,,
25/09/2021 15:43:26,Ketchup,Lucky,Maple,Marshal,Raymond,,,,,
25/09/2021 16:36:37,Gonzo,Lionel,Lucky,Raymond,Tank,,,,,
25/09/2021 16:37:12,Dom,Hamlet,Hamphrey,Kyle,Roald,,,,,
25/09/2021 17:19:34,Chief,Kid Cat,Mitzi,Rudy,Toby,,,,,
25/09/2021 17:22:31,Audie,Felicity,Julian,Kid Cat,Mitzi,,,,,
25/09/2021 18:21:47,Ankha,Fuchsia,Punchy,Raymond,Stinky,,,,,
25/09/2021 18:22:30,Fang,Lucky,Octavian,Zucker,,,,,,
25/09/2021 19:04:14,Bob,Erik,Ketchup,Lolly,Zucker,,,,,
25/09/2021 19:38:23,Annalisa,Candi,Jitters,Sylvia,Zucker,,,,,
25/09/2021 20:07:48,Judy,Lolly,Marshal,Merengue,Stitches,,,,,
25/09/2021 20:22:55,Apple,Audie,Chester,Goldie,Zucker,,,,,
25/09/2021 20:51:13,Ketchup,Merengue,Pashmina,Static,Stitches,,,,,
25/09/2021 21:04:24,Ankha,,,,,,,,,
25/09/2021 21:27:50,Bones,Hazel,Joey,Pietro,,,,,,
25/09/2021 21:29:35,Tasha,,,,,,,,,
25/09/2021 21:39:20,Derwin,Étoile,Marina,,,,,,,
25/09/2021 21:48:51,Filbert,Hamlet,Judy,Pecan,Reneigh,,,,,
25/09/2021 22:09:23,Bob,Jeremiah,Marshal,Mint,Punchy,,,,,
25/09/2021 22:57:07,Bella,Boris,Grizzly,Puck,Pudge,,,,,
26/09/2021 00:18:37,Audie,Chai,Dom,Judy,Raymond,,,,,
26/09/2021 00:31:39,Lucky,Raymond,Roald,,,,,,,
26/09/2021 00:38:48,Raymond,,,,,,,,,
26/09/2021 00:47:48,Ankha,Lolly,Merry,Raymond,Tangy,,,,,
26/09/2021 01:01:19,Hamlet,Hugh,Ketchup,Lily,Marshal,,,,,
26/09/2021 01:05:51,Alfonso,Apollo,Julian,Margie,Raymond,,,,,
26/09/2021 01:33:38,Curt,Cyd,Nate,Peck,Wolfgang,,,,,
26/09/2021 02:38:43,Dizzy,Lucky,Molly,Poppy,Tia,,,,,
26/09/2021 04:09:30,Bluebear,Genji,Paolo,Pekoe,Teddy,,,,,
26/09/2021 04:15:52,Bluebear,Erik,Mint,Raymond,Sydney,,,,,
26/09/2021 04:30:59,Apple,Cookie,Ketchup,Roald,Skye,,,,,
26/09/2021 05:39:12,Buzz,Gladys,Rudy,Sherb,Vivian,,,,,
26/09/2021 06:39:16,Alfonso,Aurora,Broccolo,Kidd,Peck,,,,,
26/09/2021 06:39:46,Apple,Eugene,Frita,Mitzi,Stella,,,,,
26/09/2021 07:17:26,Apollo,Aurora,Goldie,Vivian,Zucker,,,,,
26/09/2021 07:23:23,Eugene,Jacques,Kid Cat,Lucky,Tia,,,,,
26/09/2021 08:34:41,Bea,Merengue,Pashmina,Raymond,T-Bone,,,,,
26/09/2021 09:15:49,Antonio,Aurora,Cookie,Maple,Walker,,,,,
26/09/2021 09:32:40,Candi,Dobie,Kiki,Punchy,Raymond,,,,,
26/09/2021 09:57:06,Ankha,Filbert,Marshal,,,,,,,
26/09/2021 13:05:08,Bob,Raymond,Reneigh,Rosie,Zucker,,,,,
26/09/2021 13:21:22,Blaire,Butch,Dotty,Kyle,Molly,,,,,
26/09/2021 13:40:51,Étoile,Marshal,Molly,O'Hare,Ozzie,,,,,
26/09/2021 14:03:29,Ankha,Judy,Lolly,Raymond,Zucker,,,,,
26/09/2021 14:14:05,Apple,Audie,Bea,Cheri,Goldie,,,,,
26/09/2021 14:38:13,Ankha,,,,,,,,,
26/09/2021 14:39:20,Fauna,Lucky,Ruby,Spork,Toby,,,,,
26/09/2021 14:48:58,Ankha,Beau,Erik,Lopez,Wolfgang,,,,,
26/09/2021 14:57:56,Alfonso,Goldie,Lily,Tabby,,,,,,
26/09/2021 16:40:40,Apple,Blaire,Pietro,Ribbot,Snake,,,,,
26/09/2021 18:11:33,Blaire,Lyman,Marshal,Poppy,Static,,,,,
26/09/2021 18:20:36,Chrissy,Coco,Marshal,,,,,,,
26/09/2021 18:23:23,Curlos,Lucky,Marshal,Moose,Phoebe,,,,,
26/09/2021 18:30:20,Étoile,Judy,Lily,Lolly,Tangy,,,,,
26/09/2021 18:53:48,Ankha,Bob,Francine,Sherb,Zucker,,,,,
26/09/2021 19:27:34,Ankha,Fang,Kabuki,Stitches,Tiffany,,,,,
26/09/2021 20:05:23,Cheri,Diana,Eloise,Eugene,Maple,,,,,
26/09/2021 20:36:57,Erik,Fauna,Kiki,Molly,,,,,,
26/09/2021 20:50:23,Bob,Drift,Marshal,Moe,Prince,,,,,
26/09/2021 21:28:49,Cyd,Julian,Marina,Poppy,Zucker,,,,,
26/09/2021 21:29:53,Ankha,June,Sherb,Weber,Whitney,,,,,
26/09/2021 21:56:03,Biskit,Flora,Tad,,,,,,,
26/09/2021 22:03:32,Ankha,Raymond,Stitches,,,,,,,
26/09/2021 22:34:22,Ellie,Fauna,Flora,Katt,Sherb,,,,,
26/09/2021 23:15:13,Lily,Lyman,Ruby,Stitches,Zucker,,,,,
26/09/2021 23:20:30,Cranston,Lolly,Lucky,Marshal,Tangy,,,,,
26/09/2021 23:45:38,Frobert,Gladys,Harry,Pashmina,Sprocket,,,,,
27/09/2021 00:00:49,Cherry,Erik,Katt,Phoebe,Zucker,,,,,
27/09/2021 00:22:28,Dom,Lolly,Marshal,Poppy,,,,,,
27/09/2021 00:22:59,Maddie,Merengue,Opal,Peanut,Rosie,,,,,
27/09/2021 00:47:51,Diana,Lucky,Pekoe,Punchy,Whitney,,,,,
27/09/2021 01:26:56,Apple,Blaire,Flurry,Ketchup,Stitches,,,,,
27/09/2021 01:37:39,Bob,Bones,Goldie,Kid Cat,Lucky,,,,,
27/09/2021 01:55:14,Ankha,Audie,Goldie,Marina,Stitches,,,,,
27/09/2021 02:42:07,Ankha,Fang,Fauna,Portia,Raymond,,,,,
27/09/2021 04:19:26,Bob,Dom,Felicity,Filbert,Merry,,,,,
27/09/2021 04:33:48,Beau,Freckles,Maple,Molly,Olive,,,,,
27/09/2021 05:06:07,Bob,Eugene,Lily,Stella,Wolfgang,,,,,
27/09/2021 05:48:19,Bluebear,Cherry,Fuchsia,Leonardo,Muffy,,,,,
27/09/2021 06:01:07,Fang,Maple,,,,,,,,
27/09/2021 06:03:44,Audie,Kyle,,,,,,,,
27/09/2021 07:42:23,Merry,Midge,Purrl,,,,,,,
27/09/2021 09:16:23,Ankha,Kiki,Lolly,Rosie,Tangy,,,,,
27/09/2021 09:16:40,Antonio,Bam,Lucky,Rosie,Zucker,,,,,
27/09/2021 09:35:49,Maple,,,,,,,,,
27/09/2021 10:23:37,Diana,Fauna,Marshal,Tutu,Zucker,,,,,
27/09/2021 12:57:32,Bunnie,Pippy,Static,Tabby,Tasha,,,,,
27/09/2021 12:58:03,Chevre,Molly,Roald,Sherb,Whitney,,,,,
27/09/2021 14:04:16,Ankha,Dobie,Fauna,Kiki,Zucker,,,,,
27/09/2021 14:23:53,Ankha,Audie,Diana,Fauna,Raymond,,,,,
27/09/2021 15:01:10,Diana,Goose,Lolly,Marshal,Phoebe,,,,,
27/09/2021 16:06:47,Anabelle,Chester,Diva,Eloise,Wade,,,,,
27/09/2021 16:50:13,Chief,Elmer,Fang,Lolly,Raymond,,,,,
27/09/2021 17:03:29,Flurry,Freckles,Lily,Tangy,Tipper,,,,,
27/09/2021 17:06:56,Antonio,Daisy,Henry,Tia,Vesta,,,,,
27/09/2021 17:43:16,Flo,Iggly,Lionel,Muffy,Queenie,,,,,
27/09/2021 18:51:28,Audie,Diana,Goldie,Jambette,Lily,,,,,
27/09/2021 20:07:31,Ankha,Samson,,,,,,,,
27/09/2021 21:27:32,Audie,Bangle,Tasha,,,,,,,
27/09/2021 22:29:32,Lucky,Marshal,Merengue,Raymond,Wade,,,,,
27/09/2021 22:33:58,Audie,Dobie,Vivian,Whitney,,,,,,
27/09/2021 22:49:29,Coco,Fang,Flora,Gayle,Teddy,,,,,
27/09/2021 23:25:42,Maple,Marshal,Molly,Raymond,Sherb,,,,,
27/09/2021 23:30:21,Ankha,,,,,,,,,
27/09/2021 23:31:42,Bluebear,Carmen,Felicity,Jay,Julian,,,,,
27/09/2021 23:34:21,Ankha,Bob,Diana,Olivia,Zucker,,,,,
28/09/2021 00:06:45,Ankha,Benjamin,Kyle,Stinky,Whitney,,,,,
28/09/2021 00:26:03,Ankha,Lucha,Sherb,Sprinkle,Tia,,,,,
28/09/2021 00:33:55,Filbert,Maple,Miranda,Peanut,Static,,,,,
28/09/2021 00:42:25,Ankha,Bam,Hazel,Rosie,Sydney,,,,,
28/09/2021 01:19:18,Claudia,Cookie,Judy,Julian,Pashmina,,,,,
28/09/2021 01:25:31,Beau,Hopkins,Maple,Sherb,Zucker,,,,,
28/09/2021 01:50:35,Jitters,Julia,Rosie,,,,,,,
28/09/2021 02:06:05,Bangle,Peanut,Puddles,Rodeo,Tangy,,,,,
28/09/2021 03:16:04,Ankha,Dotty,Lily,Marshal,Molly,,,,,
28/09/2021 03:24:16,Dizzy,,,,,,,,,
28/09/2021 04:35:47,Billy,Cookie,Midge,Sherb,Wendy,,,,,
28/09/2021 05:06:51,Lucky,Punchy,Raymond,Stitches,Tia,,,,,
28/09/2021 08:40:12,Apollo,Chai,Judy,Marina,Toby,,,,,
28/09/2021 11:54:13,Beau,Marshal,O'Hare,Raymond,Stitches,,,,,
28/09/2021 12:15:18,Bianca,Bonbon,Chai,Gala,Marshal,,,,,
28/09/2021 12:38:12,Cookie,Ellie,Flora,Roald,,,,,,
28/09/2021 13:35:45,Audie,Beau,Marina,Whitney,Zucker,,,,,
28/09/2021 13:42:11,Aurora,Beau,Marty,Pekoe,Pinky,,,,,
28/09/2021 16:21:21,Ankha,Bob,Fauna,Lolly,Raymond,,,,,
28/09/2021 16:34:32,Bob,Genji,Octavian,Pekoe,Snake,,,,,
28/09/2021 16:39:24,Alice,Erik,Fauna,Lolly,Maple,,,,,
28/09/2021 16:48:06,Beau,Lily,Lolly,Marshal,Merengue,,,,,
28/09/2021 17:19:38,Ankha,,,,,,,,,
28/09/2021 18:21:52,Ankha,Cherry,Marina,Octavian,Zucker,,,,,
28/09/2021 19:35:34,Walker,,,,,,,,,
28/09/2021 20:27:56,Biff,Pierce,Puck,,,,,,,
28/09/2021 21:16:36,Bella,Kid Cat,Marshal,Scoot,Snake,,,,,
28/09/2021 21:17:43,Daisy,Maple,Poppy,,,,,,,
28/09/2021 21:18:27,Leonardo,Marshal,Raymond,Sylvia,Toby,,,,,
28/09/2021 21:40:05,Ankha,Bam,Bob,Erik,Étoile,,,,,
28/09/2021 22:12:54,Broccolo,Cobb,Hugh,Marty,Quillson,,,,,
28/09/2021 22:32:37,Flurry,Lolly,Marina,Marshal,Sherb,,,,,
28/09/2021 22:43:24,Broccolo,Cobb,Hugh,Marty,Quillson,,,,,
28/09/2021 23:37:48,Ankha,Bud,Fuchsia,Julian,Wart Jr.,,,,,
29/09/2021 00:03:50,Derwin,Ketchup,Molly,Roald,,,,,,
29/09/2021 00:17:59,Fauna,Lopez,Marina,Octavian,Zucker,,,,,
29/09/2021 01:46:28,Curlos,Mott,Pierce,Puck,,,,,,
29/09/2021 02:20:18,Agnes,Ankha,Celia,Hamlet,Phoebe,,,,,
29/09/2021 02:22:38,Chai,Judy,Maple,Marshal,Zucker,,,,,
29/09/2021 02:44:03,Ankha,Beau,Fauna,Marina,Zucker,,,,,
29/09/2021 03:08:05,Cherry,Fauna,Genji,Snake,Zucker,,,,,
29/09/2021 03:27:04,Chevre,Fauna,Maple,Molly,,,,,,
29/09/2021 04:07:28,Bree,Lopez,Louie,Piper,Sylvana,,,,,
29/09/2021 04:39:05,Apple,Audie,Coco,Fauna,Flora,,,,,
29/09/2021 04:50:42,Felicity,Gayle,Melba,Tia,Violet,,,,,
29/09/2021 05:27:50,Filbert,,,,,,,,,
29/09/2021 05:55:55,Ankha,Bob,Dom,Judy,Pietro,,,,,
29/09/2021 05:57:01,Audie,Daisy,Judy,Sherb,Vivian,,,,,
29/09/2021 06:21:26,Deirdre,Erik,Fang,Judy,Marshal,,,,,
29/09/2021 07:32:19,Mac,Sherb,,,,,,,,
29/09/2021 10:29:11,Ankha,Nana,Puddles,,,,,,,
29/09/2021 11:35:10,Winnie,Wolfgang,Yuka,Zell,Zucker,,,,,
29/09/2021 12:26:21,Bubbles,Flurry,Gaston,Marshal,Wolfgang,,,,,
29/09/2021 12:58:21,Broccolo,Cobb,Hugh,Marty,Quillson,,,,,
29/09/2021 13:18:32,Étoile,Fauna,Merengue,Stitches,,,,,,
29/09/2021 13:35:30,Cranston,Julia,Julian,Lily,Pudge,,,,,
29/09/2021 14:20:46,Fauna,Lily,Marina,Robin,Zucker,,,,,
29/09/2021 14:54:39,Diana,Fauna,June,Maple,Rosie,,,,,
29/09/2021 14:55:48,Chrissy,Cookie,Francine,Judy,Marina,,,,,
29/09/2021 15:00:26,Daisy,Judy,Lyman,Poppy,Portia,,,,,
29/09/2021 15:09:33,Ankha,Kiki,Raymond,,,,,,,
29/09/2021 15:11:56,Deirdre,Olivia,Pecan,Rudy,,,,,,
29/09/2021 15:12:18,Beau,Roald,Sherb,Stitches,Wolfgang,,,,,
29/09/2021 15:18:07,Mint,Poppy,Rosie,Sally,Sylvana,,,,,
29/09/2021 15:51:34,Agnes,Bones,Kyle,Lolly,Walt,,,,,
29/09/2021 16:01:56,Chops,Joey,Octavian,Pietro,Truffles,,,,,
29/09/2021 17:45:40,Butch,Fang,Gladys,Katt,Stu,,,,,
29/09/2021 18:20:09,Cookie,Fauna,Goldie,Kid Cat,Olive,,,,,
29/09/2021 18:25:14,Aurora,Friga,Lionel,Moe,Poppy,,,,,
29/09/2021 19:01:05,Al,Ankha,Leonardo,Leopold,Merry,,,,,
29/09/2021 19:02:51,Agnes,Al,Alfonso,Ankha,Fauna,,,,,
29/09/2021 19:15:31,Audie,Clyde,Ellie,,,,,,,
29/09/2021 19:54:44,Agent S,Antonio,Canberra,Coco,Rodeo,,,,,
29/09/2021 20:23:24,Beau,Raymond,Shari,Skye,Teddy,,,,,
29/09/2021 20:48:31,Apollo,Cookie,Reneigh,Savannah,Skye,,,,,
29/09/2021 21:09:46,Ankha,Leopold,Mitzi,Moose,Papi,,,,,
29/09/2021 21:11:03,Ankha,Papi,Peck,,,,,,,
29/09/2021 21:11:49,Ankha,Erik,Punchy,Reneigh,Wolfgang,,,,,
29/09/2021 21:15:43,Ankha,Mitzi,Poppy,,,,,,,
29/09/2021 21:19:50,Ankha,Cookie,Fang,Raymond,Sherb,,,,,
29/09/2021 21:20:30,Biff,Celia,Chow,Hippeux,Renée,,,,,
29/09/2021 21:22:18,Apple,Raymond,Rosie,,,,,,,
29/09/2021 21:23:46,Ankha,Baabara,Gala,Gayle,Lobo,,,,,
29/09/2021 21:25:49,Ankha,Gonzo,Lopez,Rolf,,,,,,
29/09/2021 21:26:01,Ankha,Chow,Cleo,Fang,Static,,,,,
29/09/2021 21:27:47,Ankha,Erik,Punchy,Reneigh,Wolfgang,,,,,
29/09/2021 21:27:55,Ankha,Purrl,Rooney,Snake,Walt,,,,,
29/09/2021 21:29:26,Ankha,Chow,,,,,,,,
29/09/2021 21:31:16,Ankha,Biff,Chow,Hippeux,Renée,,,,,
29/09/2021 21:35:04,Ankha,Vivian,Willow,,,,,,,
29/09/2021 21:52:05,Ankha,Beau,O'Hare,Sherb,,,,,,
29/09/2021 22:01:04,Ankha,Chevre,Cookie,Puddles,Raymond,,,,,
29/09/2021 22:05:18,Ankha,Maple,Raymond,Simon,Zucker,,,,,
29/09/2021 22:15:05,Ankha,Dom,Raymond,Roald,Wart Jr.,,,,,
29/09/2021 22:31:40,Ankha,Judy,Kidd,Sherb,Wendy,,,,,
29/09/2021 22:48:35,Ankha,Chops,Chow,Deirdre,Pietro,,,,,
29/09/2021 23:03:07,Benjamin,Jeremiah,Quillson,Roald,Static,,,,,
29/09/2021 23:13:16,Ankha,Rosie,Ruby,,,,,,,
29/09/2021 23:35:17,Audie,Diana,Raymond,Stitches,Tybalt,,,,,
29/09/2021 23:38:18,Coco,Cube,,,,,,,,
29/09/2021 23:42:11,Bea,Marshal,Peanut,Rosie,Whitney,,,,,