Timestamp,Choose up to 5 villagers,,,,,,Villagers,Tally,,Comment
01/04/2022 23:59:02,Annalise,Bettina,Carmen,Kody,Rudy,,Raymond,217,,"If a villager has the same votes, they're ranked based on their order in adjunction to eachother from the previous month. For example, alfonso and eugene have the same votes, alfonso was higher than eugene last month so he's ranked above eugene. You can cross reference this by checking their message on how far they've moved since last month."
02/04/2022 00:18:04,Bob,Deirdre,Flora,Judy,Sherb,,Marshal,198,,
02/04/2022 00:31:32,Audie,Erik,Raymond,Shino,,,Shino,180,,
02/04/2022 00:38:11,Audie,Olivia,Pashmina,Raymond,Zucker,,Sherb,159,,
02/04/2022 00:47:01,Fauna,Ketchup,Molly,Sherb,Shino,,Sasha,155,,
02/04/2022 00:51:02,Blaire,Broccolo,Flo,Maelle,Miranda,,Ankha,146,,
02/04/2022 02:05:26,Ankha,Bam,Big Top,Cephalobot,Shari,,Zucker,138,,
02/04/2022 02:53:48,Étoile,Judy,Julian,Marina,Merengue,,Judy,126,,
02/04/2022 03:30:47,Audie,Raymond,Roald,Wolfgang,Zell,,Ione,113,,
02/04/2022 03:44:57,Erik,Fauna,Ione,Marshal,Raymond,,Stitches,108,,
02/04/2022 04:00:29,Katt,Lolly,Marshal,Shino,Tangy,,Merengue,97,,
02/04/2022 04:07:59,Diana,Hamlet,Tangy,,,,Audie,93,,
02/04/2022 04:15:50,Dobie,Kid Cat,Murphy,Raymond,Zucker,,Marina,91,,
02/04/2022 04:23:39,Audie,Dobie,Merengue,Sherb,Stitches,,Fauna,89,,
02/04/2022 04:30:48,Audie,Lily,Lolly,Paolo,Stitches,,Molly,84,,
02/04/2022 05:08:04,Ankha,Bob,Judy,Marshal,Raymond,,Beau,83,,
02/04/2022 05:23:13,Chevre,Cranston,Elvis,Eunice,Iggly,,Coco,83,,
02/04/2022 05:40:28,Curt,Grizzly,Groucho,Ike,Olive,,Maple,79,,
02/04/2022 06:04:35,Bella,Chrissy,Francine,Vivian,Willow,,Lolly,74,,
02/04/2022 06:21:18,Cole,Fang,Ione,Marshal,Reneigh,,Bob,74,,
02/04/2022 07:29:52,Audie,Cephalobot,Dizzy,Frita,Roald,,Diana,62,,
02/04/2022 07:44:57,Bluebear,Cephalobot,Flip,Frita,Shino,,Julian,61,,
02/04/2022 07:54:46,Ankha,Judy,Marshal,Pinky,Raymond,,Lucky,59,,
02/04/2022 08:56:11,Gaston,Hopper,Huck,Rasher,Stinky,,Dom,57,,
02/04/2022 09:12:12,Chrissy,Francine,Kid Cat,,,,Cherry,53,,
02/04/2022 09:34:20,Judy,Julian,Ketchup,Merry,Zucker,,Roald,52,,
02/04/2022 09:41:12,Al,Drift,Lucky,Muffy,Phil,,Cephalobot,51,,
02/04/2022 11:18:53,Beau,Biskit,Coco,Marshal,Raymond,,Erik,50,,
02/04/2022 11:30:55,Diva,Kiki,Marina,Pietro,Zucker,,Apollo,48,,
02/04/2022 12:57:18,Genji,Portia,Shep,,,,Apple,48,,
02/04/2022 13:37:41,Bill,Robin,Scoot,Stella,Willow,,Whitney,47,,
02/04/2022 14:25:22,Iggly,Joey,Marcie,Stitches,Zucker,,Ketchup,46,,
02/04/2022 14:28:07,Cookie,Pietro,,,,,Tangy,45,,
02/04/2022 14:52:33,Bam,Freckles,Gayle,Katt,Vesta,,Lily,44,,
02/04/2022 15:02:14,Ione,Judy,Lucky,Molly,,,Pietro,43,,
02/04/2022 15:05:39,Bree,Eugene,Frobert,Kabuki,Whitney,,Poppy,42,,
02/04/2022 15:12:57,Anchovy,Kyle,Mac,Raymond,Stitches,,Bluebear,40,,
02/04/2022 15:24:35,Ketchup,Marshal,Raymond,Sasha,Stitches,,Rosie,39,,
02/04/2022 15:51:55,Celia,Kyle,Rex,Shari,Zucker,,Melba,39,,
02/04/2022 16:41:38,Boots,Cherry,Raymond,Rex,Sherb,,Flora,39,,
02/04/2022 16:43:45,Ankha,Big Top,Bob,Dora,Rosie,,Flurry,39,,
02/04/2022 16:56:33,Deli,Gladys,Muffy,Petri,Ruby,,Kiki,38,,
02/04/2022 16:58:40,Al,Bangle,Fauna,Roald,Vivian,,Wolfgang,38,,
02/04/2022 17:05:21,Beau,Coco,Ione,Poppy,Sherb,,Filbert,38,,
02/04/2022 17:54:22,Lolly,Molly,Sasha,Sherb,Tia,,Bam,37,,
02/04/2022 18:15:58,Hamlet,Sasha,Shino,Tangy,Zucker,,Punchy,34,,
02/04/2022 18:22:27,Judy,Skye,Winnie,,,,Fang,33,,
02/04/2022 18:45:53,Judy,Sprinkle,,,,,Tia,33,,
02/04/2022 18:56:28,Celia,Cyd,Phoebe,Tiansheng,Yuka,,Skye,33,,
02/04/2022 19:02:28,Bob,Hopper,,,,,Merry,32,,
02/04/2022 19:38:37,Judy,Maple,Sasha,Sherb,Stitches,,Reneigh,32,,
02/04/2022 19:52:19,Marina,Nana,Reneigh,Tiansheng,Wolfgang,,Goldie,31,,
02/04/2022 19:55:37,Lolly,Marina,Poppy,Sasha,Sherb,,Kabuki,31,,
02/04/2022 20:02:46,Beau,Raymond,Ruby,Sasha,,,Octavian,30,,
02/04/2022 20:48:15,Faith,Gala,Melba,Petri,Roald,,Genji,30,,
02/04/2022 20:48:55,Audie,Bluebear,,,,,Cookie,30,,
02/04/2022 21:24:36,Cherry,Octavian,Raymond,Static,Tangy,,Kid Cat,29,,
02/04/2022 21:36:52,Chadder,Flora,Flurry,Ken,Sprocket,,Pekoe,29,,
02/04/2022 22:36:22,Dobie,Gonzo,Poppy,Spork,Stu,,Phoebe,29,,
02/04/2022 22:40:28,Judy,Purrl,Sasha,Sherb,Shino,,Dobie,28,,
02/04/2022 22:51:02,Filbert,Raymond,Roald,Static,,,Katt,28,,
02/04/2022 22:52:31,Beau,Bunnie,Faith,Mint,Zucker,,Clay,26,,
02/04/2022 23:07:50,Cherry,Lopez,Maple,,,,Muffy,25,,
02/04/2022 23:17:21,Bob,Kid Cat,Marshal,Rudy,Static,,Petri,25,,
02/04/2022 23:18:22,Ankha,Raymond,Stitches,Wolfgang,Zucker,,Zell,24,,
02/04/2022 23:22:31,Caroline,Filbert,Kid Cat,Marina,Marshal,,Tom,24,,
02/04/2022 23:46:38,Ione,Judy,Lucky,Marlo,Raymond,,Kyle,24,,
02/04/2022 23:52:17,Gayle,Iggly,Kiki,Merengue,Rodeo,,Étoile,23,,
03/04/2022 00:02:55,Ankha,Faith,Lucky,Marshal,Tiansheng,,Agnes,22,,
03/04/2022 00:04:43,Marshal,Pekoe,Raymond,Sasha,Tabby,,Hornsby,22,,
03/04/2022 00:25:31,Agnes,Hazel,Rodeo,Ruby,Vivian,,Deirdre,22,,
03/04/2022 00:33:45,Bob,Felicity,Ione,Lolly,Rosie,,Bunnie,22,,
03/04/2022 00:38:04,Bea,Bob,Diana,Erik,Gabi,,Static,21,,
03/04/2022 00:46:44,Blanche,Flora,Ione,Shep,Sherb,,Sprinkle,19,,
03/04/2022 01:16:35,Audie,Diva,Marina,Pierce,,,Pashmina,19,,
03/04/2022 01:22:04,Ione,Marlo,Pekoe,Sasha,Soleil,,Chevre,19,,
03/04/2022 01:25:06,Bunnie,Reneigh,Shino,Sydney,Whitney,,Daisy,19,,
03/04/2022 01:42:01,Poppy,Raymond,Shino,Sprinkle,Whitney,,Bones,19,,
03/04/2022 02:43:23,Biskit,Bluebear,Marshal,Merry,Zucker,,Hamlet,19,,
03/04/2022 03:03:52,Bam,Hazel,Molly,Sprinkle,Zoe,,Aurora,18,,
03/04/2022 03:09:06,Ankha,Beau,Lolly,Roald,Stitches,,Gayle,18,,
03/04/2022 03:50:09,Lopez,Sydney,Wendy,,,,Drago,18,,
03/04/2022 04:18:10,Curt,Marshal,Paolo,Teddy,Zell,,Lopez,18,,
03/04/2022 04:57:02,Coco,Marina,Mitzi,Moe,Raymond,,Shep,18,,
03/04/2022 05:29:11,Ankha,Cephalobot,Ione,Merengue,Stitches,,Hazel,18,,
03/04/2022 06:06:45,Kiki,Olive,Sherb,Shino,Stitches,,Mitzi,18,,
03/04/2022 06:30:12,Erik,Lily,Maple,Melba,Sherb,,Olivia,17,,
03/04/2022 07:01:33,Boomer,Octavian,Punchy,Sprocket,Tia,,Jeremiah,17,,
03/04/2022 07:46:30,Deli,Phoebe,Roald,,,,Bianca,17,,
03/04/2022 08:00:00,Apollo,Boomer,Boone,Coco,Kyle,,Tiansheng,17,,
03/04/2022 08:12:32,Agnes,Bianca,Cousteau,Hornsby,Norma,,Cranston,17,,
03/04/2022 08:30:41,Ankha,Chevre,Whitney,,,,Teddy,16,,
03/04/2022 08:35:19,Broffina,Dom,Mathilda,Sherb,Zucker,,Henry,16,,
03/04/2022 09:14:08,Apollo,Fang,Fauna,Sherb,Stitches,,Chrissy,16,,
03/04/2022 09:29:01,Ankha,Audie,Bea,Ione,Whitney,,Ruby,16,,
03/04/2022 09:43:25,Gonzo,Lionel,Raymond,Sasha,Tank,,Faith,16,,
03/04/2022 10:05:34,Agent S,Ione,Maelle,,,,Blanche,16,,
03/04/2022 10:24:51,Lily,Lolly,Marshal,Molly,Whitney,,Marlo,15,,
03/04/2022 10:31:52,Cherry,Fang,Ione,Sasha,Sherb,,Peanut,15,,
03/04/2022 10:44:24,Beau,Diana,Marina,Marshal,Stitches,,Chief,15,,
03/04/2022 11:05:30,Bill,Hamlet,Kiki,Punchy,Wolfgang,,Rex,15,,
03/04/2022 11:06:40,Ankha,Goldie,Marshal,Merengue,Poppy,,Puddles,14,,
03/04/2022 11:14:52,Cherry,Dom,Melba,Static,Tia,,Fuchsia,14,,
03/04/2022 12:22:13,Boomer,Cephalobot,Cherry,Filbert,Zoe,,Roscoe,14,,
03/04/2022 12:42:15,Cherry,Ione,Sasha,Shino,Tia,,Bea,14,,
03/04/2022 13:33:20,Billy,Dizzy,Dobie,Gruff,Pietro,,Dizzy,14,,
03/04/2022 13:42:07,Dom,Raymond,Roald,,,,Willow,14,,
03/04/2022 13:52:22,Audie,Fauna,Marina,Marshal,Sherb,,Mira,14,,
03/04/2022 13:58:56,Ankha,Ione,Tasha,,,,Biskit,13,,
03/04/2022 14:20:46,Beau,Genji,Marina,Octavian,Zucker,,Rudy,13,,
03/04/2022 14:36:46,Annalise,Maelle,Mitzi,Peaches,Tucker,,Chai,13,,
03/04/2022 14:39:48,Audie,Daisy,Flora,Katt,Zell,,Freya,13,,
03/04/2022 15:02:10,Marshal,Raymond,Sherb,Shino,Zucker,,Cube,13,,
03/04/2022 15:11:29,Raymond,Sasha,Shino,,,,Ozzie,13,,
03/04/2022 15:26:56,Chevre,Filbert,Limberg,Stella,Tutu,,Celia,13,,
03/04/2022 15:39:13,Astrid,Colton,Ketchup,Mac,Maple,,Vesta,13,,
03/04/2022 15:44:55,Claude,Gonzo,Olive,Pate,Weber,,Flip,13,,
03/04/2022 16:19:13,Frita,Puddles,Rex,Teddy,,,Scoot,12,,
03/04/2022 16:20:40,Bella,Keaton,Marcel,Rodeo,Sasha,,Tasha,12,,
03/04/2022 16:22:57,Erik,Flurry,Marshal,Pompom,Sasha,,Grizzly,12,,
03/04/2022 17:18:36,Lily,Maple,Peanut,Puddles,Rod,,Norma,12,,
03/04/2022 17:31:29,Judy,Petri,Raymond,Shino,,,Diva,12,,
03/04/2022 17:35:13,Lopez,Shino,Skye,Vivian,Wolfgang,,Vivian,12,,
03/04/2022 17:36:15,Cranston,Merengue,Phoebe,Pompom,Raymond,,Sylvana,11,,
03/04/2022 17:37:43,Agent S,Beau,Jeremiah,Molly,Phoebe,,Nan,11,,
03/04/2022 18:28:59,Beardo,Bones,Drago,Octavian,Pate,,Alice,11,,
03/04/2022 18:41:58,Apollo,Marina,Raymond,Zucker,,,Joey,11,,
03/04/2022 18:51:55,Beau,Bianca,Chadder,Flurry,Lily,,Wade,11,,
03/04/2022 19:19:19,Boone,Cherry,Nana,Quinn,Sasha,,Piper,11,,
03/04/2022 19:20:03,Audie,Diana,Melba,Pietro,Raymond,,Bill,11,,
03/04/2022 19:30:44,Audie,Cephalobot,Flora,Raymond,Shino,,Mac,11,,
03/04/2022 19:45:53,Coco,Judy,Sasha,Sherb,Zucker,,Raddle,11,,
03/04/2022 20:18:18,Ankha,Cherry,Joey,Molly,Rosie,,Mint,11,,
03/04/2022 20:25:42,Bob,Felicity,Judy,Raymond,,,Bella,11,,
03/04/2022 20:29:03,Drago,Katt,Roswell,Spike,Tabby,,Simon,11,,
03/04/2022 20:37:28,Gloria,Molly,Raymond,Tammi,Tasha,,Marty,10,,
03/04/2022 20:38:14,Chief,Fang,Kyle,Lobo,Wolfgang,,Cheri,10,,
03/04/2022 20:45:22,Rudy,,,,,,Julia,10,,
03/04/2022 20:48:14,Mira,Olivia,Petri,Piper,,,Maddie,10,,
03/04/2022 20:52:16,Bob,Jacques,Ketchup,Marina,Mira,,Purrl,10,,
03/04/2022 20:58:47,Audie,Bam,Canberra,Dobie,Raymond,,Carmen,10,,
03/04/2022 21:16:55,Beau,O'Hare,Sasha,Shino,,,Agent S,10,,
03/04/2022 21:21:11,Apollo,Erik,Ione,Raymond,Shino,,Blaire,10,,
03/04/2022 21:25:16,Biskit,Bob,Erik,Rex,Stitches,,Murphy,10,,
03/04/2022 21:39:35,Cherry,Fauna,Goldie,Rosie,Shino,,Roswell,10,,
03/04/2022 21:46:34,Amelia,Azalea,Dom,Drago,Savannah,,Dotty,10,,
03/04/2022 21:56:09,Raymond,Rosie,Ruby,,,,Nate,10,,
03/04/2022 22:03:29,Deirdre,Genji,Marina,Static,Tangy,,Ellie,9,,
03/04/2022 22:12:44,Deena,Julian,Zucker,,,,Lobo,9,,
03/04/2022 22:38:46,Audie,Kid Cat,Quinn,Sasha,Whitney,,Megan,9,,
03/04/2022 22:43:59,Bluebear,Daisy,Judy,Maple,,,Stella,9,,
03/04/2022 22:45:06,Apollo,Lucky,Moe,Quinn,Sherb,,Tammy,9,,
03/04/2022 23:10:44,Curlos,Norma,Rocket,Tammy,Truffles,,Francine,9,,
03/04/2022 23:18:07,Agent S,Cherry,Marshal,Raymond,Stitches,,Flo,9,,
03/04/2022 23:21:46,Lolly,Marshal,Raymond,Tasha,Wolfgang,,Margie,9,,
03/04/2022 23:40:17,Apple,Midge,Norma,Sherb,,,June,9,,
03/04/2022 23:40:24,Bianca,Bruce,Cookie,Melba,Norma,,Boomer,9,,
04/04/2022 00:12:05,Angus,Bud,Colton,,,,Snake,9,,
04/04/2022 00:20:05,Katt,Olivia,Sasha,Shino,Tipper,,Quinn,9,,
04/04/2022 00:23:34,Fang,Lobo,Tangy,,,,Nana,9,,
04/04/2022 00:40:08,Ankha,Audie,Marshal,Raymond,Sherb,,Tipper,9,,
04/04/2022 01:17:54,Ankha,Celia,Cookie,Sasha,Shino,,Tank,9,,
04/04/2022 01:58:03,Diana,Fauna,Sherb,Wolfgang,Zucker,,Al,9,,
04/04/2022 02:26:28,Audie,Judy,Lily,Merengue,Sasha,,Ace,9,,
04/04/2022 03:26:09,Fang,Kid Cat,Lolly,Raymond,Zucker,,Curlos,9,,
04/04/2022 03:40:41,Ankha,Beau,Bluebear,Pekoe,Sherb,,Bonbon,9,,
04/04/2022 04:36:09,Cephalobot,Dobie,Kiki,Marshal,Octavian,,Cousteau,9,,
04/04/2022 04:55:20,Erik,Judy,Julian,Merengue,Zell,,Maelle,9,,
04/04/2022 05:37:02,Boone,Fauna,Ione,Sherb,Tia,,Poncho,8,,
04/04/2022 05:38:45,Antonio,Apple,Bones,Cally,Sherb,,Felicity,8,,
04/04/2022 05:39:09,Derwin,Hazel,Tia,Vesta,,,Broccolo,8,,
04/04/2022 06:06:38,Apple,Molly,Raymond,Sasha,Sherb,,Bruce,8,,
04/04/2022 06:26:07,Audie,Fauna,Maple,Shino,Stitches,,Olive,8,,
04/04/2022 06:29:22,Ankha,Marshal,Raymond,Zucker,,,Deli,8,,
04/04/2022 06:46:22,Chelsea,Diana,Judy,Raymond,Snooty,,Gonzo,8,,
04/04/2022 07:50:55,Gigi,Hazel,Hornsby,Maddie,Maelle,,Pecan,8,,
04/04/2022 07:51:01,Gigi,Hazel,Hopkins,Maddie,Maelle,,Frita,8,,
04/04/2022 08:22:36,Coco,Raymond,Shino,Stitches,Whitney,,Portia,8,,
04/04/2022 09:27:28,Frita,Graham,Hopper,Soleil,Vic,,O'Hare,8,,
04/04/2022 09:42:15,Bunnie,Chevre,Dotty,Phil,Portia,,Freckles,8,,
04/04/2022 10:01:21,Margie,Megan,Midge,,,,Pinky,8,,
04/04/2022 10:02:42,Diana,Dom,Flora,Melba,Sylvana,,Wendy,8,,
04/04/2022 11:32:21,Ione,Marshal,Merengue,Sherb,Shino,,Moe,8,,
04/04/2022 12:57:07,Midge,Poppy,Punchy,Rudy,Zucker,,Azalea,8,,
04/04/2022 13:18:32,Chai,Ellie,Eloise,Kabuki,Merengue,,Patty,8,,
04/04/2022 14:14:59,Maple,Molly,Sherb,Stitches,Tangy,,Chabwick,8,,
04/04/2022 14:32:37,Bluebear,Hugh,Maple,Molly,Zucker,,Groucho,8,,
04/04/2022 14:36:33,Bill,Marshal,Sherb,Static,Stitches,,Buck,8,,
04/04/2022 15:39:56,Apollo,Bones,Drake,Grizzly,Ketchup,,Hopper,8,,
04/04/2022 15:48:49,Ankha,Poppy,Static,Stitches,Tangy,,Wart Jr.,8,,
04/04/2022 15:49:33,Blaire,Bonbon,Del,O'Hare,Tasha,,Monique,8,,
04/04/2022 15:51:38,Bonbon,Del,Peanut,Pecan,Tasha,,Rod,8,,
04/04/2022 16:01:29,Coco,Fauna,Sasha,Snake,Wolfgang,,Rodney,8,,
04/04/2022 16:04:25,Francine,Mira,Olivia,Pekoe,Piper,,Sheldon,8,,
04/04/2022 16:27:53,Julian,Kyle,Sasha,Sylvana,Wolfgang,,Bubbles,8,,
04/04/2022 17:06:09,Alli,Bianca,Dom,Julian,Reneigh,,Iggly,8,,
04/04/2022 17:09:38,Ankha,Lily,Marina,Molly,Zucker,,Antonio,7,,
04/04/2022 17:17:13,Genji,Lucky,Marina,Marshal,Ursala,,Shari,7,,
04/04/2022 17:26:10,Bunnie,Chief,Marshal,Poppy,Raymond,,Lyman,7,,
04/04/2022 18:22:26,Charlise,Petri,Punchy,Raddle,Skye,,Ribbot,7,,
04/04/2022 18:33:11,Azalea,Flora,Hornsby,Merengue,Tank,,Savannah,7,,
04/04/2022 18:37:48,Chrissy,Frobert,Hopper,Melba,Stitches,,Gala,7,,
04/04/2022 18:40:04,Cherry,Kabuki,Pierce,Raymond,Wolfgang,,Penelope,7,,
04/04/2022 18:43:29,Diana,Rosie,Shino,Skye,Static,,Chadder,7,,
04/04/2022 18:44:44,Frett,Ione,Kyle,Opal,Sasha,,Anabelle,7,,
04/04/2022 18:45:38,Blaire,Chrissy,Merry,Peanut,Stitches,,Doc,7,,
04/04/2022 18:47:02,Chrissy,Faith,Hopper,Punchy,Stitches,,Sydney,7,,
04/04/2022 19:05:49,Ione,Lucky,Merengue,Raymond,,,Derwin,7,,
04/04/2022 19:07:01,Bill,Blanche,Ketchup,Wolfgang,Zucker,,Admiral,7,,
04/04/2022 19:25:33,Ace,Maple,Melba,Pate,Vivian,,Pierce,7,,
04/04/2022 19:27:03,Étoile,Judy,Shari,Velma,Whitney,,Bangle,6,,
04/04/2022 19:49:49,Apple,,,,,,Kidd,6,,
04/04/2022 20:09:17,Bluebear,Coco,Judy,Kid Cat,Raymond,,Biff,6,,
04/04/2022 20:17:24,Bluebear,Cranston,Merengue,Rosie,Vivian,,Billy,6,,
04/04/2022 20:51:23,Julian,Kiki,Marshal,Petri,Shino,,Butch,6,,
04/04/2022 21:36:02,Melba,Yuka,,,,,Stinky,6,,
04/04/2022 21:40:05,Ankha,Kabuki,Merengue,Shino,Zucker,,Sprocket,6,,
04/04/2022 21:45:38,Lily,Maple,Marina,Pekoe,Sasha,,Graham,6,,
04/04/2022 22:29:07,Ione,Lolly,Marshal,Raymond,Shino,,Alfonso,6,,
04/04/2022 22:50:19,Ankha,Cephalobot,Kyle,Merengue,Sherb,,Chester,6,,
04/04/2022 22:53:23,Agnes,Hornsby,Mitzi,Rex,Sasha,,Bertha,6,,
04/04/2022 22:55:42,Jeremiah,Ketchup,Kid Cat,Kiki,,,Cole,6,,
04/04/2022 23:18:30,Beau,Flurry,Maple,Shino,Stitches,,Boots,6,,
04/04/2022 23:22:41,Antonio,Cephalobot,Goldie,,,,Walt,6,,
04/04/2022 23:39:08,Agnes,Melba,Merengue,Pashmina,Roald,,Sylvia,6,,
04/04/2022 23:46:16,Ankha,Bangle,Maple,Margie,Raymond,,Camofrog,6,,
05/04/2022 00:58:15,Henry,Kiki,Purrl,Static,Zucker,,Rolf,6,,
05/04/2022 01:12:57,Ankha,Beau,Freya,June,Mira,,Colton,6,,
05/04/2022 01:40:34,Bluebear,Ione,Shep,Skye,Static,,Canberra,6,,
05/04/2022 01:51:40,Blanche,Gigi,Monique,Sasha,Savannah,,Gaston,6,,
05/04/2022 01:59:00,Agnes,Bluebear,Pashmina,Portia,Sherb,,Ken,6,,
05/04/2022 02:00:15,Alice,Kiki,Mitzi,Stitches,,,Frobert,6,,
05/04/2022 02:02:17,Julian,Katt,Maple,Marlo,Roald,,Walker,6,,
05/04/2022 02:17:03,Cephalobot,Octavian,Plucky,Sherb,Shino,,Lionel,6,,
05/04/2022 02:20:34,Beau,Erik,Lolly,Roald,Shino,,Eloise,6,,
05/04/2022 02:33:55,Bob,Coco,Ione,Marina,Raymond,,Leopold,6,,
05/04/2022 02:36:16,Gala,Penelope,Tiffany,,,,Weber,6,,
05/04/2022 03:14:00,Drago,Kabuki,Ken,Shino,Walt,,Beardo,6,,
05/04/2022 03:32:16,Flurry,Hornsby,Sherb,Shino,Zucker,,Jacques,6,,
05/04/2022 03:38:42,Ankha,Audie,Muffy,Peanut,Rod,,Maggie,6,,
05/04/2022 03:41:17,Alli,Boots,Curlos,Del,Roswell,,Frett,6,,
05/04/2022 03:43:42,Bubbles,Curlos,Hamlet,Rocket,Tank,,Sly,6,,
05/04/2022 03:49:32,Angus,Ankha,Dom,Marshal,Molly,,Del,6,,
05/04/2022 04:41:52,Dom,Nana,Pashmina,Penelope,Shino,,Papi,5,,
05/04/2022 07:24:09,Cesar,Chadder,Kabuki,Ketchup,Nan,,Egbert,5,,
05/04/2022 08:11:39,Coco,Filbert,Lolly,Marshal,Raymond,,Anchovy,5,,
05/04/2022 08:33:11,Bluebear,Goldie,Lolly,Maple,Sherb,,Midge,5,,
05/04/2022 08:45:27,Marshal,Poppy,Roald,Zucker,,,Curt,5,,
05/04/2022 09:05:27,Groucho,Kid Cat,Kyle,Puddles,Shino,,Eunice,5,,
05/04/2022 09:21:21,Fauna,Filbert,Flora,Ione,Sasha,,Chelsea,5,,
05/04/2022 11:24:14,Cephalobot,Coco,Filbert,Stella,Wendy,,Rodeo,5,,
05/04/2022 12:11:26,Egbert,Flurry,Jeremiah,Pango,Rory,,Marcel,5,,
05/04/2022 12:54:03,Ankha,Flurry,Simon,,,,Gladys,5,,
05/04/2022 13:00:06,Lionel,Merry,Pietro,Savannah,Tangy,,Tabby,5,,
05/04/2022 13:08:10,Ankha,Chevre,Merengue,Pashmina,Tangy,,Marcie,5,,
05/04/2022 13:47:10,Bob,Bruce,Kabuki,Ketchup,Roald,,Boone,5,,
05/04/2022 13:51:04,Ione,Marshal,Stitches,,,,Bree,5,,
05/04/2022 15:17:47,Apollo,Cole,Lucky,Lyman,Raymond,,Gabi,5,,
05/04/2022 15:23:56,Bob,Bunnie,Fang,Roald,Rosie,,Ava,5,,
05/04/2022 15:42:54,Diana,Dobie,Shep,Sherb,Tangy,,Jacob,5,,
05/04/2022 15:56:27,Cherry,Kiki,Moe,Ozzie,Sheldon,,Soleil,5,,
05/04/2022 16:13:13,Audie,Bea,Ione,,,,Tammi,5,,
05/04/2022 16:28:08,Cherry,Judy,Raymond,Sasha,Shino,,Coach,5,,
05/04/2022 16:44:26,Ankha,Étoile,Judy,Kabuki,Lucky,,Paolo,5,,
05/04/2022 17:26:35,Judy,Kiki,Sasha,Sherb,Shino,,Friga,5,,
05/04/2022 18:09:14,Chevre,Lobo,,,,,Tucker,5,,
05/04/2022 18:24:34,Celia,Cherry,Hornsby,Merry,Sly,,Drake,5,,
05/04/2022 18:45:47,Fauna,Lily,Roald,Sasha,Sherb,,Carrie,5,,
05/04/2022 18:54:29,Lolly,,,,,,Candi,5,,
05/04/2022 19:13:13,Audie,Cephalobot,Marina,Marlo,Rio,,Big Top,5,,
05/04/2022 19:23:59,Cranston,Raymond,,,,,Jambette,5,,
05/04/2022 19:45:09,Audie,Judy,Marshal,Stitches,Zucker,,Astrid,5,,
05/04/2022 20:23:08,Bubbles,Buck,Gabi,Moe,Ozzie,,Eugene,4,,
05/04/2022 20:42:48,Flora,Genji,Jeremiah,Kabuki,Roscoe,,Goose,4,,
05/04/2022 20:45:56,Bella,Chrissy,Francine,Vivian,Willow,,Zoe,4,,
05/04/2022 21:03:56,Diana,Fauna,Ione,Lucky,Raymond,,Nibbles,4,,
05/04/2022 21:05:06,Bob,Katt,Kitty,Raymond,Tangy,,Annalisa,4,,
05/04/2022 21:06:47,Audie,Bettina,Hornsby,Mira,Mott,,Avery,4,,
05/04/2022 21:09:53,Fauna,Judy,Marina,Merengue,Tia,,Drift,4,,
05/04/2022 21:12:49,Diana,Ione,Judy,Sasha,Stitches,,Mathilda,4,,
05/04/2022 21:45:15,Apollo,Bones,Judy,Zell,Zucker,,Pompom,4,,
05/04/2022 21:45:19,Biskit,Jay,Lucky,Roald,Zucker,,Amelia,4,,
05/04/2022 21:59:47,Boyd,Cashmere,Mathilda,Timbra,Zoe,,Caroline,4,,
05/04/2022 22:09:58,Kid Cat,Sasha,Sherb,,,,Renée,4,,
05/04/2022 22:22:24,Ankha,Cephalobot,Diana,Fauna,Marshal,,Huck,4,,
05/04/2022 22:34:24,Audie,Buck,Punchy,Rolf,Stitches,,Angus,4,,
05/04/2022 22:46:53,Flora,Iggly,Merry,Mitzi,Sasha,,Vic,4,,
05/04/2022 23:29:30,Aurora,Deli,Drago,Skye,Tucker,,Charlise,4,,
05/04/2022 23:41:05,Apple,Bob,Raymond,Stitches,Zell,,Plucky,4,,
05/04/2022 23:45:31,Beau,Cherry,Gruff,Megan,Tank,,Deena,4,,
06/04/2022 00:04:43,Lolly,,,,,,Jitters,4,,
06/04/2022 00:17:45,Ankha,Coco,Étoile,Shino,Zucker,,Benjamin,4,,
06/04/2022 01:09:13,Raymond,Rosie,Whitney,,,,Cyrano,4,,
06/04/2022 01:20:51,Cherry,Cookie,Gala,Marshal,Sasha,,Benedict,4,,
06/04/2022 01:36:51,Bunnie,Punchy,Rolf,Roscoe,Whitney,,Tex,4,,
06/04/2022 01:40:26,Ankha,Hippeux,,,,,Barold,4,,
06/04/2022 01:41:16,Hippeux,Sasha,,,,,Kitty,4,,
06/04/2022 02:07:10,Bianca,Fauna,Marshal,Ozzie,Pecan,,Kitt,4,,
06/04/2022 02:09:20,Fauna,Goldie,Julia,Shino,Zell,,Opal,4,,
06/04/2022 02:19:37,Cephalobot,Faith,Mint,Olive,Zucker,,Pancetti,4,,
06/04/2022 03:15:53,Ozzie,Sly,Tia,,,,Puck,4,,
06/04/2022 03:30:59,Fauna,Julian,Kabuki,Sprinkle,Wolfgang,,Becky,4,,
06/04/2022 03:35:18,Agnes,Apollo,Audie,Aurora,Judy,,Jay,4,,
06/04/2022 04:05:30,Ione,Lucky,Sasha,Stitches,Vladimir,,Gigi,4,,
06/04/2022 04:39:45,Audie,Faith,Marina,Portia,Sally,,Cashmere,4,,
06/04/2022 04:46:01,Beau,Maple,Merry,Sasha,Willow,,Rio,4,,
06/04/2022 05:15:50,Coco,Drift,Fang,Katt,Tangy,,Tutu,3,,
06/04/2022 06:07:12,Kabuki,Kid Cat,Kidd,Marty,Shino,,Bettina,3,,
06/04/2022 06:58:37,Fauna,Gayle,Ione,Maple,Molly,,Pudge,3,,
06/04/2022 07:10:09,Coco,Fuchsia,Pashmina,Pekoe,Sasha,,Phil,3,,
06/04/2022 09:24:08,Diana,Fauna,Judy,Sasha,Sherb,,Cyd,3,,
06/04/2022 09:27:27,Joey,Lolly,Maple,Poppy,Sherb,,Pate,3,,
06/04/2022 09:45:11,Genji,Katt,Marshal,Moe,Tom,,Hippeux,3,,
06/04/2022 10:31:09,Jeremiah,Judy,Julian,Lily,Raymond,,Tiffany,3,,
06/04/2022 10:51:25,Ankha,Raymond,Rosie,Sasha,Shino,,Yuka,3,,
06/04/2022 13:23:28,Flurry,Sasha,Tangy,,,,Tad,3,,
06/04/2022 13:39:10,Diana,Lolly,Merengue,,,,Twiggy,3,,
06/04/2022 14:11:03,Avery,Becky,Patty,Tucker,,,Hans,3,,
06/04/2022 14:48:55,Coco,Molly,Sherb,Shino,Stinky,,Ursala,3,,
06/04/2022 15:06:26,Diana,Marshal,Shino,Stitches,Zucker,,Rooney,3,,
06/04/2022 15:10:43,Apple,Gaston,Hamlet,Kitt,Wade,,Hamphrey,3,,
06/04/2022 15:58:08,Coco,Cube,Flurry,Lolly,Snake,,Spike,3,,
06/04/2022 16:05:42,Sherb,Shino,,,,,Bud,3,,
06/04/2022 16:22:55,Dizzy,Flurry,Patty,Reneigh,Tangy,,Claude,3,,
06/04/2022 16:48:30,Maple,Olive,Petri,Shep,Sylvana,,Rowan,3,,
06/04/2022 17:05:41,Agnes,Lily,Melba,Sasha,Sprinkle,,Rocco,3,,
06/04/2022 17:17:24,Amelia,Cube,Freya,Jay,Lucky,,Annalise,3,,
06/04/2022 17:23:04,Ione,Maelle,Marina,Octavian,Roswell,,Cleo,3,,
06/04/2022 17:23:10,Bluebear,Frobert,Goldie,Lucky,Molly,,Alli,3,,
06/04/2022 17:28:10,Gayle,Ketchup,Marshal,Scoot,Sherb,,Kevin,3,,
06/04/2022 18:05:57,Stitches,,,,,,Frank,3,,
06/04/2022 18:48:41,Boomer,Raddle,Rodney,Vesta,Weber,,Sparro,3,,
06/04/2022 19:30:30,Ankha,Bella,Coco,Dom,Raymond,,Kody,3,,
06/04/2022 20:05:06,Cousteau,Daisy,Dobie,Graham,Mac,,Ricky,3,,
06/04/2022 20:14:34,Cherry,Muffy,Punchy,Stinky,Vesta,,Cesar,3,,
06/04/2022 21:37:54,Ione,Ketchup,Marshal,Molly,Muffy,,Keaton,3,,
06/04/2022 21:47:21,Beau,Chester,Hamlet,Raymond,Shino,,Spork,3,,
06/04/2022 22:36:06,Ione,Marshal,Muffy,Whitney,Willow,,Quillson,3,,
06/04/2022 22:36:11,Aurora,Cherry,Hazel,Sherb,Tipper,,Peaches,3,,
06/04/2022 22:38:09,Bella,Cheri,Mint,Olivia,Teddy,,Miranda,3,,
06/04/2022 22:51:25,Blanche,Marshal,Nan,Vivian,Zucker,,Peck,3,,
06/04/2022 22:58:58,Bob,Erik,Kid Cat,Zucker,,,Elvis,2,,
06/04/2022 23:55:33,Erik,Marina,Sasha,Shino,Zucker,,Axel,2,,
07/04/2022 00:30:10,Becky,Kitt,Pancetti,Roscoe,Shep,,Velma,2,,
07/04/2022 00:33:02,Beau,Clay,Deirdre,Marina,Raymond,,Mott,2,,
07/04/2022 00:33:04,Audie,Beau,Fauna,Raymond,Whitney,,Gruff,2,,
07/04/2022 00:44:42,Ankha,Judy,Merengue,Raymond,Stitches,,Stu,2,,
07/04/2022 00:57:58,Ankha,Coco,Nan,Sherb,Shino,,Sally,2,,
07/04/2022 02:03:05,Beau,Marina,Merengue,Molly,Stitches,,Elmer,2,,
07/04/2022 02:03:26,Dom,Hazel,Judy,Lolly,Marina,,Ike,2,,
07/04/2022 03:09:36,Cally,Doc,Flurry,Purrl,Wart Jr.,,Hopkins,2,,
07/04/2022 03:48:19,Ankha,Diana,Melba,Merry,Raymond,,Knox,2,,
07/04/2022 03:52:18,Bonbon,Drago,Margie,Quinn,Snake,,Samson,2,,
07/04/2022 05:13:32,Blanche,Faith,Molly,Shino,Wolfgang,,Boris,2,,
07/04/2022 05:26:06,Aurora,Bubbles,Raymond,Reneigh,Rosie,,Winnie,2,,
07/04/2022 05:39:04,Admiral,Agent S,Apollo,Coach,Cyrano,,Sterling,2,,
07/04/2022 06:35:35,Cranston,Faith,Lopez,Pietro,Puddles,,Prince,2,,
07/04/2022 07:09:19,Bones,Ellie,Hornsby,Judy,Sydney,,Victoria,2,,
07/04/2022 07:20:51,Étoile,Flora,Ione,Marshal,Marty,,Dora,2,,
07/04/2022 07:53:24,Maple,Molly,Shep,Tia,Tipper,,Sandy,2,,
07/04/2022 08:47:38,Bianca,Cookie,Julian,Marshal,Merengue,,Cally,2,,
07/04/2022 10:18:03,Ankha,Erik,Julian,Maple,Shino,,Greta,2,,
07/04/2022 10:37:45,Ankha,Purrl,Stitches,Zucker,,,Hugh,2,,
07/04/2022 10:51:07,Audie,Coco,Kabuki,Lily,Merengue,,Moose,2,,
07/04/2022 11:03:29,Bruce,Flora,Fuchsia,Gayle,Sasha,,Cobb,2,,
07/04/2022 11:49:19,Apollo,Bertha,Clay,Phoebe,Tank,,Pango,2,,
07/04/2022 11:54:57,Alice,Aurora,Muffy,Rex,,,Rasher,2,,
07/04/2022 12:41:33,Nana,Pierce,Sprinkle,,,,Vladimir,2,,
07/04/2022 13:12:51,Ankha,Cherry,Daisy,Ellie,Olivia,,Chops,2,,
07/04/2022 13:25:29,Ankha,Coco,Kabuki,Stitches,,,Leonardo,2,,
07/04/2022 13:26:52,Coco,Hans,Raymond,Tipper,,,Snooty,2,,
07/04/2022 14:25:19,Ione,Ketchup,Marshal,Paolo,Shino,,Mallary,2,,
07/04/2022 14:28:30,Cephalobot,Joey,Ketchup,Rod,Stitches,,Broffina,2,,
07/04/2022 14:41:08,Cranston,Maple,Molly,Roald,,,Robin,2,,
07/04/2022 14:56:05,Whitney,,,,,,Boyd,2,,
07/04/2022 15:20:16,Diana,Fauna,Shino,,,,Truffles,2,,
07/04/2022 16:33:55,Curt,Maple,Marshal,Stitches,Zucker,,Rory,2,,
07/04/2022 16:55:57,Bam,Cephalobot,Maddie,Marlo,Tasha,,Rocket,2,,
07/04/2022 16:58:14,Genji,Marina,Marshal,Shino,Stitches,,Queenie,2,,
07/04/2022 17:32:35,Bob,Filbert,Francine,Raymond,Shino,,Anicotti,1,,
07/04/2022 17:32:57,Buck,Lopez,Marina,Molly,Zucker,,Pippy,1,,
07/04/2022 17:55:50,Marshal,Pecan,Poppy,Stitches,Teddy,,Buzz,1,,
07/04/2022 19:06:52,Marshal,Merry,Rosie,Sasha,Shino,,Gloria,1,,
07/04/2022 19:07:49,Lolly,Marshal,Punchy,Raymond,,,Tybalt,1,,
07/04/2022 19:14:42,Audie,Frett,Goldie,Rolf,Stitches,,Peewee,1,,
07/04/2022 19:14:52,Bunnie,Stitches,,,,,Ed,1,,
07/04/2022 19:54:30,Ione,Judy,Sasha,Sherb,Shino,,Louie,1,,
07/04/2022 22:06:41,Candi,Felicity,Midge,Penelope,Tammi,,Limberg,1,,
07/04/2022 22:11:53,Beau,Marshal,Raymond,Sasha,Shino,,Chow,1,,
07/04/2022 22:14:44,Carrie,Flora,Lolly,Pippy,Sasha,,Toby,1,,
07/04/2022 22:16:05,Francine,Genji,Phoebe,Piper,Puddles,,Naomi,1,,
07/04/2022 22:40:57,Apollo,Bam,Bangle,Dora,Merengue,,Klaus,1,,
07/04/2022 22:41:59,Ione,Julian,Sasha,Sherb,,,Baabara,1,,
07/04/2022 23:00:36,Ione,Marina,Ozzie,Rio,Stitches,,Timbra,1,,
07/04/2022 23:02:51,Beardo,Bettina,Boomer,Tammy,,,Rilla,1,,
07/04/2022 23:12:36,Coco,Lucky,Raymond,Sherb,Stitches,,Curly,1,,
07/04/2022 23:45:21,Celia,Fang,Marshal,Rosie,Sherb,,Olaf,1,,
07/04/2022 23:48:51,Cherry,Marina,Marshal,Sasha,Shino,,Claudia,1,,
07/04/2022 23:55:37,Biskit,Deirdre,Genji,Julian,Kabuki,,Croque,1,,
08/04/2022 00:15:46,Alfonso,Boots,Drago,Gayle,Reneigh,,Lucy,1,,
08/04/2022 00:51:26,Astrid,Bella,Faith,Margie,Megan,,Paula,1,,
08/04/2022 00:51:36,Deirdre,,,,,,Clyde,1,,
08/04/2022 01:05:39,Cranston,Dom,Iggly,Raymond,Sherb,,Monty,0,,
08/04/2022 01:19:04,Cephalobot,Ione,Sasha,Sherb,Tia,,T-Bone,0,,
08/04/2022 02:05:53,Agnes,Chai,Cookie,Raymond,Whitney,,Peggy,0,,
08/04/2022 02:08:47,Cherry,Coco,Diana,Ione,Tangy,,Harry,0,,
08/04/2022 02:11:39,Biff,Freckles,Hazel,Jambette,Julia,,Gwen,0,,
08/04/2022 02:22:03,Anabelle,,,,,,Bitty,0,,
08/04/2022 02:39:19,Maple,,,,,,Rhonda,0,,
08/04/2022 02:40:40,Agnes,Flip,Kiki,Marshal,Sherb,,Violet,0,,
08/04/2022 03:24:51,Ione,Molly,Quinn,Sasha,Shino,,Rizzo,0,,
08/04/2022 03:54:33,Coco,Judy,Marina,Poppy,Raymond,,Lucha,0,,
08/04/2022 04:53:17,Cyrano,Kiki,Merengue,Mitzi,Shino,,Elise,0,,
08/04/2022 05:52:14,Cherry,Maggie,Olivia,Rodney,,,,,,
08/04/2022 05:55:36,Chief,Drago,Muffy,Pinky,Scoot,,,,,
08/04/2022 06:42:59,Cherry,Fang,Ione,Julian,Static,,,,,
08/04/2022 07:05:58,Chadder,Felicity,Kid Cat,Lolly,Teddy,,,,,
08/04/2022 07:45:06,Genji,Iggly,Ken,Pudge,Zucker,,,,,
08/04/2022 08:58:25,Beau,Bill,Dobie,Maple,Marshal,,,,,
08/04/2022 09:09:57,Erik,Kiki,Maple,Pancetti,Wart Jr.,,,,,
08/04/2022 11:22:40,Audie,Bea,Étoile,Naomi,Skye,,,,,
08/04/2022 11:42:33,Flip,Frobert,Hazel,Marina,Rilla,,,,,
08/04/2022 11:45:30,Audie,Bud,Curlos,Puck,Vesta,,,,,
08/04/2022 12:30:04,Apollo,Dotty,Julia,Ken,Olivia,,,,,
08/04/2022 12:37:25,Ankha,Cheri,Cherry,Erik,Marshal,,,,,
08/04/2022 13:08:22,Coco,Lolly,Marshal,Piper,Wolfgang,,,,,
08/04/2022 17:15:01,Coco,Lily,Lolly,Marina,Poppy,,,,,
08/04/2022 17:36:57,Apple,Cole,Diana,Filbert,Nate,,,,,
08/04/2022 17:57:57,Audie,Lopez,Sasha,Sherb,Shino,,,,,
08/04/2022 18:27:06,Bonbon,Renée,,,,,,,,
08/04/2022 18:47:43,Dobie,Erik,Kyle,Pinky,Skye,,,,,
08/04/2022 18:54:06,Dom,Lyman,Pinky,Sherb,Victoria,,,,,
08/04/2022 19:28:48,Ankha,Lucky,Muffy,Pietro,Stitches,,,,,
08/04/2022 19:29:55,Lionel,Mitzi,Patty,Zucker,,,,,,
08/04/2022 20:03:48,Buck,Egbert,Papi,Patty,Plucky,,,,,
08/04/2022 20:19:25,Megan,Murphy,Nate,Peanut,Rudy,,,,,
08/04/2022 21:01:24,Dom,Étoile,Muffy,Pietro,Stella,,,,,
08/04/2022 21:22:51,Erik,Molly,Penelope,Sherb,Shino,,,,,
08/04/2022 21:42:35,Lily,Norma,Roscoe,Sasha,Shino,,,,,
08/04/2022 21:44:45,Audie,Genji,Katt,Petri,Zucker,,,,,
08/04/2022 21:54:57,Drake,Lily,Pompom,Stitches,Wolfgang,,,,,
08/04/2022 22:17:06,Bob,Chelsea,Coco,Fang,Fauna,,,,,
08/04/2022 23:26:11,Bones,Daisy,Marshal,Merry,Shino,,,,,
08/04/2022 23:30:00,Diana,Lolly,Molly,Pierce,Raymond,,,,,
09/04/2022 01:11:23,Marshal,Raymond,Sasha,Sherb,Shino,,,,,
09/04/2022 01:55:17,Fauna,Goldie,Maple,Marshal,Merengue,,,,,
09/04/2022 02:29:18,Ankha,Lucky,Marshal,Merry,Stitches,,,,,
09/04/2022 03:25:33,Diana,Fauna,Shino,,,,,,,
09/04/2022 03:29:50,Diana,Fauna,Shino,,,,,,,
09/04/2022 03:35:07,Diana,Judy,Pekoe,,,,,,,
09/04/2022 03:36:52,Bluebear,Chester,Coco,Dizzy,Graham,,,,,
09/04/2022 03:48:43,Audie,Marshal,Peck,Sherb,Stitches,,,,,
09/04/2022 04:23:23,Kiki,Marshal,,,,,,,,
09/04/2022 04:35:57,Flo,Patty,Rowan,,,,,,,
09/04/2022 04:49:47,Audie,Blanche,Pekoe,Skye,Tex,,,,,
09/04/2022 05:44:29,Audie,Biff,Dizzy,Marshal,Merengue,,,,,
09/04/2022 06:26:27,Bam,Becky,Bianca,Gonzo,Lily,,,,,
09/04/2022 06:36:40,Anabelle,Hornsby,Marina,Pietro,Skye,,,,,
09/04/2022 06:55:04,Fauna,Flurry,Lily,Shino,Stitches,,,,,
09/04/2022 07:00:39,Ankha,Judy,Marina,Merengue,Zucker,,,,,
09/04/2022 08:38:55,Chai,Cherry,Étoile,Muffy,Sasha,,,,,
09/04/2022 08:48:42,Becky,Piper,Raymond,Rosie,Sherb,,,,,
09/04/2022 09:10:46,Biskit,Chief,Gaston,Gayle,Maggie,,,,,
09/04/2022 09:40:01,Fang,Marlo,Sasha,Shino,Whitney,,,,,
09/04/2022 10:07:18,Chief,Cranston,Cube,Flip,Tammy,,,,,
09/04/2022 10:07:31,Colton,Goldie,Moe,Shino,Walt,,,,,
09/04/2022 11:29:21,Beau,Flora,Octavian,Sherb,Wolfgang,,,,,
09/04/2022 11:29:38,Cherry,Marina,Mitzi,Ruby,Shep,,,,,
09/04/2022 11:33:04,Bob,Lolly,Marshal,Pashmina,Poppy,,,,,
09/04/2022 11:56:33,Ankha,Kiki,Lucky,Punchy,Shino,,,,,
09/04/2022 11:58:11,Butch,Marshal,Sasha,Sprinkle,Sylvana,,,,,
09/04/2022 13:36:06,Axel,Blanche,Ellie,Pinky,Rodeo,,,,,
09/04/2022 13:47:00,Ketchup,Lyman,Octavian,Shino,,,,,,
09/04/2022 14:27:07,Dobie,Fauna,,,,,,,,
09/04/2022 14:33:14,Fauna,Maple,,,,,,,,
09/04/2022 15:08:39,Marshal,Mira,Sherb,Stitches,Whitney,,,,,
09/04/2022 15:09:12,Judy,Julian,Marshal,Merry,Zucker,,,,,
09/04/2022 15:43:44,Ankha,Marina,Marshal,Phoebe,Tom,,,,,
09/04/2022 15:44:47,Ankha,Cherry,Marshal,Phoebe,Prince,,,,,
09/04/2022 15:49:42,Clay,Dizzy,Julian,Marina,,,,,,
09/04/2022 15:52:42,Apollo,Dom,Reneigh,Rosie,Shino,,,,,
09/04/2022 15:54:10,Apollo,Dom,Raymond,Reneigh,Rosie,,,,,
09/04/2022 16:20:37,Coco,Deirdre,Gala,Pietro,Sasha,,,,,
09/04/2022 16:38:55,Chadder,Louie,Peewee,Rolf,Zucker,,,,,
09/04/2022 16:46:25,Agent S,Bea,Bob,Faith,Melba,,,,,
09/04/2022 16:47:43,Coco,Cookie,,,,,,,,
09/04/2022 17:15:27,Cephalobot,Diana,Raymond,Shino,Stitches,,,,,
09/04/2022 18:49:07,Fang,Jacques,Pompom,Tex,,,,,,
09/04/2022 19:18:28,Coco,Fauna,Kiki,Lily,Shino,,,,,
09/04/2022 19:21:37,Bill,O'Hare,Pekoe,Poppy,Purrl,,,,,
09/04/2022 19:30:43,Chai,Étoile,Shino,,,,,,,
09/04/2022 19:37:04,Lolly,Marina,Miranda,Shino,Spork,,,,,
09/04/2022 19:48:00,Fauna,Ione,Lolly,Marshal,Shino,,,,,
09/04/2022 20:06:35,Apollo,Coach,Hornsby,Marcel,Zell,,,,,
09/04/2022 20:48:50,Beardo,Bud,Julian,Queenie,Wart Jr.,,,,,
09/04/2022 20:52:47,Cherry,Genji,Jacob,Marina,Zucker,,,,,
09/04/2022 21:50:45,Coco,Diana,Lucky,,,,,,,
09/04/2022 22:58:00,Jacques,Judy,Ketchup,Kyle,Marina,,,,,
09/04/2022 23:28:01,Dom,Fuchsia,Kiki,Raddle,Zucker,,,,,
10/04/2022 00:12:19,Bluebear,Sherb,,,,,,,,
10/04/2022 00:39:43,Cephalobot,Coco,Fang,Melba,Merengue,,,,,
10/04/2022 01:43:04,Beau,Clay,Cranston,Erik,Melba,,,,,
10/04/2022 02:04:53,Beau,Clay,Cranston,Erik,Melba,,,,,
10/04/2022 03:19:01,Ankha,Audie,Ione,Ketchup,Maple,,,,,
10/04/2022 03:29:38,Ankha,Coco,Lucky,Muffy,Pietro,,,,,
10/04/2022 03:30:39,Jeremiah,Melba,Raymond,Sherb,Shino,,,,,
10/04/2022 03:54:12,Ankha,Beau,Judy,Sherb,,,,,,
10/04/2022 04:06:06,Judy,Marina,Marshal,Sherb,Shino,,,,,
10/04/2022 04:08:14,Ankha,Bob,Raymond,Skye,Zucker,,,,,
10/04/2022 04:22:07,Aurora,Marshal,Roald,Rosie,Sprinkle,,,,,
10/04/2022 04:27:41,Diana,Fauna,Merengue,Pietro,Zucker,,,,,
10/04/2022 04:28:34,Agnes,Ankha,Fauna,,,,,,,
10/04/2022 06:22:09,Coco,Judy,Poppy,Raymond,,,,,,
10/04/2022 08:00:07,Antonio,Bob,Lucky,Maple,Shino,,,,,
10/04/2022 08:45:45,Ava,Cyd,Ken,Kiki,Tangy,,,,,
10/04/2022 10:32:10,Clay,Filbert,Flurry,Hamlet,Sylvana,,,,,
10/04/2022 10:34:56,Clay,Filbert,Flurry,Hamlet,Sydney,,,,,
10/04/2022 10:36:08,Clay,Filbert,Flurry,Hamlet,Sylvana,,,,,
10/04/2022 10:37:04,Clay,Filbert,Flurry,Hamlet,Sylvana,,,,,
10/04/2022 11:05:24,Boomer,Ellie,Henry,Mitzi,Peanut,,,,,
10/04/2022 11:16:42,Alice,Bianca,Dizzy,Pango,Stitches,,,,,
10/04/2022 11:20:05,Clay,Filbert,Flurry,Hamlet,Sylvana,,,,,
10/04/2022 11:21:29,Clay,Filbert,Flurry,Hamlet,Sylvana,,,,,
10/04/2022 11:53:46,Daisy,Hazel,Mac,Marshal,Shino,,,,,
10/04/2022 12:34:20,Bam,Drago,Gayle,Merengue,Reneigh,,,,,
10/04/2022 13:18:58,Bam,Drago,Gayle,Merengue,Reneigh,,,,,
10/04/2022 14:02:29,Audie,Butch,Cube,Rudy,Tangy,,,,,
10/04/2022 14:18:30,Cephalobot,Cookie,Pierce,Static,Tom,,,,,
10/04/2022 14:22:52,Lucky,Raddle,Raymond,Ribbot,Zucker,,,,,
10/04/2022 14:30:36,Cephalobot,Filbert,Flora,Mac,Tammy,,,,,
10/04/2022 14:33:46,Pekoe,Roscoe,Simon,Tammi,Wade,,,,,
10/04/2022 16:02:47,Bluebear,Cousteau,Dizzy,Dom,Phoebe,,,,,
10/04/2022 16:23:18,Étoile,Kiki,Lily,Lolly,Marina,,,,,
10/04/2022 17:06:40,Grizzly,Jeremiah,Melba,Nana,Punchy,,,,,
10/04/2022 17:11:39,Bam,Beau,Diana,Olivia,Sasha,,,,,
10/04/2022 17:21:22,Bob,Ione,Judy,Poppy,Sasha,,,,,
10/04/2022 17:28:23,Azalea,Merengue,Petri,Sasha,Shino,,,,,
10/04/2022 17:29:33,Gaston,Henry,Lucky,Stitches,Tiffany,,,,,
10/04/2022 17:29:34,Cranston,Deli,Poppy,Raymond,Tad,,,,,
10/04/2022 17:30:37,Ankha,Eugene,Kyle,Marina,Shino,,,,,
10/04/2022 17:38:58,Fauna,Kiki,Maple,Molly,Zoe,,,,,
10/04/2022 18:03:26,Bunnie,Camofrog,Candi,Carmen,Cashmere,,,,,
10/04/2022 18:39:17,Biff,Cherry,Del,Raddle,Rocco,,,,,
10/04/2022 19:09:33,Coco,Lucky,Pecan,Pekoe,Shino,,,,,
10/04/2022 20:37:23,Apple,Bluebear,Diana,Molly,Stitches,,,,,
10/04/2022 21:29:37,Bluebear,Cheri,Freckles,Ketchup,Maple,,,,,
10/04/2022 21:53:47,Bluebear,Judy,Maple,Sasha,Sherb,,,,,
10/04/2022 22:06:33,Bluebear,Fauna,Maple,Pekoe,,,,,,
10/04/2022 22:07:11,Audie,Chevre,Kabuki,Lucky,Marshal,,,,,
10/04/2022 22:22:14,Alice,Blanche,Pietro,Rodney,Velma,,,,,
10/04/2022 22:52:27,Bree,Frita,Lopez,Merry,Reneigh,,,,,
10/04/2022 23:00:14,Coco,Kabuki,Kevin,Pekoe,Tiansheng,,,,,
10/04/2022 23:08:03,Beau,Chevre,Fauna,,,,,,,
10/04/2022 23:44:30,Bella,Fang,Julian,Papi,Zell,,,,,
10/04/2022 23:56:29,Biff,Bubbles,Chops,Coach,Dom,,,,,
11/04/2022 00:11:05,Cousteau,Derwin,Fauna,Opal,Roswell,,,,,
11/04/2022 01:04:14,Bunnie,Carmen,Nate,Whitney,,,,,,
11/04/2022 01:29:17,Apple,Audie,Judy,Reneigh,Shino,,,,,
11/04/2022 02:04:31,Beau,Fang,Marshal,Monique,Whitney,,,,,
11/04/2022 02:46:42,Chevre,Fauna,Julian,Merengue,Twiggy,,,,,
11/04/2022 02:52:05,Bluebear,Reneigh,Roscoe,Tia,Whitney,,,,,
11/04/2022 03:00:41,Annalise,Raymond,Sherb,,,,,,,
11/04/2022 03:23:46,Marshal,Octavian,Roald,Tangy,Zucker,,,,,
11/04/2022 03:35:51,Apollo,Goldie,Raymond,Rosie,Zucker,,,,,
11/04/2022 04:30:22,Apple,Ione,Ketchup,Pekoe,Shino,,,,,
11/04/2022 04:38:37,Shino,Sparro,,,,,,,,
11/04/2022 05:15:44,Ankha,Bob,Bunnie,Punchy,Teddy,,,,,
11/04/2022 05:20:56,Katt,Midge,Molly,Puddles,,,,,,
11/04/2022 06:07:06,Chief,Kyle,Lucky,Pietro,Sasha,,,,,
11/04/2022 06:07:12,Bunnie,Lolly,Poppy,Sasha,Tangy,,,,,
11/04/2022 08:08:56,Blanche,Olivia,Tia,Zucker,,,,,,
11/04/2022 08:15:43,Ankha,Clay,Marshal,Shino,Zucker,,,,,
11/04/2022 08:17:33,Dom,Lolly,Marlo,Ruby,Tia,,,,,
11/04/2022 09:18:19,Ankha,Bob,Deirdre,Lucky,Shino,,,,,
11/04/2022 09:23:06,Bob,Bree,Coach,Kiki,Spike,,,,,
11/04/2022 09:29:40,Coco,Jay,Lucky,Muffy,,,,,,
11/04/2022 11:56:49,Cousteau,Gaston,Judy,Ketchup,Lolly,,,,,
11/04/2022 12:38:23,Audie,Cephalobot,Raymond,Stitches,Zucker,,,,,
11/04/2022 14:08:43,Ankha,Cherry,Marshal,Olivia,Shino,,,,,
11/04/2022 14:39:00,Dobie,Dom,Ozzie,Pashmina,Zucker,,,,,
11/04/2022 15:00:15,Anchovy,Doc,Julian,Katt,Merengue,,,,,
11/04/2022 15:01:44,Flurry,Hamlet,Puddles,Soleil,Tia,,,,,
11/04/2022 15:44:50,Cephalobot,Coco,Raymond,Stitches,Zucker,,,,,
11/04/2022 15:58:27,Jambette,Lily,Mitzi,Puddles,Purrl,,,,,
11/04/2022 16:24:58,Bob,Ione,Ketchup,Marshal,Molly,,,,,
11/04/2022 16:25:15,Ankha,Audie,Coco,Kyle,Lucky,,,,,
11/04/2022 16:50:54,Boomer,Drift,Freckles,Hopper,Pietro,,,,,
11/04/2022 17:27:11,Del,Kidd,Leopold,Pinky,Willow,,,,,
11/04/2022 17:44:06,Apollo,Bam,Bea,Sherb,,,,,,
11/04/2022 18:08:01,Beau,Goldie,Ione,Leopold,Lobo,,,,,
11/04/2022 18:10:23,Ankha,Audie,Freya,Ione,Lucky,,,,,
11/04/2022 18:27:13,Ankha,Chabwick,Chai,Sasha,Zucker,,,,,
11/04/2022 19:06:47,Cobb,Cyrano,Hopper,Lily,Samson,,,,,
11/04/2022 20:01:56,Audie,Bill,Hazel,Ketchup,Punchy,,,,,
11/04/2022 20:16:29,Colton,Dobie,Maddie,Petri,Teddy,,,,,
11/04/2022 20:17:59,Bam,Cherry,Julia,Melba,Octavian,,,,,
11/04/2022 20:21:05,Butch,Cherry,Goldie,Merengue,Opal,,,,,
11/04/2022 21:44:08,Amelia,Bob,Dobie,Goldie,Tabby,,,,,
11/04/2022 22:01:10,Lolly,Raymond,Rosie,Sasha,Shino,,,,,
11/04/2022 22:22:14,Beau,Genji,Jeremiah,Shino,Snake,,,,,
11/04/2022 22:53:22,Chai,Chevre,Étoile,Merengue,Nan,,,,,
11/04/2022 23:09:40,Cherry,Fauna,Lucky,Monique,Papi,,,,,
11/04/2022 23:16:52,Colton,Fauna,Flurry,Hamphrey,Nate,,,,,
12/04/2022 00:19:37,Azalea,Coco,Melba,Pietro,Zell,,,,,
12/04/2022 00:40:50,Chabwick,Marshal,Petri,Vesta,Zucker,,,,,
12/04/2022 00:59:02,Daisy,Fang,Flora,Maple,Skye,,,,,
12/04/2022 01:07:53,Kidd,Marshal,Poppy,Sherb,Zucker,,,,,
12/04/2022 01:18:51,Drago,Pietro,Shino,Whitney,Zucker,,,,,
12/04/2022 02:02:04,Cephalobot,Olivia,Puddles,Sasha,Stitches,,,,,
12/04/2022 02:03:31,Ankha,Judy,Marina,Stitches,Zucker,,,,,
12/04/2022 02:19:21,Boyd,Cephalobot,Flora,Goldie,Ketchup,,,,,
12/04/2022 02:59:48,Apple,Merengue,Mint,Puck,,,,,,
12/04/2022 03:10:10,Aurora,Molly,Piper,Robin,Twiggy,,,,,
12/04/2022 03:14:12,Bob,Carmen,Kid Cat,Maple,Punchy,,,,,
12/04/2022 03:19:20,Bob,Cephalobot,Erik,Julian,Kiki,,,,,
12/04/2022 03:24:17,Apple,,,,,,,,,
12/04/2022 03:35:42,Apollo,Cashmere,Cephalobot,Lucy,Patty,,,,,
12/04/2022 03:53:29,Hamlet,Merengue,Rocco,Rosie,Sasha,,,,,
12/04/2022 04:09:49,Genji,Kabuki,Katt,Tom,Walker,,,,,
12/04/2022 04:11:52,Bones,Coco,Pietro,,,,,,,
12/04/2022 04:37:13,Ankha,Erik,Kiki,Marina,Molly,,,,,
12/04/2022 04:46:10,Coco,Cousteau,Derwin,Jeremiah,Molly,,,,,
12/04/2022 04:52:27,Maggie,Plucky,Rodney,Tabby,Weber,,,,,
12/04/2022 05:55:17,Audie,Flurry,Lily,Marshal,Merengue,,,,,
12/04/2022 06:42:45,Bam,Drago,Gayle,Merengue,Reneigh,,,,,
12/04/2022 07:07:20,Maddie,Melba,Peanut,Scoot,,,,,,
12/04/2022 07:08:45,Ankha,Cole,Kabuki,Muffy,Rosie,,,,,
12/04/2022 07:55:49,Agnes,Jeremiah,Nate,Pietro,Sherb,,,,,
12/04/2022 08:57:53,Boots,Eunice,Hazel,,,,,,,
12/04/2022 10:48:17,Admiral,Aurora,Fauna,Lucky,Zell,,,,,
12/04/2022 11:07:15,Candi,Cephalobot,Chevre,Nan,Rex,,,,,
12/04/2022 12:50:31,Biskit,Fang,Miranda,Raddle,Sasha,,,,,
12/04/2022 14:38:47,Ace,Carmen,Deirdre,Jacques,Shep,,,,,
12/04/2022 14:56:51,Coco,Lily,Marshal,Sherb,Stitches,,,,,
12/04/2022 15:09:19,Aurora,Filbert,Roald,,,,,,,
12/04/2022 16:39:17,Bam,Cobb,Henry,Raymond,Rocco,,,,,
12/04/2022 16:39:48,Boots,Canberra,Lolly,Maple,Purrl,,,,,
12/04/2022 17:44:21,Chrissy,Kid Cat,Sasha,Static,,,,,,
12/04/2022 18:00:06,Ione,Merengue,Olivia,Pashmina,Stinky,,,,,
12/04/2022 20:04:15,Gladys,Julia,Margie,Stitches,Tia,,,,,
12/04/2022 20:06:44,Ankha,Kid Cat,Marshal,Raymond,Rudy,,,,,
12/04/2022 20:21:45,Fang,Maple,Sherb,Tangy,Zucker,,,,,
12/04/2022 20:26:56,Apple,Boone,Celia,Ketchup,Merengue,,,,,
12/04/2022 20:36:07,Bubbles,Eloise,Hans,Peaches,Puddles,,,,,
12/04/2022 21:58:07,Ankha,Genji,Ione,Kabuki,Kyle,,,,,
12/04/2022 22:08:46,Leonardo,Maple,Rosie,Stitches,Zucker,,,,,
12/04/2022 22:19:47,Iggly,Judy,Sandy,Sherb,Tangy,,,,,
12/04/2022 22:20:59,Apollo,Sherb,,,,,,,,
12/04/2022 22:45:19,Freckles,Molly,Raymond,Walt,Willow,,,,,
12/04/2022 23:19:09,Agnes,Bam,Cube,Hamlet,Judy,,,,,
13/04/2022 00:25:29,Audie,Cephalobot,Lolly,Lucky,Marina,,,,,
13/04/2022 00:26:59,Fauna,Filbert,Ketchup,Pietro,Stitches,,,,,
13/04/2022 00:37:55,Beau,Bianca,Biff,Big Top,Biskit,,,,,
13/04/2022 00:48:13,Friga,Genji,Goldie,Scoot,Whitney,,,,,
13/04/2022 01:04:35,Boomer,Katt,Kody,Pinky,Ricky,,,,,
13/04/2022 01:24:05,Erik,Eugene,Marshal,Poncho,Zucker,,,,,
13/04/2022 01:26:21,Ankha,Apollo,Apple,Azalea,Jeremiah,,,,,
13/04/2022 03:02:22,Penelope,,,,,,,,,
13/04/2022 03:31:12,Bella,Chrissy,Francine,Vivian,Willow,,,,,
13/04/2022 03:50:19,Bam,Diana,Kiki,Zell,,,,,,
13/04/2022 05:37:27,Chrissy,Julian,Poppy,Raymond,Teddy,,,,,
13/04/2022 06:03:12,Cephalobot,Diana,Fauna,Raymond,Shino,,,,,
13/04/2022 06:31:13,Flora,Maple,Marshal,Petri,Raymond,,,,,
13/04/2022 06:40:23,Cephalobot,Marina,Marshal,Sherb,Tangy,,,,,
13/04/2022 06:45:12,Baabara,Julian,Muffy,Raymond,Wendy,,,,,
13/04/2022 07:19:20,Benedict,Cherry,Ketchup,Pietro,Stella,,,,,
13/04/2022 07:26:03,Diana,Flurry,Judy,Maple,Marina,,,,,
13/04/2022 07:51:12,Ankha,Chester,Dom,Marshal,Monique,,,,,
13/04/2022 09:32:53,Flora,Gayle,Marina,Octavian,Zell,,,,,
13/04/2022 11:14:51,Fauna,Judy,Maple,Marina,Sasha,,,,,
13/04/2022 12:58:52,Apollo,Judy,Reneigh,Rosie,Sasha,,,,,
13/04/2022 13:11:12,Bam,Kyle,Mira,Skye,Whitney,,,,,
13/04/2022 13:50:16,Admiral,Ankha,Octavian,Roald,Tammi,,,,,
13/04/2022 13:50:29,Charlise,Cranston,Jay,Norma,Pinky,,,,,
13/04/2022 14:20:13,Ankha,Ione,Ketchup,Sasha,Shino,,,,,
13/04/2022 14:50:31,Cookie,Genji,Roscoe,Tasha,Tucker,,,,,
13/04/2022 15:45:41,Filbert,Ione,Raymond,Shino,Zucker,,,,,
13/04/2022 15:52:20,Apollo,Ione,Reneigh,Rosie,Sasha,,,,,
13/04/2022 16:00:42,Audie,Goldie,Marshal,Molly,Raymond,,,,,
13/04/2022 16:01:04,Bones,Cephalobot,Dom,Fuchsia,Ione,,,,,
13/04/2022 16:24:48,Chief,Mallary,Mitzi,Whitney,Wolfgang,,,,,
13/04/2022 16:43:01,Chief,Marshal,Sasha,Sherb,Tasha,,,,,
13/04/2022 16:46:13,Bob,Raymond,Shino,Stitches,,,,,,
13/04/2022 17:12:03,Diana,Lobo,Melba,Merry,Nan,,,,,
13/04/2022 17:24:46,Admiral,Al,Alice,Phoebe,Raymond,,,,,
13/04/2022 17:25:33,Bertha,Leopold,Shino,Simon,,,,,,
13/04/2022 17:50:56,Beau,Kid Cat,,,,,,,,
13/04/2022 17:52:04,Cephalobot,Chester,Coco,Molly,Sly,,,,,
13/04/2022 18:12:16,Bones,Henry,Joey,Petri,Tangy,,,,,
13/04/2022 18:33:33,Judy,Merengue,Murphy,Sasha,Static,,,,,
13/04/2022 18:41:02,Merry,Pekoe,Rosie,Sherb,Shino,,,,,
13/04/2022 19:01:06,Cephalobot,Dom,Fuchsia,Ione,Shino,,,,,
13/04/2022 19:07:47,Apollo,June,Pietro,Roald,Zucker,,,,,
13/04/2022 19:22:45,Anabelle,Chai,Elvis,Vic,Victoria,,,,,
13/04/2022 19:27:30,Erik,Friga,Iggly,Ione,Zucker,,,,,
13/04/2022 19:40:19,Apollo,Cookie,Dom,Quinn,Whitney,,,,,
13/04/2022 20:07:12,Bonbon,Lolly,Maple,Poppy,Stu,,,,,
13/04/2022 20:25:19,Ankha,Lily,Marshal,Merengue,Sprinkle,,,,,
13/04/2022 20:41:13,Bea,Bluebear,Cherry,Peck,Sherb,,,,,
13/04/2022 21:09:28,Ankha,Coco,Marshal,Sasha,Shino,,,,,
13/04/2022 21:15:24,Cousteau,Lily,Punchy,Tom,Vesta,,,,,
13/04/2022 21:18:05,Apple,Deirdre,Goldie,Jacques,Stitches,,,,,
13/04/2022 21:52:14,Ankha,Chevre,Rex,Sherb,Shino,,,,,
13/04/2022 21:53:23,Chief,Henry,Huck,Julian,Whitney,,,,,
13/04/2022 22:04:07,Apollo,Bam,Diana,Keaton,Phoebe,,,,,
13/04/2022 22:26:40,Chevre,Cleo,Deirdre,Julian,Lyman,,,,,
13/04/2022 22:31:47,Ava,Blanche,Bob,Celia,Deli,,,,,
13/04/2022 23:22:08,Bob,Celia,Julian,Muffy,Sherb,,,,,
13/04/2022 23:37:13,Audie,Fauna,Filbert,Octavian,,,,,,
13/04/2022 23:42:08,Apple,Bluebear,Francine,Pekoe,Sherb,,,,,
13/04/2022 23:43:26,Bob,Dotty,Étoile,Freckles,Lolly,,,,,
14/04/2022 00:12:16,Cephalobot,Cranston,Dom,Sherb,Shino,,,,,
14/04/2022 00:31:50,Antonio,Eloise,Katt,Merengue,Murphy,,,,,
14/04/2022 00:38:51,Cesar,Fauna,Marina,Pecan,Tom,,,,,
14/04/2022 00:45:55,Fauna,Marshal,Ozzie,Raymond,Shino,,,,,
14/04/2022 00:47:48,Ankha,Merengue,Peanut,Penelope,Phoebe,,,,,
14/04/2022 01:04:11,Audie,Judy,Raymond,Sasha,Shino,,,,,
14/04/2022 01:20:10,Judy,Marshal,Raymond,Stitches,Zucker,,,,,
14/04/2022 01:25:45,Bianca,Filbert,Goldie,Phoebe,Vesta,,,,,
14/04/2022 01:41:34,Angus,Bob,Canberra,Freya,Sterling,,,,,
14/04/2022 02:02:06,Curlos,Grizzly,Julia,Static,Tammy,,,,,
14/04/2022 02:12:14,Dom,Poppy,Roald,Sherb,Zucker,,,,,
14/04/2022 03:01:53,Bob,Kid Cat,Raymond,Shino,Zucker,,,,,
14/04/2022 03:13:54,Bluebear,Ribbot,Shari,Skye,Tia,,,,,
14/04/2022 04:13:17,Judy,Raymond,Rosie,,,,,,,
14/04/2022 04:41:11,Lolly,,,,,,,,,
14/04/2022 05:17:30,Bam,Fang,Fauna,Ketchup,Marshal,,,,,
14/04/2022 06:07:38,Bluebear,Flurry,Shino,Tammy,Tiansheng,,,,,
14/04/2022 06:11:23,Flora,Ione,Judy,Pietro,Roald,,,,,
14/04/2022 06:21:34,Kid Cat,Lily,Melba,Merengue,Molly,,,,,
14/04/2022 07:44:33,Raymond,Zucker,,,,,,,,
14/04/2022 10:55:51,Bam,Diana,Faith,Ione,Lolly,,,,,
14/04/2022 11:19:18,Cephalobot,Friga,Ruby,Sasha,Wart Jr.,,,,,
14/04/2022 12:31:05,Bob,Chief,Dobie,Kid Cat,Rooney,,,,,
14/04/2022 12:44:17,Biskit,Kiki,Mac,O'Hare,Pietro,,,,,
14/04/2022 12:44:22,Coco,Cookie,Dotty,Flo,Genji,,,,,
14/04/2022 12:48:27,Apple,Hazel,Raymond,Roald,Snake,,,,,
14/04/2022 13:27:33,Dom,Erik,Julian,Ketchup,Stitches,,,,,
14/04/2022 13:29:59,Egbert,Lily,Penelope,Poppy,Walker,,,,,
14/04/2022 14:38:08,Ankha,Apollo,Audie,Katt,Pietro,,,,,
14/04/2022 14:58:07,Amelia,Bianca,Cookie,Diana,Portia,,,,,
14/04/2022 15:05:18,Bob,Egbert,Groucho,Mint,Sasha,,,,,
14/04/2022 15:10:47,Merengue,Tangy,Zucker,,,,,,,
14/04/2022 15:42:24,Ankha,Bob,Cookie,Ozzie,Zucker,,,,,
14/04/2022 15:57:21,Bam,Coco,Roald,Sherb,Wolfgang,,,,,
14/04/2022 16:37:50,Apple,Bunnie,Diana,Quillson,,,,,,
14/04/2022 17:37:31,Apple,Hornsby,Huck,Raymond,Rod,,,,,
14/04/2022 17:52:30,Diana,Gonzo,Hornsby,Leopold,Mac,,,,,
14/04/2022 18:01:14,Biskit,Marshal,Raddle,Raymond,Rolf,,,,,
14/04/2022 18:26:24,Cube,Marina,Marty,Sasha,Sprocket,,,,,
14/04/2022 18:29:06,Jambette,Julian,Lily,Muffy,Puddles,,,,,
14/04/2022 18:33:18,Eunice,Flo,Flora,Joey,Twiggy,,,,,
14/04/2022 18:35:15,Bam,Filbert,Goldie,Julia,Rosie,,,,,
14/04/2022 20:00:58,Judy,Marshal,Raymond,Sasha,,,,,,
14/04/2022 20:49:14,Ankha,Lucky,Zell,Zucker,,,,,,
14/04/2022 20:52:34,Bree,Diva,Gigi,Pudge,Teddy,,,,,
14/04/2022 21:01:27,Boone,Jacob,Pashmina,Phoebe,Tiansheng,,,,,
14/04/2022 21:04:44,Ankha,Bunnie,Marina,Muffy,Pietro,,,,,
14/04/2022 21:05:00,Bob,Genji,Lucky,Merengue,Tangy,,,,,
14/04/2022 21:10:56,Beau,Marina,Merengue,Sherb,Zucker,,,,,
14/04/2022 21:15:28,Frobert,Murphy,Raymond,Sasha,Shari,,,,,
14/04/2022 21:34:56,Bruce,Diana,Groucho,Octavian,Paolo,,,,,
14/04/2022 21:41:50,Alfonso,Dom,Octavian,Pietro,Sherb,,,,,
14/04/2022 21:55:36,Bluebear,Chabwick,Ione,Marshal,Sheldon,,,,,
14/04/2022 22:12:19,Benedict,Caroline,Diva,Fauna,Flora,,,,,
14/04/2022 22:31:42,Lolly,Marina,Merengue,Molly,Stitches,,,,,
14/04/2022 22:34:41,Astrid,Biskit,Coco,Nibbles,Sherb,,,,,
14/04/2022 23:04:34,Billy,Cashmere,Daisy,Dobie,Pancetti,,,,,
14/04/2022 23:15:16,Shino,,,,,,,,,
14/04/2022 23:31:14,Flurry,Hazel,Ketchup,Nate,Raymond,,,,,
14/04/2022 23:39:18,Admiral,Audie,Aurora,Merengue,Tammi,,,,,
14/04/2022 23:40:08,Audie,Billy,Celia,Phoebe,Vivian,,,,,
14/04/2022 23:45:59,Ketchup,Poppy,Raymond,Sherb,Shino,,,,,
15/04/2022 00:06:21,Bob,Julian,Raymond,Static,Whitney,,,,,
15/04/2022 01:53:23,Al,Butch,Lucky,Phoebe,Poncho,,,,,
15/04/2022 01:59:32,Felicity,Ione,Judy,Marshal,Sasha,,,,,
15/04/2022 02:17:13,Audie,Mira,Portia,Raymond,Sasha,,,,,
15/04/2022 02:31:21,Bam,Diana,Merengue,Raymond,Zucker,,,,,
15/04/2022 02:44:45,Apple,Kidd,Mira,,,,,,,
15/04/2022 03:18:08,Ankha,Dobie,Lolly,Marlo,Raymond,,,,,
15/04/2022 03:56:44,Mac,Roscoe,Savannah,Shep,Simon,,,,,
15/04/2022 04:02:13,Maple,Marshal,Merengue,Sasha,Zucker,,,,,
15/04/2022 04:28:13,Beau,Filbert,Sasha,Static,Zucker,,,,,
15/04/2022 04:28:30,Ione,Judy,Rosie,Ruby,Sasha,,,,,
15/04/2022 04:37:37,Cookie,O'Hare,Sherb,Tangy,Wolfgang,,,,,
15/04/2022 05:16:21,Ankha,Bea,Beau,Daisy,Fauna,,,,,
15/04/2022 05:54:39,Benedict,Cephalobot,Nana,Piper,Sherb,,,,,
15/04/2022 06:43:45,Flip,Jacob,Skye,Ursala,Zucker,,,,,
15/04/2022 07:05:19,Judy,Lolly,Marina,Molly,Stitches,,,,,
15/04/2022 07:12:57,Dizzy,Groucho,Melba,Merengue,,,,,,
15/04/2022 07:26:24,Deirdre,Judy,Julian,Sparro,Whitney,,,,,
15/04/2022 07:37:13,Beau,Marshal,Sherb,Shino,Zucker,,,,,
15/04/2022 09:05:23,Ankha,Clay,Coco,Pancetti,Stitches,,,,,
15/04/2022 10:26:18,Grizzly,Marina,Reneigh,Renée,Tangy,,,,,
15/04/2022 10:56:18,Ankha,Audie,June,Sasha,Shino,,,,,
15/04/2022 11:54:10,Butch,Dobie,Goldie,Skye,,,,,,
15/04/2022 13:35:04,Audie,Judy,Marina,Raymond,,,,,,
15/04/2022 13:53:41,Aurora,Faith,Flora,Sasha,Sherb,,,,,
15/04/2022 14:55:42,Beau,Cephalobot,Ketchup,Teddy,Zucker,,,,,
15/04/2022 15:23:48,Marcel,Olive,Shino,Zell,Zucker,,,,,
15/04/2022 15:47:06,Blanche,Broccolo,Sherb,Shino,Static,,,,,
15/04/2022 16:13:43,Beau,Diana,Norma,Tia,,,,,,
15/04/2022 16:16:01,Flora,Lily,Maple,Sherb,Tia,,,,,
15/04/2022 17:18:02,Cookie,Daisy,Dobie,Flora,Kiki,,,,,
15/04/2022 17:40:21,Bob,Marshal,Raymond,Sasha,Sherb,,,,,
15/04/2022 17:57:32,Apollo,Judy,Paula,Raymond,Shino,,,,,
15/04/2022 18:06:54,Katt,Marina,Pekoe,Skye,Vladimir,,,,,
15/04/2022 18:12:21,Lionel,Marina,Octavian,Sasha,Zucker,,,,,
15/04/2022 18:19:53,Apple,Flurry,Judy,Marcel,Sherb,,,,,
15/04/2022 18:34:49,Étoile,Muffy,Stella,Vesta,Willow,,,,,
15/04/2022 18:48:03,Anabelle,,,,,,,,,
15/04/2022 18:48:47,Maple,Tia,,,,,,,,
15/04/2022 19:05:45,Apple,Bluebear,Camofrog,Fauna,Marina,,,,,
15/04/2022 19:39:20,Ankha,Bunnie,Merengue,Raymond,Sherb,,,,,
15/04/2022 19:46:18,Apple,Fauna,Kabuki,Lopez,Merengue,,,,,
15/04/2022 19:49:46,Ankha,Ione,Judy,Marshal,Zucker,,,,,
15/04/2022 19:50:52,Coco,Hazel,Punchy,Stitches,,,,,,
15/04/2022 19:51:07,Frett,Octavian,Pierce,Rodney,Wolfgang,,,,,
15/04/2022 20:39:47,Apollo,Benjamin,Boris,Cyrano,Goldie,,,,,
15/04/2022 21:07:34,Coco,Dotty,Lucky,Olivia,Shino,,,,,
15/04/2022 21:10:33,Ione,Marshal,Raymond,Sasha,Sherb,,,,,
15/04/2022 21:22:14,Aurora,Bam,Chester,Walker,Zell,,,,,
15/04/2022 22:00:10,Bob,Chadder,Roald,Rod,Zucker,,,,,
15/04/2022 22:46:53,Candi,Dom,Judy,Sasha,,,,,,
15/04/2022 22:47:12,Apple,Hamphrey,Maple,Nibbles,Sasha,,,,,
15/04/2022 22:55:17,Blanche,Gladys,Margie,Stella,Wart Jr.,,,,,
15/04/2022 23:00:02,Erik,Flurry,Lily,Melba,Shep,,,,,
15/04/2022 23:02:29,Audie,Broccolo,Chelsea,Lopez,Whitney,,,,,
15/04/2022 23:24:14,Ankha,Fauna,Marshal,Raymond,Zell,,,,,
15/04/2022 23:27:52,Curt,Dotty,Ione,Lucky,Stitches,,,,,
16/04/2022 00:16:50,Audie,Ione,Judy,Poppy,Raymond,,,,,
16/04/2022 01:14:36,Curlos,Deli,Flip,Kabuki,Zucker,,,,,
16/04/2022 01:58:41,Cookie,Genji,Judy,Kabuki,Sasha,,,,,
16/04/2022 01:59:09,Camofrog,Filbert,Ozzie,Pietro,Roald,,,,,
16/04/2022 02:03:13,Ankha,Bob,Coco,Kiki,Lolly,,,,,
16/04/2022 02:53:44,Bam,Sherb,Shino,,,,,,,
16/04/2022 03:51:11,Aurora,Chevre,,,,,,,,
16/04/2022 05:03:16,Beau,Fauna,Marshal,Roscoe,Tia,,,,,
16/04/2022 05:41:53,Stitches,,,,,,,,,
16/04/2022 06:02:17,Judy,Marshal,Molly,Pekoe,Stitches,,,,,
16/04/2022 06:32:51,Diana,Lily,Marshal,Roscoe,Wart Jr.,,,,,
16/04/2022 07:54:13,Ace,Ankha,Scoot,,,,,,,
16/04/2022 08:51:45,Cranston,Dotty,Katt,Maggie,Ribbot,,,,,
16/04/2022 09:08:57,Dom,Eunice,Marshal,Octavian,Shino,,,,,
16/04/2022 09:19:55,Cookie,Lyman,Maddie,Sherb,,,,,,
16/04/2022 10:35:51,Alfonso,Beardo,Bluebear,Deena,Filbert,,,,,
16/04/2022 12:45:08,Beau,Ione,Judy,Raymond,Shino,,,,,
16/04/2022 13:30:28,Colton,Lucky,Nibbles,Olivia,Piper,,,,,
16/04/2022 14:30:18,Ankha,Ketchup,,,,,,,,
16/04/2022 14:47:04,Lucky,Sasha,Sherb,Stitches,Tiansheng,,,,,
16/04/2022 15:02:49,Audie,Bluebear,Punchy,Scoot,Skye,,,,,
16/04/2022 15:17:46,Ankha,Kiki,Lolly,Raymond,Rudy,,,,,
16/04/2022 15:34:27,Candi,Cookie,Ellie,Flurry,Sherb,,,,,
16/04/2022 15:55:06,Ankha,Raymond,Roald,Shino,Stitches,,,,,
16/04/2022 16:06:02,Broccolo,Cephalobot,Grizzly,Rex,Teddy,,,,,
16/04/2022 16:43:51,Chops,Chow,Flurry,Frank,Greta,,,,,
16/04/2022 16:49:52,Ione,Lolly,Merry,Petri,Raymond,,,,,
16/04/2022 17:48:47,Annalisa,Bluebear,Ione,Judy,Ruby,,,,,
16/04/2022 18:01:58,Ankha,Cesar,Faith,Filbert,Gladys,,,,,
16/04/2022 19:06:32,Bob,Punchy,Zucker,,,,,,,
16/04/2022 19:12:40,Blaire,Coco,Cousteau,Marshal,Merengue,,,,,
16/04/2022 19:24:03,Ankha,Bob,,,,,,,,
16/04/2022 19:30:01,Bluebear,Chabwick,Dizzy,Dobie,Phoebe,,,,,
16/04/2022 19:42:43,Avery,Petri,Simon,Sprocket,Tex,,,,,
16/04/2022 19:56:47,Benjamin,Blaire,Freya,June,,,,,,
16/04/2022 20:37:37,Ankha,Marshal,Merengue,Roald,Sherb,,,,,
16/04/2022 21:15:03,Hamlet,Hornsby,Marina,Sherb,,,,,,
16/04/2022 21:20:16,Camofrog,Chabwick,Clay,Flo,Hornsby,,,,,
16/04/2022 21:59:37,Beau,Diana,Flo,Judy,Punchy,,,,,
16/04/2022 22:55:32,Lolly,Marshal,Raymond,Sasha,Sherb,,,,,
16/04/2022 23:28:03,Erik,Julian,Molly,Nan,Sherb,,,,,
17/04/2022 00:42:53,Camofrog,Dom,Marshal,Pashmina,Sherb,,,,,
17/04/2022 02:02:10,Ione,Judy,Julian,Lily,Marina,,,,,
17/04/2022 02:06:47,Sherb,,,,,,,,,
17/04/2022 03:35:22,Bill,Julian,Kid Cat,Lucky,Moose,,,,,
17/04/2022 03:38:34,Beau,Fauna,Judy,Marshal,Raymond,,,,,
17/04/2022 03:43:33,Beau,Goldie,Merengue,Sasha,Shino,,,,,
17/04/2022 03:46:27,Ankha,Beau,Merengue,Sasha,Skye,,,,,
17/04/2022 04:03:23,Ankha,Beau,Phoebe,Raymond,,,,,,
17/04/2022 04:16:49,Deirdre,Filbert,Marshal,O'Hare,Sasha,,,,,
17/04/2022 04:20:52,Ankha,Fauna,Marshal,,,,,,,
17/04/2022 05:44:35,Chrissy,Fang,Poppy,Rodney,Walt,,,,,
17/04/2022 06:17:29,Raymond,Shino,,,,,,,,
17/04/2022 06:33:43,Bree,Chai,Dizzy,Grizzly,Mitzi,,,,,
17/04/2022 06:39:54,Dom,Erik,Judy,Octavian,Rosie,,,,,
17/04/2022 07:00:08,Fang,Fauna,Skye,Zell,Zucker,,,,,
17/04/2022 07:47:15,Octavian,Shep,Shino,Teddy,Zucker,,,,,
17/04/2022 10:47:24,Erik,Judy,Molly,Pecan,Poppy,,,,,
17/04/2022 12:23:20,Fang,Molly,Sherb,,,,,,,
17/04/2022 12:59:33,Claude,Lily,Reneigh,Rodney,Tasha,,,,,
17/04/2022 13:08:01,Erik,Fauna,Filbert,Maple,Molly,,,,,
17/04/2022 13:42:04,Broccolo,Megan,Raymond,Sasha,Tangy,,,,,
17/04/2022 13:53:21,Coco,Judy,Raymond,Stitches,Zucker,,,,,
17/04/2022 15:50:29,Ankha,Beau,Ione,Molly,Raymond,,,,,
17/04/2022 16:02:04,Lucky,Molly,Sasha,Stitches,Zucker,,,,,
17/04/2022 16:27:09,Lolly,Marty,Raymond,Rosie,Sherb,,,,,
17/04/2022 16:28:31,Derwin,Phoebe,Pierce,Sasha,Weber,,,,,
17/04/2022 16:52:54,Audie,Bob,Cookie,Grizzly,Sherb,,,,,
17/04/2022 17:48:57,Apple,Cube,Diva,Kabuki,Merengue,,,,,
17/04/2022 17:57:19,Beau,Judy,Marshal,Sherb,Shino,,,,,
17/04/2022 18:06:38,Sherb,,,,,,,,,
17/04/2022 18:22:16,Daisy,Marshal,Punchy,,,,,,,
17/04/2022 18:22:48,Bob,Cherry,Lolly,Marshal,Sherb,,,,,
17/04/2022 19:23:31,Caroline,Eunice,Megan,Stinky,Willow,,,,,
17/04/2022 19:35:01,Bob,Chabwick,Doc,Fuchsia,Merry,,,,,
17/04/2022 19:39:38,Flora,Rudy,Sally,Samson,Sandy,,,,,
17/04/2022 20:20:22,Dobie,Filbert,Hans,Lyman,Wart Jr.,,,,,
17/04/2022 20:57:14,Punchy,Raymond,Rosie,Sasha,Skye,,,,,
17/04/2022 21:05:59,Coco,Fauna,Ketchup,Lucky,Merengue,,,,,
17/04/2022 21:56:57,Beau,Fauna,Lucky,Sherb,Zucker,,,,,
17/04/2022 22:34:05,Apollo,Beau,Reneigh,Shep,Tiansheng,,,,,
17/04/2022 22:36:13,Beau,Reneigh,Shep,Tiansheng,Whitney,,,,,
17/04/2022 22:36:50,Beau,Reneigh,Shep,Tiansheng,Whitney,,,,,
18/04/2022 00:06:10,Audie,Kitty,Punchy,Whitney,Wolfgang,,,,,
18/04/2022 00:19:27,Audie,Bubbles,Lobo,Merengue,Zell,,,,,
18/04/2022 01:30:43,Anchovy,Cephalobot,Lopez,Marshal,Tangy,,,,,
18/04/2022 01:52:40,Cherry,Lucky,Phoebe,Poppy,Rowan,,,,,
18/04/2022 01:55:20,Beau,Kyle,Merry,Poncho,Sprinkle,,,,,
18/04/2022 02:05:56,Ankha,Lucky,Marshal,Sherb,Shino,,,,,
18/04/2022 02:21:19,Judy,Lucky,Sherb,Shino,Skye,,,,,
18/04/2022 02:53:42,Ankha,Bea,Curlos,Deirdre,Fang,,,,,
18/04/2022 03:05:31,Coco,Lolly,Maple,Marshal,,,,,,
18/04/2022 04:47:16,Cephalobot,Marina,Octavian,Raymond,Zucker,,,,,
18/04/2022 04:59:33,Azalea,Biskit,Rosie,Simon,Whitney,,,,,
18/04/2022 07:44:51,Beau,Dom,Melba,Raymond,Zucker,,,,,
18/04/2022 08:43:04,Dom,Marshal,Murphy,Sasha,Sherb,,,,,
18/04/2022 08:50:05,Bluebear,Broccolo,Bunnie,Deirdre,,,,,,
18/04/2022 09:02:02,Ankha,Audie,Fuchsia,Pekoe,Raymond,,,,,
18/04/2022 11:15:51,Bluebear,Bones,Portia,Tipper,,,,,,
18/04/2022 11:43:33,Zucker,,,,,,,,,
18/04/2022 11:45:37,Beau,Flora,Octavian,Roald,,,,,,
18/04/2022 11:46:47,Bob,Kid Cat,Lolly,Stitches,Zucker,,,,,
18/04/2022 12:34:21,Renée,,,,,,,,,
18/04/2022 13:18:46,Ankha,Lily,Marina,Molly,Raymond,,,,,
18/04/2022 14:11:36,Bob,Cookie,Punchy,Rowan,,,,,,
18/04/2022 14:23:44,Lolly,Rosie,Sherb,Shino,Stitches,,,,,
18/04/2022 14:29:47,Ankha,Chevre,Curt,Raymond,Zucker,,,,,
18/04/2022 14:38:25,Billy,Cherry,Diana,Erik,Nan,,,,,
18/04/2022 14:53:02,Bonbon,Carmen,Coco,Grizzly,Ike,,,,,
18/04/2022 15:09:04,Blaire,Drake,Ketchup,Molly,Quillson,,,,,
18/04/2022 17:12:37,Biskit,Flora,Gayle,Merengue,Tutu,,,,,
18/04/2022 17:30:47,Erik,Julian,Olivia,Tia,Zucker,,,,,
18/04/2022 17:42:23,Canberra,Fauna,Marina,Marshal,Zucker,,,,,
18/04/2022 18:27:51,Apollo,Ione,Jitters,Marshal,Merry,,,,,
18/04/2022 18:31:31,Agnes,Chai,Chevre,Eloise,Portia,,,,,
18/04/2022 19:53:21,Cheri,Grizzly,Jeremiah,Lily,Marlo,,,,,
18/04/2022 20:59:22,Ankha,Joey,Ketchup,Merry,Zell,,,,,
18/04/2022 21:28:04,Bubbles,Canberra,Cyd,Hornsby,Tiansheng,,,,,
18/04/2022 21:33:36,Diana,Fauna,Marina,Merengue,Stitches,,,,,
18/04/2022 21:38:51,Chelsea,Cookie,Étoile,,,,,,,
18/04/2022 21:40:09,Fang,Lucky,Marshal,Melba,Snake,,,,,
18/04/2022 22:33:52,Chrissy,Deirdre,Maple,,,,,,,
18/04/2022 22:48:25,Alice,Bianca,Diva,Raddle,Reneigh,,,,,
18/04/2022 23:08:02,Chrissy,Francine,Ione,Marina,Raymond,,,,,
18/04/2022 23:19:07,Audie,Cherry,Sasha,,,,,,,
18/04/2022 23:31:36,Coco,Erik,Hornsby,Julian,Sylvia,,,,,
18/04/2022 23:54:42,Coco,Ione,Ketchup,Sasha,Sherb,,,,,
18/04/2022 23:57:35,Jacob,Lobo,Pietro,Raymond,Scoot,,,,,
19/04/2022 00:10:29,Rudy,Sherb,Shino,Stitches,Zucker,,,,,
19/04/2022 00:11:15,Boots,Reneigh,Rod,Scoot,Sprinkle,,,,,
19/04/2022 00:30:15,Coco,Étoile,Lucky,Merengue,Tia,,,,,
19/04/2022 00:36:03,Faith,Ketchup,Marshal,Melba,Tia,,,,,
19/04/2022 00:39:32,Audie,Goldie,Marina,Pudge,Sasha,,,,,
19/04/2022 00:45:11,Dom,Flo,Jitters,Stitches,Zucker,,,,,
19/04/2022 01:02:08,Gonzo,Maddie,Prince,Truffles,Wendy,,,,,
19/04/2022 01:29:16,Ankha,Bob,Flurry,Freya,Julian,,,,,
19/04/2022 02:36:10,Marshal,Sasha,Tucker,,,,,,,
19/04/2022 03:38:57,Mira,,,,,,,,,
19/04/2022 03:41:45,Chief,Flora,Mitzi,Sherb,Whitney,,,,,
19/04/2022 03:58:35,Al,Bella,,,,,,,,
19/04/2022 04:06:56,Audie,Judy,Maple,Marina,Tia,,,,,
19/04/2022 04:10:48,Chief,Marshal,Sasha,,,,,,,
19/04/2022 04:25:48,Clay,Freckles,Fuchsia,Pietro,Rio,,,,,
19/04/2022 04:35:52,Celia,Daisy,Diva,Rosie,Vivian,,,,,
19/04/2022 04:57:26,Erik,Fang,Judy,Julian,Marina,,,,,
19/04/2022 04:59:16,Beau,Dobie,Kid Cat,Olivia,Raymond,,,,,
19/04/2022 05:48:16,Ankha,Coco,Diana,Marina,Merengue,,,,,
19/04/2022 05:53:11,Cole,Joey,Katt,Knox,Marcie,,,,,
19/04/2022 06:02:43,Beau,Judy,Maple,Marshal,Molly,,,,,
19/04/2022 06:04:42,Ace,Audie,Hopper,Merengue,Quinn,,,,,
19/04/2022 06:51:22,Dom,Judy,Lionel,Marshal,Punchy,,,,,
19/04/2022 07:04:07,Audie,Chrissy,Ione,Judy,Raymond,,,,,
19/04/2022 10:02:39,Apollo,Diana,Drago,Kid Cat,Reneigh,,,,,
19/04/2022 10:13:14,Bob,Kid Cat,Merry,Punchy,Rosie,,,,,
19/04/2022 11:21:02,Apple,Dom,Lolly,Marshal,Marty,,,,,
19/04/2022 11:49:59,Cube,Fauna,Joey,Molly,Stitches,,,,,
19/04/2022 13:23:46,Astrid,Cranston,Moose,Opal,Rooney,,,,,
19/04/2022 13:33:59,Angus,Bruce,Clay,Poncho,Wolfgang,,,,,
19/04/2022 14:01:50,Cookie,Fauna,Merengue,Tia,,,,,,
19/04/2022 15:18:45,Diana,Genji,Jeremiah,Lily,Marlo,,,,,
19/04/2022 15:56:30,Aurora,Bunnie,Cookie,Erik,Paolo,,,,,
19/04/2022 16:24:18,Ankha,Audie,Cherry,Dotty,Maelle,,,,,
19/04/2022 16:42:21,Stitches,,,,,,,,,
19/04/2022 16:44:09,Marshal,Poppy,Raymond,Sasha,Skye,,,,,
19/04/2022 16:53:15,Alfonso,Cherry,Raymond,Shino,Tiansheng,,,,,
19/04/2022 16:59:11,Apple,Flip,Kyle,Sheldon,Simon,,,,,
19/04/2022 17:06:35,Apple,Buck,Flip,Puck,Simon,,,,,
19/04/2022 17:06:59,Apple,Flip,Puck,Sheldon,Simon,,,,,
19/04/2022 17:13:51,Diana,Étoile,Judy,Merry,Muffy,,,,,
19/04/2022 17:25:08,Ankha,Audie,Kid Cat,Shino,,,,,,
19/04/2022 17:25:52,Audie,Kid Cat,Shino,,,,,,,
19/04/2022 18:05:07,Bea,Chrissy,June,Maple,Melba,,,,,
19/04/2022 18:41:25,Ankha,Coco,Fauna,Marina,Muffy,,,,,
19/04/2022 18:52:31,Dom,,,,,,,,,
19/04/2022 18:53:23,Diana,Dom,Fauna,Rex,Tiansheng,,,,,
19/04/2022 18:53:48,Dom,Tiansheng,,,,,,,,
19/04/2022 19:19:46,Fauna,Judy,Julian,Merengue,Molly,,,,,
19/04/2022 20:23:50,Bones,Cheri,Hazel,Maple,Molly,,,,,
19/04/2022 20:36:24,Al,Ankha,Barold,Fuchsia,Roald,,,,,
19/04/2022 21:47:04,Anabelle,Marina,Megan,Molly,Murphy,,,,,
19/04/2022 22:13:41,Audie,Freya,Moe,Sasha,Wolfgang,,,,,
19/04/2022 22:15:48,Audie,Curlos,Nan,Petri,Whitney,,,,,
19/04/2022 22:28:07,Bam,Broccolo,Dom,Nana,Pashmina,,,,,
19/04/2022 22:58:26,Bertha,Bob,Clay,Gayle,Sprinkle,,,,,
19/04/2022 23:37:04,Cherry,Judy,Marshal,Merengue,Zucker,,,,,
19/04/2022 23:49:13,Bob,Dom,Ione,Marlo,Pietro,,,,,
19/04/2022 23:53:35,Bluebear,Bob,Erik,Freckles,Molly,,,,,
20/04/2022 00:03:46,Graham,Stitches,,,,,,,,
20/04/2022 00:07:50,Chai,Étoile,Goose,Marty,Tiffany,,,,,
20/04/2022 00:18:43,Claude,Clay,Greta,Joey,Rudy,,,,,
20/04/2022 00:32:14,Ankha,Bonbon,Cherry,Sasha,Shino,,,,,
20/04/2022 00:33:29,Cephalobot,Nate,Wendy,,,,,,,
20/04/2022 00:42:15,Dizzy,Norma,Poppy,Rio,Sherb,,,,,
20/04/2022 01:22:44,Ankha,Dom,Flora,Shino,Stitches,,,,,
20/04/2022 01:41:27,Bunnie,Carmen,Chai,Chrissy,Lolly,,,,,
20/04/2022 03:51:49,Shino,,,,,,,,,
20/04/2022 04:06:54,Apollo,Beardo,Filbert,Ricky,Vesta,,,,,
20/04/2022 04:07:04,Beau,Bones,Sasha,Sherb,Stitches,,,,,
20/04/2022 04:18:23,Ione,Judy,Marina,Marshal,Raymond,,,,,
20/04/2022 06:31:16,Billy,Bob,Dobie,Erik,Tangy,,,,,
20/04/2022 09:11:04,Bones,Chelsea,Knox,Petri,Roswell,,,,,
20/04/2022 10:08:22,Chai,Daisy,Ione,Mallary,Melba,,,,,
20/04/2022 10:57:50,Apple,Clay,Flurry,Pekoe,Zucker,,,,,
20/04/2022 11:15:17,Anchovy,Barold,Dom,Jacob,Zucker,,,,,
20/04/2022 13:53:09,Henry,Mint,Shino,,,,,,,
20/04/2022 14:09:39,Buck,Filbert,Rosie,,,,,,,
20/04/2022 14:19:56,Judy,Julian,Merengue,Sasha,Shino,,,,,
20/04/2022 14:26:41,Diana,Erik,Judy,Marshal,Shino,,,,,
20/04/2022 15:06:04,Deirdre,Julian,Nate,Tia,Walker,,,,,
20/04/2022 15:32:15,Clay,Diva,Hornsby,Lobo,Wolfgang,,,,,
20/04/2022 16:01:42,Beau,Bill,Blaire,Coco,Erik,,,,,
20/04/2022 16:07:13,Antonio,Quinn,Shino,Skye,Stitches,,,,,
20/04/2022 16:19:29,Ankha,Apollo,Erik,Henry,Sydney,,,,,
20/04/2022 16:44:53,Ione,Lolly,Ruby,Shari,Wendy,,,,,
20/04/2022 17:36:48,Filbert,Judy,Marlo,Melba,Tangy,,,,,
20/04/2022 17:43:57,Annalisa,Julian,Mira,Wendy,,,,,,
20/04/2022 18:07:31,Petri,Poppy,Sasha,,,,,,,
20/04/2022 18:48:23,Carrie,Kitt,Marcie,Merengue,Stitches,,,,,
20/04/2022 18:53:41,Bones,Cube,Curlos,Tex,Tom,,,,,
20/04/2022 19:11:08,Maddie,Marshal,Shino,Stitches,Zucker,,,,,
20/04/2022 20:47:10,Audie,Marina,Marshal,Plucky,Raymond,,,,,
20/04/2022 21:02:04,Merengue,Norma,Sasha,Sherb,,,,,,
20/04/2022 21:05:26,Apollo,Deena,Marshal,Melba,Raymond,,,,,
20/04/2022 22:37:30,Ione,Judy,Maple,Stitches,Zucker,,,,,
20/04/2022 22:55:46,Ione,Marina,Marshal,Merengue,Whitney,,,,,
20/04/2022 23:09:44,Fauna,Hornsby,Ione,Marshal,Merengue,,,,,
20/04/2022 23:26:19,Bam,Ketchup,Lolly,Savannah,Static,,,,,
20/04/2022 23:50:07,Punchy,Rosie,,,,,,,,
21/04/2022 00:24:21,Beau,Diva,,,,,,,,
21/04/2022 00:33:42,Ankha,Bob,Cookie,Flurry,Gabi,,,,,
21/04/2022 00:49:50,Audie,Kyle,Merengue,Sherb,Spike,,,,,
21/04/2022 00:50:17,Bam,Diana,Erik,Flora,Lolly,,,,,
21/04/2022 02:11:26,Bob,Henry,Hugh,Raymond,Rolf,,,,,
21/04/2022 03:03:27,Beau,Bob,Marshal,Sherb,Zucker,,,,,
21/04/2022 03:16:04,Lobo,Pashmina,Sherb,Shino,Zucker,,,,,
21/04/2022 03:33:28,Marina,Merengue,Merry,Mint,Roscoe,,,,,
21/04/2022 03:47:09,Cheri,June,Marshal,Pekoe,Tasha,,,,,
21/04/2022 04:13:57,Bob,Dobie,Hornsby,Kyle,Tad,,,,,
21/04/2022 04:43:05,Cranston,Ione,Marshal,Raymond,Roswell,,,,,
21/04/2022 05:19:13,Carrie,Deirdre,Jitters,Sylvana,Walt,,,,,
21/04/2022 05:39:46,Raymond,Shep,,,,,,,,
21/04/2022 05:49:13,Alice,Daisy,Sherb,,,,,,,
21/04/2022 05:59:09,Gala,Gayle,Pashmina,Pietro,Sprinkle,,,,,
21/04/2022 06:00:33,Fauna,Maple,Marshal,Shino,Zucker,,,,,
21/04/2022 06:31:56,Bea,Drake,Elmer,Gonzo,Lolly,,,,,
21/04/2022 06:32:54,Julian,Molly,Roald,Wade,Wolfgang,,,,,
21/04/2022 06:35:30,Julian,Molly,Roald,Wade,Wolfgang,,,,,
21/04/2022 06:37:45,Julian,Molly,Roald,Wade,Wolfgang,,,,,
21/04/2022 06:40:27,Julian,Molly,Roald,Wade,Wolfgang,,,,,
21/04/2022 07:18:29,Julian,Molly,Roald,Wade,Wolfgang,,,,,
21/04/2022 07:42:53,Blanche,Coco,Genji,Marshal,Ruby,,,,,
21/04/2022 08:28:51,Lolly,Snooty,,,,,,,,
21/04/2022 09:06:03,Bunnie,Gaston,Lily,Sasha,Shino,,,,,
21/04/2022 09:12:14,Apple,Chief,Phoebe,Vivian,Whitney,,,,,
21/04/2022 09:36:12,Aurora,Diana,Dom,Julian,Sherb,,,,,
21/04/2022 10:25:03,Huck,Katt,Nate,Rasher,Sly,,,,,
21/04/2022 10:38:43,Cherry,Doc,Jambette,Kevin,Moe,,,,,
21/04/2022 11:11:36,Bam,Bea,Beau,Bianca,Lolly,,,,,
21/04/2022 13:05:40,Étoile,Ione,Sheldon,Spork,Tangy,,,,,
21/04/2022 13:16:48,Chevre,Flurry,Grizzly,Nan,Roswell,,,,,
21/04/2022 13:45:00,Al,Bonbon,Dizzy,Molly,Sherb,,,,,
21/04/2022 14:24:07,Bones,Cube,Ellie,Melba,Peaches,,,,,
21/04/2022 14:26:44,Avery,Celia,Ione,Sheldon,Tangy,,,,,
21/04/2022 14:44:15,Beau,Gayle,Maple,Melba,Molly,,,,,
21/04/2022 15:19:16,Filbert,Hazel,June,Sasha,Tammy,,,,,
21/04/2022 15:29:21,Apollo,Bob,Fang,Tangy,Wade,,,,,
21/04/2022 15:39:06,Butch,Dom,Ione,Judy,Marshal,,,,,
21/04/2022 15:43:46,Cookie,Ione,Marshal,Peanut,Shino,,,,,
21/04/2022 17:04:21,Agnes,Bella,Keaton,Pecan,Scoot,,,,,
21/04/2022 17:12:18,Ankha,Kid Cat,Marshal,Mira,Raymond,,,,,
21/04/2022 17:27:50,Apple,Flip,Kyle,Lucky,Simon,,,,,
21/04/2022 17:36:31,Alice,Freya,Kabuki,Lolly,Sprocket,,,,,
21/04/2022 18:00:52,Ankha,Chabwick,Ketchup,Monique,Piper,,,,,
21/04/2022 18:15:28,Kiki,Merengue,Ruby,Sylvia,,,,,,
21/04/2022 18:44:20,Eloise,Gabi,Lolly,Margie,Mitzi,,,,,
21/04/2022 19:19:40,Apple,Felicity,Maple,,,,,,,
21/04/2022 20:01:54,Kiki,Lolly,Merry,Mitzi,Tangy,,,,,
21/04/2022 20:33:44,Goldie,Kabuki,Leopold,Sasha,Shino,,,,,
21/04/2022 21:28:08,Axel,Coco,Katt,Roald,Sherb,,,,,
21/04/2022 22:23:01,Diana,Henry,Judy,Poppy,Sasha,,,,,
21/04/2022 23:30:47,Dom,Murphy,Shino,,,,,,,
21/04/2022 23:35:38,Coco,Zucker,,,,,,,,
21/04/2022 23:37:03,Bam,Drago,Gayle,Merengue,Reneigh,,,,,
22/04/2022 00:09:17,June,Marshal,Pashmina,Raymond,Sasha,,,,,
22/04/2022 00:36:14,Henry,Maddie,Simon,Tabby,,,,,,
22/04/2022 00:53:00,Coco,Henry,Poppy,Shino,Teddy,,,,,
22/04/2022 00:57:47,Fang,Fauna,Marshal,Roald,Sherb,,,,,
22/04/2022 01:27:22,Diana,Lopez,Marcel,Ribbot,Walt,,,,,
22/04/2022 02:27:53,Bluebear,Bunnie,Marshal,,,,,,,
22/04/2022 04:10:06,Ankha,Bob,Cherry,Lolly,Raymond,,,,,
22/04/2022 04:10:16,Broccolo,Flurry,Judy,Maple,Sherb,,,,,
22/04/2022 04:10:51,Cephalobot,Ione,Sasha,Shino,Zucker,,,,,
22/04/2022 04:43:15,Bob,Chai,Filbert,Nibbles,Skye,,,,,
22/04/2022 05:06:56,Bunnie,Genji,Sasha,,,,,,,
22/04/2022 06:12:27,Clay,Gonzo,Marty,Raymond,Stitches,,,,,
22/04/2022 07:38:06,Audie,Raymond,Shino,,,,,,,
22/04/2022 09:52:01,Apple,Beau,Bianca,Soleil,Tank,,,,,
22/04/2022 11:55:22,Dom,Ione,Maple,Sherb,Stitches,,,,,
22/04/2022 12:08:46,Ankha,Genji,Marshal,Molly,Zucker,,,,,
22/04/2022 12:46:05,Hamlet,Octavian,Phoebe,Wolfgang,,,,,,
22/04/2022 12:54:44,Bam,Coco,Julia,Lionel,Sherb,,,,,
22/04/2022 13:27:52,Gabi,Ione,Julian,Pekoe,Petri,,,,,
22/04/2022 13:29:18,Apollo,Mott,Ruby,Sherb,Whitney,,,,,
22/04/2022 13:45:24,Marshal,,,,,,,,,
22/04/2022 16:20:24,Sparro,,,,,,,,,
22/04/2022 17:13:12,Apple,Henry,Judy,Peanut,Roald,,,,,
22/04/2022 17:35:02,Beau,Cookie,Sherb,,,,,,,
22/04/2022 17:49:10,Cherry,Kiki,Octavian,Ozzie,Raymond,,,,,
22/04/2022 18:08:19,Kitt,Merengue,Olaf,Pekoe,Tangy,,,,,
22/04/2022 18:13:40,Dobie,Fang,Pietro,Raymond,Shino,,,,,
22/04/2022 18:25:42,Octavian,Raymond,Roald,Shino,Zucker,,,,,
22/04/2022 19:19:57,Marshal,Merengue,Muffy,Pekoe,Raymond,,,,,
22/04/2022 20:07:39,Ankha,Cheri,Dotty,Kid Cat,Ruby,,,,,
22/04/2022 20:35:16,Audie,Clay,Del,Dom,Jeremiah,,,,,
22/04/2022 21:13:37,Fauna,Kiki,Papi,Savannah,Skye,,,,,
22/04/2022 21:51:50,Lily,Mitzi,Molly,Sherb,Zucker,,,,,
22/04/2022 22:04:25,Cherry,Klaus,Maple,O'Hare,Stitches,,,,,
22/04/2022 22:09:43,Apollo,Celia,Drago,Raymond,Sprocket,,,,,
22/04/2022 22:13:19,Deli,,,,,,,,,
22/04/2022 22:22:01,Beau,Merengue,Soleil,Tank,Tom,,,,,
22/04/2022 22:31:59,Erik,Goldie,Merengue,Molly,Shino,,,,,
22/04/2022 22:35:08,Anabelle,Ankha,Antonio,Azalea,Elmer,,,,,
22/04/2022 23:08:51,Flo,Flora,Judy,Mac,Raymond,,,,,
22/04/2022 23:17:06,Cephalobot,Coco,Mint,Phoebe,Purrl,,,,,
23/04/2022 00:00:31,Bangle,Bertha,Diva,Friga,Graham,,,,,
23/04/2022 00:20:52,Ankha,Lucky,Marina,Pietro,Skye,,,,,
23/04/2022 01:53:45,Annalisa,Friga,Kabuki,Sylvana,,,,,,
23/04/2022 03:10:53,Hamlet,Kyle,Zell,,,,,,,
23/04/2022 06:14:48,Beau,Fauna,Raymond,Rodeo,Shino,,,,,
23/04/2022 07:00:35,Flurry,,,,,,,,,
23/04/2022 07:05:34,Cheri,Chevre,Sylvia,Tasha,Tipper,,,,,
23/04/2022 10:03:48,Audie,Cleo,Judy,Lolly,Raymond,,,,,
23/04/2022 14:21:37,Beau,Bianca,Merengue,Tammy,Tank,,,,,
23/04/2022 14:26:20,Blanche,Cookie,Diva,Fauna,Marina,,,,,
23/04/2022 14:33:25,Ava,Fuchsia,Murphy,Petri,Tad,,,,,
23/04/2022 15:26:02,Alfonso,Bob,Papi,Roald,Wade,,,,,
23/04/2022 15:47:32,Apollo,Coco,Flip,Lopez,Tia,,,,,
23/04/2022 16:27:59,Lily,Lolly,Marcie,Molly,Sasha,,,,,
23/04/2022 16:52:58,Azalea,Bunnie,Carmen,Olive,Vesta,,,,,
23/04/2022 16:56:17,Étoile,Flurry,Frita,Ione,Marlo,,,,,
23/04/2022 17:18:43,Derwin,Gladys,Graham,Nate,Poncho,,,,,
23/04/2022 17:48:44,Bea,Fauna,Ione,Octavian,Raymond,,,,,
23/04/2022 17:58:06,Ankha,Marshal,Roald,Tangy,Zucker,,,,,
23/04/2022 18:46:07,Audie,Dobie,Grizzly,Maple,Marshal,,,,,
23/04/2022 19:00:47,Bam,Roald,Sherb,,,,,,,
23/04/2022 19:18:48,Fauna,Judy,Ketchup,Maple,Stitches,,,,,
23/04/2022 19:25:20,Agnes,Audie,,,,,,,,
23/04/2022 20:17:30,Frett,,,,,,,,,
23/04/2022 20:21:05,Erik,Fauna,Maple,Molly,Shino,,,,,
23/04/2022 21:07:06,Ankha,Felicity,Flora,Freya,Katt,,,,,
23/04/2022 21:46:01,Katt,Marshal,Raymond,Snake,Teddy,,,,,
23/04/2022 22:19:56,Bonbon,Norma,Pietro,,,,,,,
23/04/2022 22:33:32,Chabwick,Faith,Ione,Marlo,Raymond,,,,,
23/04/2022 22:52:27,Ava,Lolly,Monique,Teddy,Tipper,,,,,
23/04/2022 23:37:23,Ione,Kiki,Merry,Raymond,Sherb,,,,,
24/04/2022 00:17:22,Bob,Jeremiah,Pietro,Scoot,Stitches,,,,,
24/04/2022 00:39:41,Ankha,Ione,Lolly,Raymond,Sherb,,,,,
24/04/2022 01:18:24,Erik,Sasha,,,,,,,,
24/04/2022 01:27:58,Apple,Julian,Marshal,Raymond,Stitches,,,,,
24/04/2022 01:28:13,Raymond,,,,,,,,,
24/04/2022 01:35:08,Raymond,,,,,,,,,
24/04/2022 01:35:16,Hornsby,Judy,Marshal,Melba,Raymond,,,,,
24/04/2022 01:37:24,Ace,Daisy,Ellie,Raddle,Zucker,,,,,
24/04/2022 02:02:37,Beau,Hamphrey,Judy,Poncho,Sherb,,,,,
24/04/2022 02:08:05,Apollo,Apple,Audie,Phoebe,Sherb,,,,,
24/04/2022 02:11:24,Lily,Maple,Molly,Raymond,Shino,,,,,
24/04/2022 02:36:22,Fuchsia,Melba,Punchy,,,,,,,
24/04/2022 03:01:42,Ankha,Marshal,Merengue,Raymond,Tangy,,,,,
24/04/2022 04:28:14,Bob,Dom,Merry,Ruby,Tia,,,,,
24/04/2022 05:58:33,Ione,Julia,Julian,Kidd,Shino,,,,,
24/04/2022 06:05:20,Punchy,,,,,,,,,
24/04/2022 06:46:08,Dom,Judy,Marshal,Raymond,Zucker,,,,,
24/04/2022 06:53:43,Anicotti,Annalisa,Antonio,Apple,Astrid,,,,,
24/04/2022 08:51:48,Ankha,Fauna,Flurry,Roald,Zucker,,,,,
24/04/2022 09:42:10,Ankha,Derwin,Flora,Lopez,Weber,,,,,
24/04/2022 10:05:40,Audie,Bill,Coco,Jacques,Tangy,,,,,
24/04/2022 10:31:09,Marshal,Sprinkle,Vic,,,,,,,
24/04/2022 11:24:20,Apollo,Kyle,Whitney,,,,,,,
24/04/2022 11:25:30,Ankha,Leopold,Pietro,Shep,Wendy,,,,,
24/04/2022 11:32:20,Beau,Buck,Katt,Lopez,Sterling,,,,,
24/04/2022 11:49:03,Ankha,Flo,Molly,Sherb,,,,,,
24/04/2022 14:27:17,Anabelle,Ankha,Quinn,Rex,Rory,,,,,
24/04/2022 14:32:50,Ace,Cephalobot,Rudy,Snake,Sylvia,,,,,
24/04/2022 14:55:05,Murphy,Punchy,Sherb,Stinky,Tangy,,,,,
24/04/2022 14:58:38,Frita,Goose,Merry,Roscoe,Sprinkle,,,,,
24/04/2022 15:21:19,Bob,Marina,Puddles,Rex,Zucker,,,,,
24/04/2022 15:32:19,Diana,Fauna,Jeremiah,Judy,Julian,,,,,
24/04/2022 15:55:26,Cephalobot,Genji,Julian,Phoebe,Zucker,,,,,
24/04/2022 16:50:36,Filbert,Maple,Marshal,Molly,Poppy,,,,,
24/04/2022 17:01:45,Coco,Diana,Maple,Melba,Tia,,,,,
24/04/2022 17:03:24,Benjamin,Genji,Raymond,Rudy,Toby,,,,,
24/04/2022 17:09:49,Blanche,Diana,Goldie,Poppy,,,,,,
24/04/2022 18:23:35,Apple,Faith,Maple,Molly,Sprinkle,,,,,
24/04/2022 18:33:11,Dotty,Drift,Rooney,Tom,Zell,,,,,
24/04/2022 18:34:50,Carrie,Marina,Sasha,Shino,Skye,,,,,
24/04/2022 18:36:25,Bones,Bruce,Cookie,Erik,Whitney,,,,,
24/04/2022 19:14:27,Benjamin,Cube,Skye,Wart Jr.,Willow,,,,,
24/04/2022 19:24:00,Blaire,Ione,Marshal,Mint,Tasha,,,,,
24/04/2022 20:16:04,Anchovy,Carrie,Pashmina,Tiansheng,,,,,,
24/04/2022 20:21:52,Bam,Roswell,Ursala,Vesta,Zell,,,,,
24/04/2022 21:07:20,Apple,Bluebear,Marshal,Megan,Raymond,,,,,
24/04/2022 21:10:59,Beau,Ketchup,Punchy,,,,,,,
24/04/2022 21:16:45,Barold,Clay,Marshal,Muffy,Pietro,,,,,
24/04/2022 22:01:00,Ava,Buzz,Ketchup,Lily,Queenie,,,,,
24/04/2022 22:11:09,Cranston,,,,,,,,,
24/04/2022 23:26:25,Audie,Freya,Marshal,Megan,Raymond,,,,,
25/04/2022 00:26:11,Étoile,Julian,Raymond,Sasha,Willow,,,,,
25/04/2022 00:27:38,Bam,Mint,Peanut,Puddles,,,,,,
25/04/2022 00:45:01,Apple,Bluebear,Caroline,Cheri,Stitches,,,,,
25/04/2022 00:58:01,Apple,Aurora,Dom,Drago,Marshal,,,,,
25/04/2022 02:15:02,Walker,Willow,Winnie,Yuka,,,,,,
25/04/2022 02:31:44,Apollo,Genji,Reneigh,Roald,Zucker,,,,,
25/04/2022 02:59:46,Beau,Étoile,Fauna,Marshal,Merengue,,,,,
25/04/2022 03:09:09,Avery,Blanche,Broffina,Deirdre,Wolfgang,,,,,
25/04/2022 03:45:05,Cephalobot,Erik,Flip,Flora,Zucker,,,,,
25/04/2022 03:50:23,Goldie,Katt,Mac,Raddle,Stitches,,,,,
25/04/2022 03:51:29,Ace,Admiral,Agent S,Agnes,Al,,,,,
25/04/2022 04:26:51,Bluebear,Judy,Maddie,Pekoe,Stitches,,,,,
25/04/2022 04:34:15,Chief,Dobie,Eugene,Kabuki,Shino,,,,,
25/04/2022 06:11:35,Kiki,Lily,Sasha,Sherb,Shino,,,,,
25/04/2022 06:47:42,Bangle,Jambette,Marina,Octavian,Zucker,,,,,
25/04/2022 07:13:31,Audie,Diana,Ione,Lolly,Raymond,,,,,
25/04/2022 07:49:16,Agent S,Ankha,Apollo,Bones,Camofrog,,,,,
25/04/2022 08:46:29,Fang,Fauna,Flurry,Hornsby,Marina,,,,,
25/04/2022 09:45:58,Agent S,Lucky,Marshal,Roald,Sherb,,,,,
25/04/2022 10:10:55,Apollo,Fuchsia,Ione,Marshal,Rosie,,,,,
25/04/2022 11:23:37,Bam,Filbert,Hopkins,Raymond,Sherb,,,,,
25/04/2022 11:59:40,Bob,Deena,Frett,Pietro,Shino,,,,,
25/04/2022 12:52:40,Dobie,Fang,Goldie,Poppy,,,,,,
25/04/2022 13:54:59,Judy,Marshal,Sasha,Sherb,Stitches,,,,,
25/04/2022 14:41:17,Tom,,,,,,,,,
25/04/2022 14:42:41,Tom,,,,,,,,,
25/04/2022 14:43:56,Tom,,,,,,,,,
25/04/2022 14:45:21,Tom,,,,,,,,,
25/04/2022 14:46:21,Tom,,,,,,,,,
25/04/2022 14:47:34,Tom,,,,,,,,,
25/04/2022 14:48:33,Tom,,,,,,,,,
25/04/2022 14:49:59,Tom,,,,,,,,,
25/04/2022 14:51:51,Tom,,,,,,,,,
25/04/2022 14:54:03,Tom,,,,,,,,,
25/04/2022 14:55:58,Tom,,,,,,,,,
25/04/2022 14:57:11,Tom,,,,,,,,,
25/04/2022 14:59:17,Tom,,,,,,,,,
25/04/2022 15:03:05,Tom,,,,,,,,,
25/04/2022 15:44:55,Marshal,Raymond,Sherb,,,,,,,
25/04/2022 16:13:56,Groucho,Lucky,Marshal,Mint,Raymond,,,,,
25/04/2022 16:47:19,Alice,Beau,Coach,Fauna,Poppy,,,,,
25/04/2022 16:50:21,Audie,Raymond,Sherb,Shino,Zucker,,,,,
25/04/2022 17:07:36,Agnes,Flora,Petri,Puddles,Roald,,,,,
25/04/2022 18:41:57,Judy,Lily,Lolly,Marina,Raymond,,,,,
25/04/2022 19:06:44,Apollo,Coco,Shino,Stitches,Tipper,,,,,
25/04/2022 19:12:26,Ankha,Ione,Judy,Merengue,Stitches,,,,,
25/04/2022 19:13:40,Ankha,Beau,Fauna,Judy,Maple,,,,,
25/04/2022 19:34:27,Ace,Admiral,Agent S,Agnes,Al,,,,,
25/04/2022 19:56:17,Apollo,Goldie,Peanut,Raymond,Tia,,,,,
25/04/2022 21:06:47,Agnes,Marshal,Molly,Raymond,Roald,,,,,
25/04/2022 21:39:14,Cube,Freya,Groucho,Ozzie,,,,,,
25/04/2022 22:11:33,Ankha,Audie,Judy,Marshal,Raymond,,,,,
25/04/2022 22:52:27,Ankha,Bruce,Coco,Maple,Tipper,,,,,
25/04/2022 23:42:22,Marshal,Raymond,Reneigh,Roald,Whitney,,,,,
26/04/2022 00:18:45,Audie,Coco,Henry,Raymond,Shino,,,,,
26/04/2022 00:20:11,Coco,Julian,Muffy,Raymond,Tia,,,,,
26/04/2022 00:26:47,Aurora,Maple,Molly,Pietro,Poppy,,,,,
26/04/2022 01:44:03,Beau,Marshal,Molly,Raymond,Sasha,,,,,
26/04/2022 02:05:34,Bianca,,,,,,,,,
26/04/2022 02:12:01,Beau,Ione,Marshal,Merry,Sasha,,,,,
26/04/2022 02:13:35,Audie,Beau,Marshal,Raymond,Shino,,,,,
26/04/2022 05:29:32,Molly,Ozzie,Ribbot,Stitches,Wade,,,,,
26/04/2022 05:29:45,Goldie,Ione,Merry,Mitzi,Sasha,,,,,
26/04/2022 07:19:00,Beau,Fauna,Phoebe,Sasha,Shino,,,,,
26/04/2022 07:46:04,Cephalobot,Marina,Octavian,Shino,Zucker,,,,,
26/04/2022 07:46:20,Goose,Judy,Raymond,Sherb,Skye,,,,,
26/04/2022 08:28:59,Charlise,Doc,Étoile,Marty,Roswell,,,,,
26/04/2022 10:36:15,Cookie,Erik,Merengue,Raymond,Sasha,,,,,
26/04/2022 10:43:48,Ankha,Bob,Judy,Marshal,Raymond,,,,,
26/04/2022 10:57:51,Ione,Marshal,Raymond,Shino,Tangy,,,,,
26/04/2022 13:29:54,Diana,Fauna,Maple,Skye,Sylvia,,,,,
26/04/2022 14:52:35,Bob,Daisy,Julian,Kabuki,Merengue,,,,,
26/04/2022 15:37:38,Drago,Judy,Sly,Wolfgang,,,,,,
26/04/2022 15:41:42,Henry,Margie,Shep,Teddy,Tiansheng,,,,,
26/04/2022 15:47:34,Ankha,Audie,Ed,Peanut,Tammy,,,,,
26/04/2022 15:56:24,Fauna,Maple,Petri,Sasha,Shino,,,,,
26/04/2022 17:41:26,Audie,,,,,,,,,
26/04/2022 17:47:33,Aurora,Big Top,Derwin,Dizzy,Henry,,,,,
26/04/2022 21:05:36,Ione,Marshal,Pekoe,Sasha,Shino,,,,,
26/04/2022 21:27:44,Bunnie,Maple,Marshal,Raymond,Sasha,,,,,
26/04/2022 21:43:31,Alli,Deirdre,Frank,Patty,Reneigh,,,,,
26/04/2022 22:00:36,Étoile,Jitters,Kyle,Marshal,Patty,,,,,
26/04/2022 22:08:44,Bella,Benedict,Flip,Vic,,,,,,
26/04/2022 22:09:34,Alice,Bangle,Norma,,,,,,,
26/04/2022 22:22:50,Ankha,Coco,Deirdre,Fauna,Zucker,,,,,
26/04/2022 22:24:24,Ankha,Apple,Audie,Molly,Zucker,,,,,
26/04/2022 22:44:50,Bertha,Cheri,Claudia,Maple,Shino,,,,,
26/04/2022 23:15:09,Agent S,Apple,Filbert,Hazel,Nan,,,,,
27/04/2022 00:04:39,Bianca,Bluebear,Fang,Merengue,Tia,,,,,
27/04/2022 00:05:10,Beau,Molly,Reneigh,,,,,,,
27/04/2022 02:08:44,Bob,Chrissy,Cousteau,Static,Tangy,,,,,
27/04/2022 02:41:30,Big Top,Dom,Mira,Molly,Rosie,,,,,
27/04/2022 02:45:11,Bertha,Bill,Genji,,,,,,,
27/04/2022 04:17:38,Beau,Carmen,Doc,Poppy,Sydney,,,,,
27/04/2022 05:11:52,Ankha,Julia,Lucky,Mitzi,Sprinkle,,,,,
27/04/2022 06:14:20,Katt,Mac,Maelle,Norma,Raddle,,,,,
27/04/2022 06:24:37,Judy,Lucky,Sprinkle,Whitney,,,,,,
27/04/2022 06:27:03,Cherry,Judy,Kitty,Mathilda,Merengue,,,,,
27/04/2022 07:08:17,Diva,Ellie,Marlo,,,,,,,
27/04/2022 07:33:14,Erik,Flora,Marina,Sherb,Skye,,,,,
27/04/2022 07:44:35,Judy,Lolly,Lucky,Roscoe,Savannah,,,,,
27/04/2022 08:38:58,Merry,Tia,Zucker,,,,,,,
27/04/2022 11:26:21,Judy,Kiki,Sasha,,,,,,,
27/04/2022 12:06:22,Shino,,,,,,,,,
27/04/2022 13:05:19,Judy,Marshal,Raymond,Sherb,Shino,,,,,
27/04/2022 14:31:23,Cleo,Genji,Groucho,Lopez,Phil,,,,,
27/04/2022 15:01:58,Coco,Fauna,Maple,Sherb,Zucker,,,,,
27/04/2022 15:38:28,Audie,Bones,Fuchsia,Katt,Lolly,,,,,
27/04/2022 15:51:08,Eloise,Kitty,Renée,Vesta,,,,,,
27/04/2022 16:15:16,Chevre,Kidd,Raymond,Shino,Whitney,,,,,
27/04/2022 16:43:38,Dom,Judy,Molly,Poppy,Stitches,,,,,
27/04/2022 16:45:09,Doc,Margie,Muffy,Petri,Wade,,,,,
27/04/2022 17:20:06,Ankha,Apollo,Marina,Raymond,Sasha,,,,,
27/04/2022 18:13:33,Cole,Ricky,Sasha,Sheldon,Static,,,,,
27/04/2022 18:20:15,Charlise,O'Hare,Rod,Ruby,Tutu,,,,,
27/04/2022 19:41:52,Cube,Jeremiah,Roald,Stitches,Zucker,,,,,
27/04/2022 19:54:49,Ankha,Bones,,,,,,,,
27/04/2022 20:15:26,Clay,Erik,Ione,Lopez,Maple,,,,,
27/04/2022 20:53:23,Bruce,Clay,Egbert,Pekoe,Sheldon,,,,,
27/04/2022 21:08:31,Shino,Whitney,Willow,,,,,,,
27/04/2022 21:13:27,Canberra,Dom,Drake,Marina,Peanut,,,,,
27/04/2022 22:54:09,Bubbles,Clyde,Curly,Monique,Sydney,,,,,
27/04/2022 23:09:24,Tank,,,,,,,,,
27/04/2022 23:09:31,Bea,Deirdre,Hippeux,Tybalt,Weber,,,,,
27/04/2022 23:23:38,Frett,Kyle,Maple,Molly,Pashmina,,,,,
28/04/2022 00:04:13,Apollo,Beau,Judy,Marshal,Merengue,,,,,
28/04/2022 00:19:55,Ankha,Bob,Ione,Kabuki,Purrl,,,,,
28/04/2022 00:25:57,Agnes,Boomer,Ione,Judy,Sprinkle,,,,,
28/04/2022 00:45:49,Agnes,Boris,Gala,Kevin,Maggie,,,,,
28/04/2022 01:26:43,Ankha,Cephalobot,Fauna,Punchy,Zucker,,,,,
28/04/2022 02:33:28,Daisy,Lolly,Quillson,Tiansheng,Zucker,,,,,
28/04/2022 03:45:39,Kabuki,Ketchup,Lucky,Pietro,Stitches,,,,,
28/04/2022 06:46:15,Audie,Daisy,Piper,Stella,,,,,,
28/04/2022 07:16:25,Beardo,Drago,Nana,,,,,,,
28/04/2022 07:36:42,Alfonso,Biff,Flurry,Ketchup,Raymond,,,,,
28/04/2022 10:53:07,Barold,Katt,Lyman,Monique,Rodney,,,,,
28/04/2022 11:15:43,Ione,Marshal,Molly,Sasha,Zucker,,,,,
28/04/2022 12:38:35,Apple,Bam,Merengue,,,,,,,
28/04/2022 12:49:32,Cephalobot,,,,,,,,,
28/04/2022 14:38:10,Ankha,Apple,Ione,Marshal,Sherb,,,,,
28/04/2022 15:04:21,Coco,Dom,Lolly,Sherb,Skye,,,,,
28/04/2022 15:50:07,Deirdre,Melba,,,,,,,,
28/04/2022 15:54:55,Sherb,Zucker,,,,,,,,
28/04/2022 15:58:31,Alice,Kody,Mira,Ozzie,Zell,,,,,
28/04/2022 16:45:17,Coco,Judy,Petri,Punchy,Shino,,,,,
28/04/2022 17:07:24,Beau,Cherry,Freya,Julian,Molly,,,,,
28/04/2022 17:53:05,Flurry,Goldie,Lopez,Lucky,Wolfgang,,,,,
28/04/2022 18:24:52,Croque,,,,,,,,,
28/04/2022 18:26:09,Kabuki,Purrl,Raymond,Rex,Tangy,,,,,
28/04/2022 20:00:34,Cephalobot,Julian,Kiki,Leonardo,Raymond,,,,,
28/04/2022 21:11:24,Ione,Judy,Roswell,Sasha,Shino,,,,,
28/04/2022 22:38:40,Blaire,Felicity,Frank,Melba,Shari,,,,,
28/04/2022 23:17:47,Ione,Marshal,Molly,Sasha,Shino,,,,,
28/04/2022 23:29:57,Apple,Gala,Marshal,Pashmina,Rex,,,,,
29/04/2022 00:20:09,Gayle,Joey,Ketchup,Kiki,,,,,,
29/04/2022 00:41:40,Marina,Merry,Petri,Phoebe,Raymond,,,,,
29/04/2022 00:59:58,Buck,Daisy,Sasha,Tom,Whitney,,,,,
29/04/2022 01:57:44,Bluebear,Peck,Raymond,Ribbot,Roscoe,,,,,
29/04/2022 02:13:41,Ace,Flora,Marty,Scoot,Walker,,,,,
29/04/2022 03:09:02,Fauna,Olive,Poncho,Wolfgang,Zucker,,,,,
29/04/2022 03:35:01,Ankha,Fang,Genji,Raymond,Shino,,,,,
29/04/2022 03:43:02,Audie,Celia,Chief,Erik,Wolfgang,,,,,
29/04/2022 05:02:18,Cherry,Marina,Nana,Pietro,Stella,,,,,
29/04/2022 06:52:04,Fuchsia,Julian,Raymond,Sasha,Shino,,,,,
29/04/2022 07:03:42,Ankha,Zucker,,,,,,,,
29/04/2022 07:10:08,Flora,June,Maelle,Poncho,Snake,,,,,
29/04/2022 07:58:09,Gayle,Ione,Judy,Ken,Maggie,,,,,
29/04/2022 09:54:11,Diana,Ione,Judy,Raymond,Shino,,,,,
29/04/2022 10:31:55,Coco,Julian,Reneigh,Sasha,Whitney,,,,,
29/04/2022 11:37:19,Agnes,Chester,Mathilda,Merengue,Sly,,,,,
29/04/2022 12:17:54,Shino,,,,,,,,,
29/04/2022 12:41:45,Ankha,Ione,Judy,Marshal,Raymond,,,,,
29/04/2022 12:51:02,Lolly,Marshal,Poppy,Raymond,Sasha,,,,,
29/04/2022 12:55:07,Dom,Frita,Lopez,Maple,Pietro,,,,,
29/04/2022 16:01:10,Bob,Punchy,Raymond,Sasha,Whitney,,,,,
29/04/2022 16:04:25,Bluebear,Chadder,Frobert,Octavian,Sylvia,,,,,
29/04/2022 17:22:23,Cherry,Cookie,Goose,Molly,Zucker,,,,,
29/04/2022 17:27:35,Merry,Molly,Raymond,Shino,Tangy,,,,,
29/04/2022 18:11:13,Cherry,Hornsby,Julian,Piper,Ribbot,,,,,
29/04/2022 18:13:52,Roald,,,,,,,,,
29/04/2022 18:33:46,Billy,Marcie,Peanut,Phoebe,Rex,,,,,
29/04/2022 18:42:25,Apple,Deli,Filbert,Lily,Rod,,,,,
29/04/2022 18:50:35,Coco,Lucky,Marshal,Pecan,Phoebe,,,,,
29/04/2022 20:29:23,Blaire,Carmen,Diana,Pekoe,,,,,,
29/04/2022 22:27:37,Raymond,,,,,,,,,
29/04/2022 22:35:42,Bam,Erik,Punchy,Reneigh,Wolfgang,,,,,
29/04/2022 22:51:38,Diana,Marty,Sasha,Sherb,Shino,,,,,
29/04/2022 23:24:49,Clay,Hamlet,Pashmina,Pekoe,Wolfgang,,,,,
29/04/2022 23:26:01,Beau,Erik,Freya,Molly,Stitches,,,,,