Timestamp,Choose up to 5 villagers,,,,,,Villagers,Tally,,Comment
01/05/2022 00:23:51,Katt,Olivia,Sherb,Tiffany,Tipper,,Marshal,210,,"If a villager has the same votes, they're ranked based on their order in adjunction to eachother from the previous month. For example, alfonso and eugene have the same votes, alfonso was higher than eugene last month so he's ranked above eugene. You can cross reference this by checking their message on how far they've moved since last month."
01/05/2022 00:23:55,Chelsea,Dom,Marshal,Nan,,,Raymond,204,,
01/05/2022 01:06:20,Curt,Grizzly,Groucho,Harry,Ike,,Shino,162,,
01/05/2022 01:11:17,Maple,Merengue,Raymond,Shino,Stitches,,Sasha,146,,
01/05/2022 01:20:03,Flurry,Francine,Ketchup,Kid Cat,Tangy,,Zucker,144,,
01/05/2022 01:47:14,Aurora,Flo,Flora,Mac,Raymond,,Stitches,125,,
01/05/2022 02:44:13,Hopkins,Kody,Mac,Peewee,Spork,,Ankha,123,,
01/05/2022 02:46:44,Biskit,Bruce,Frita,June,Ketchup,,Judy,115,,
01/05/2022 02:49:18,Chadder,Cranston,Fang,Leonardo,Tybalt,,Sherb,110,,
01/05/2022 02:51:58,Barold,Chadder,Cranston,Maple,Rowan,,Ione,103,,
01/05/2022 03:07:39,Bertha,Cole,Eunice,Gladys,Roald,,Beau,103,,
01/05/2022 03:19:59,Marina,Marshal,Pietro,Sherb,Stitches,,Molly,90,,
01/05/2022 04:14:27,Apple,Marcie,Merengue,Octavian,Puddles,,Lolly,87,,
01/05/2022 04:17:48,Alfonso,Ankha,Kyle,Sasha,,,Marina,86,,
01/05/2022 04:21:47,Bam,Beau,Faith,Judy,Molly,,Maple,81,,
01/05/2022 04:29:33,Coco,Judy,Julian,Raymond,Shino,,Fauna,79,,
01/05/2022 04:33:33,Beau,Cephalobot,Shino,Stinky,Tangy,,Bob,78,,
01/05/2022 04:34:03,Cephalobot,Lobo,Octavian,Shino,Zucker,,Coco,74,,
01/05/2022 04:54:29,Ione,Raymond,Sasha,Sprinkle,Whitney,,Audie,74,,
01/05/2022 05:30:10,Bubbles,Ione,Lily,Lolly,Paolo,,Ketchup,70,,
01/05/2022 06:13:49,Broccolo,Cherry,,,,,Merengue,69,,
01/05/2022 06:50:20,Apple,Lily,Pekoe,Sasha,Zoe,,Apple,63,,
01/05/2022 07:36:55,Bangle,Murphy,Rudy,,,,Tangy,57,,
01/05/2022 08:49:34,Claude,Flurry,Rio,Rodney,Tasha,,Erik,54,,
01/05/2022 08:50:35,Audie,Chrissy,Francine,Kid Cat,Shino,,Rosie,53,,
01/05/2022 09:41:00,Ace,Henry,Lolly,Sasha,,,Poppy,53,,
01/05/2022 10:37:12,Canberra,Lolly,Maple,Pekoe,Purrl,,Lucky,52,,
01/05/2022 10:37:15,Erik,Fang,Ione,Merry,Molly,,Cephalobot,52,,
01/05/2022 11:05:32,Boomer,Maple,Sasha,Sherb,Shino,,Dom,50,,
01/05/2022 11:16:58,Merry,Papi,Rosie,Sasha,Twiggy,,Cherry,49,,
01/05/2022 11:48:31,Bunnie,Chrissy,Francine,Pashmina,Tom,,Diana,46,,
01/05/2022 11:48:35,Drago,Shino,Zucker,,,,Fang,46,,
01/05/2022 12:14:16,Cookie,Daisy,Dobie,Lily,Poppy,,Lily,44,,
01/05/2022 12:19:02,Cookie,Goldie,Peanut,Ruby,Sasha,,Flora,43,,
01/05/2022 12:56:17,Fauna,Jeremiah,Lily,Maple,Marina,,Roald,41,,
01/05/2022 13:11:40,Étoile,Goldie,Melba,Papi,Sherb,,Kiki,40,,
01/05/2022 13:14:37,Anabelle,Chai,Elvis,Vic,Victoria,,Julian,37,,
01/05/2022 13:29:22,Canberra,Caroline,Erik,Eugene,Jitters,,Pietro,37,,
01/05/2022 13:32:45,Fauna,Fuchsia,Ketchup,Sasha,Shino,,Flurry,36,,
01/05/2022 13:38:59,Biff,Big Top,Bill,Billy,Biskit,,Punchy,35,,
01/05/2022 13:44:20,Boots,Cherry,Ione,Lolly,Rex,,Whitney,35,,
01/05/2022 14:40:46,Ankha,Apollo,Raymond,Stitches,Zucker,,Wolfgang,34,,
01/05/2022 15:20:33,Erik,Fang,Fauna,Flora,Stitches,,Apollo,32,,
01/05/2022 15:23:50,Erik,Fang,Marlo,Marshal,Stitches,,Tia,32,,
01/05/2022 15:27:32,Ankha,Bella,Coco,Dom,Raymond,,Filbert,31,,
01/05/2022 15:44:23,Bob,Dom,Judy,Merengue,Sherb,,Octavian,30,,
01/05/2022 16:15:10,Frobert,Hopper,Tutu,,,,Bam,30,,
01/05/2022 16:25:20,O'Hare,Olivia,Pango,Pecan,Punchy,,Bluebear,29,,
01/05/2022 16:26:31,Huck,Limberg,O'Hare,Punchy,Tasha,,Melba,29,,
01/05/2022 16:46:22,Lolly,Molly,Sasha,Sherb,Tia,,Pekoe,29,,
01/05/2022 16:57:34,Bam,Big Top,Cephalobot,Shari,Zucker,,Merry,28,,
01/05/2022 17:02:24,Antonio,Flora,Olaf,Raymond,Reneigh,,Goldie,28,,
01/05/2022 17:05:12,Annalisa,Dom,Pietro,Raymond,Zucker,,Reneigh,26,,
01/05/2022 17:12:46,Bam,Drago,Gayle,Julia,Reneigh,,Cookie,26,,
01/05/2022 17:26:33,Bertha,Celia,Zell,,,,Sylvana,26,,
01/05/2022 17:33:42,Audie,Ione,Leonardo,Quinn,Raymond,,Pashmina,24,,
01/05/2022 17:56:47,Judy,Maple,Marshal,Poppy,Shari,,Skye,24,,
01/05/2022 18:33:13,Alice,Judy,June,Olivia,Sherb,,Kabuki,24,,
01/05/2022 18:52:18,Erik,Marshal,Mint,Poppy,Stitches,,Aurora,24,,
01/05/2022 18:54:00,Lily,Marshal,Mint,Roald,Stitches,,Genji,23,,
01/05/2022 19:05:56,Bam,Drago,Gayle,Julia,Reneigh,,Clay,23,,
01/05/2022 19:28:22,Beau,,,,,,Kid Cat,23,,
01/05/2022 19:32:08,Beau,Ione,Marshal,Raymond,Sasha,,Muffy,23,,
01/05/2022 19:45:32,Agent S,Judy,Julian,Raymond,Stitches,,Petri,23,,
01/05/2022 19:49:34,Apple,Celia,Chevre,Fauna,Ione,,Dobie,22,,
01/05/2022 19:56:01,Ione,Judy,Marshal,Raymond,Sasha,,Tom,21,,
01/05/2022 20:10:24,Cephalobot,Flora,Julian,Reneigh,Wolfgang,,Deirdre,19,,
01/05/2022 20:21:13,Erik,Huck,Marlo,Raymond,Zucker,,Kyle,19,,
01/05/2022 20:24:23,Muffy,Pietro,,,,,Zell,18,,
01/05/2022 20:28:22,Clay,Maple,Pashmina,Shep,Sylvana,,Chrissy,18,,
01/05/2022 21:09:48,Apple,Pompom,Rosie,Shari,Zucker,,Hornsby,18,,
01/05/2022 21:43:18,Ankha,Faith,Lucky,Marshal,Tiansheng,,Phoebe,18,,
01/05/2022 21:51:45,Clay,Ketchup,Rosie,Sylvia,Zucker,,Purrl,18,,
01/05/2022 21:53:26,Ankha,Barold,Caroline,Chai,Shino,,Agnes,18,,
01/05/2022 22:02:32,Audie,Ione,Ketchup,Sherb,Shino,,Ruby,17,,
01/05/2022 22:11:02,Lolly,,,,,,Chevre,17,,
01/05/2022 22:49:59,Beau,Ketchup,Sylvana,,,,Olivia,17,,
01/05/2022 23:13:20,Al,Bangle,Fauna,Roald,Vivian,,Bunnie,17,,
01/05/2022 23:15:18,Bubbles,Cookie,Molly,Zucker,,,Drago,16,,
01/05/2022 23:36:43,Audie,Bruce,Cherry,Molly,Raymond,,Jeremiah,16,,
01/05/2022 23:39:36,Bob,Ketchup,Kid Cat,Marshal,Sherb,,Gayle,16,,
01/05/2022 23:44:04,Antonio,Cole,Miranda,Raddle,Sasha,,Katt,15,,
01/05/2022 23:50:59,Beau,Bob,Maple,Molly,Sherb,,Francine,15,,
02/05/2022 00:07:21,Beau,Cookie,Rosie,,,,Mitzi,15,,
02/05/2022 00:07:39,Jeremiah,Olive,Pietro,Raddle,Static,,Quinn,15,,
02/05/2022 00:19:03,Antonio,Kabuki,Kiki,Muffy,Raymond,,Teddy,15,,
02/05/2022 00:55:16,Bob,Jeremiah,Kiki,Pashmina,Punchy,,Faith,15,,
02/05/2022 01:20:10,Judy,Sprinkle,,,,,Ozzie,15,,
02/05/2022 01:20:59,Annalise,Bettina,Carmen,Kody,Rudy,,Daisy,14,,
02/05/2022 01:34:21,Bunnie,Marshal,Sasha,Static,Stitches,,Sprinkle,14,,
02/05/2022 01:59:35,Diva,Lobo,Maple,Pango,Skye,,Shep,14,,
02/05/2022 01:59:59,Bob,Cheri,Dom,Marshal,Molly,,Bones,14,,
02/05/2022 02:10:15,Cephalobot,Fauna,Judy,Rasher,Sherb,,Marlo,14,,
02/05/2022 02:10:15,Cephalobot,Cranston,Hopper,Rocco,Zucker,,Stella,14,,
02/05/2022 02:12:34,Cube,Pudge,Shino,,,,Bea,13,,
02/05/2022 02:21:31,Apollo,Fauna,Pietro,Roald,Wolfgang,,Bill,13,,
02/05/2022 02:31:59,Olivia,Puck,Reneigh,Rosie,Sasha,,Peanut,13,,
02/05/2022 02:40:12,Flora,Lolly,Pietro,Pudge,Tangy,,Lobo,13,,
02/05/2022 02:40:51,Ankha,Genji,Marshal,Molly,Shino,,Vivian,13,,
02/05/2022 03:12:52,Shino,,,,,,Hazel,12,,
02/05/2022 03:21:01,Elise,Eloise,Flurry,Pinky,Wart Jr.,,Static,12,,
02/05/2022 03:38:29,Goose,Nana,Purrl,Reneigh,Tutu,,Bianca,12,,
02/05/2022 03:58:44,Dobie,Jay,Lopez,Marshal,Raymond,,Hamlet,12,,
02/05/2022 04:38:45,Gladys,Marina,Muffy,Purrl,Weber,,Tutu,12,,
02/05/2022 04:39:39,Fang,Flora,Judy,Maple,Skye,,Roscoe,12,,
02/05/2022 04:41:07,Frita,Graham,Marlo,Molly,Raymond,,Ellie,12,,
02/05/2022 04:44:44,Audie,Cephalobot,Dizzy,Frita,Roald,,Julia,12,,
02/05/2022 04:53:13,Coco,Henry,Lily,Rosie,Rudy,,Antonio,12,,
02/05/2022 04:55:18,Ione,Kiki,Marcel,Marshal,Shino,,Mira,12,,
02/05/2022 04:59:30,Coco,Gaston,Jambette,Kabuki,Wart Jr.,,June,12,,
02/05/2022 05:13:40,Beau,Diana,Julia,Pate,,,Blanche,12,,
02/05/2022 05:49:55,Aurora,Francine,Joey,Marshal,Sherb,,Étoile,11,,
02/05/2022 05:50:45,Avery,Becky,Patty,Tucker,,,Tiansheng,11,,
02/05/2022 06:06:32,Ankha,Hippeux,Sasha,,,,Nan,11,,
02/05/2022 06:18:15,Aurora,Bob,Daisy,Sherb,Stitches,,Rex,11,,
02/05/2022 06:29:22,Drago,Ione,Raymond,,,,Biskit,11,,
02/05/2022 06:56:38,Cherry,Merengue,Rosie,Rudy,Zucker,,Chai,11,,
02/05/2022 07:03:57,Apple,Cherry,Peanut,Vesta,,,Shari,11,,
02/05/2022 07:12:40,Marina,Reneigh,Tangy,Tiansheng,Wolfgang,,Freya,11,,
02/05/2022 07:13:36,Beau,Fauna,Monique,Stitches,,,Wade,11,,
02/05/2022 07:58:05,Bam,Drago,Gayle,Julia,Reneigh,,Papi,11,,
02/05/2022 08:05:16,Benedict,Groucho,Petri,Purrl,Raddle,,Snake,11,,
02/05/2022 08:27:01,Chester,Dom,Monique,Sasha,Sherb,,Gladys,11,,
02/05/2022 08:50:25,Audie,Chelsea,Fauna,Lopez,Whitney,,Caroline,11,,
02/05/2022 10:49:31,Angus,Pippy,,,,,Chadder,11,,
02/05/2022 12:32:13,Apple,Cube,Ione,Kabuki,Merengue,,Mac,11,,
02/05/2022 12:40:17,Deli,Flip,Nana,Shari,Tiansheng,,Henry,10,,
02/05/2022 12:50:25,Audie,Clay,Sheldon,Sherb,Shino,,Kidd,10,,
02/05/2022 12:50:27,Chrissy,Melba,Punchy,Raymond,Stitches,,Puddles,10,,
02/05/2022 12:52:17,Faith,Frobert,Hopper,Merry,Stitches,,Norma,10,,
02/05/2022 12:57:43,Ankha,Audie,Lolly,Octavian,Pekoe,,Chief,10,,
02/05/2022 12:59:44,Merry,Puddles,Sly,,,,Mint,10,,
02/05/2022 13:08:52,Blaire,Chrissy,Hopper,Melba,Stitches,,Wendy,10,,
02/05/2022 13:11:27,Bob,Kid Cat,Marshal,Punchy,Raymond,,Chabwick,10,,
02/05/2022 13:11:57,Ankha,,,,,,Rudy,10,,
02/05/2022 13:27:51,Blanche,Erik,Fang,Roscoe,Vivian,,Tiffany,10,,
02/05/2022 13:31:42,Murphy,Punchy,Sherb,Stinky,Tangy,,Fuchsia,9,,
02/05/2022 13:43:33,Ankha,Bob,Ketchup,Puddles,Tangy,,Scoot,9,,
02/05/2022 13:45:42,Ankha,Audie,Lily,Phoebe,Punchy,,Ribbot,9,,
02/05/2022 14:11:06,Fang,Maple,Sherb,Tangy,Zucker,,Felicity,9,,
02/05/2022 14:53:32,Cephalobot,Lucky,Marina,Rodeo,Zucker,,Canberra,9,,
02/05/2022 15:14:00,Beau,Fauna,Marshal,Poppy,Sasha,,Sprocket,9,,
02/05/2022 16:32:03,Judy,Marshal,Pekoe,Pinky,Raymond,,Pinky,9,,
02/05/2022 16:51:45,Diana,Judy,Rosie,Shari,Whitney,,Pecan,9,,
02/05/2022 16:55:51,Gladys,Julian,Ken,Mallary,Shino,,Cranston,9,,
02/05/2022 17:01:53,Fauna,Gayle,Maple,Molly,Ozzie,,Willow,9,,
02/05/2022 17:14:10,Kabuki,Kiki,Limberg,Raymond,Sasha,,Grizzly,9,,
02/05/2022 17:37:38,Audie,Bianca,Raymond,Sasha,Skye,,Cheri,8,,
02/05/2022 17:40:11,Bea,Hippeux,Tybalt,Wade,Weber,,Dizzy,8,,
02/05/2022 18:01:53,Anicotti,Apple,Beau,Octavian,Raymond,,Bangle,8,,
02/05/2022 18:16:19,Lily,Lolly,Marshal,Sasha,Shino,,Eugene,8,,
02/05/2022 18:20:56,Dobie,Grizzly,Maple,Marshal,Shari,,Tasha,8,,
02/05/2022 18:21:13,Graham,Kabuki,Marshal,Raymond,Zell,,Margie,8,,
02/05/2022 18:39:34,Coco,Merengue,Peanut,Wolfgang,Zucker,,Azalea,8,,
02/05/2022 18:58:22,Apollo,Lucky,Pietro,Roald,Zucker,,Diva,8,,
02/05/2022 19:02:06,Annalisa,Judy,Julian,Sparro,Whitney,,Biff,8,,
02/05/2022 19:17:46,Agnes,Chevre,Frita,Sylvana,,,Murphy,8,,
02/05/2022 19:49:02,Bill,Olive,Scoot,Stella,Willow,,Frita,8,,
02/05/2022 20:44:55,Erik,Kyle,Marshal,Stinky,Tangy,,Marty,8,,
02/05/2022 20:56:58,Eugene,Maddie,Marlo,Reneigh,Tasha,,Pudge,8,,
02/05/2022 21:34:00,Judy,Lolly,Marshal,Molly,Raymond,,Bonbon,8,,
02/05/2022 21:39:05,Diana,Julian,Merengue,Molly,Shino,,O'Hare,8,,
02/05/2022 22:36:00,Boone,Coco,Felicity,Flo,Stu,,Boone,8,,
02/05/2022 22:45:38,Ankha,Ione,Kitty,Marshal,Octavian,,Elise,8,,
02/05/2022 22:57:20,Ketchup,Maple,Marina,Pashmina,Raymond,,Cousteau,8,,
02/05/2022 23:10:41,Queenie,Tank,Tiffany,,,,Cube,7,,
02/05/2022 23:12:29,Kid Cat,,,,,,Lyman,7,,
02/05/2022 23:48:26,Bettina,Filbert,Hornsby,Mira,Mott,,Dotty,7,,
02/05/2022 23:53:37,Gala,Gayle,Pashmina,Pietro,Sprinkle,,Blaire,7,,
03/05/2022 00:13:05,Ankha,Apple,Audie,Cephalobot,Hamlet,,Deli,7,,
03/05/2022 00:21:44,Celia,Cephalobot,Octavian,Shino,Zucker,,Joey,7,,
03/05/2022 00:36:25,Apple,Chrissy,Cookie,Diana,Marshal,,Derwin,7,,
03/05/2022 02:46:49,Lolly,Shino,Tia,,,,Wart Jr.,7,,
03/05/2022 03:24:26,Chief,Marshal,Raymond,Shino,Wolfgang,,Vesta,7,,
03/05/2022 03:27:48,Bluebear,Daisy,Maple,Marcel,Murphy,,Walt,7,,
03/05/2022 03:36:46,Drago,Hamlet,Ketchup,Wolfgang,,,Gala,7,,
03/05/2022 03:38:24,Nibbles,Punchy,Sylvana,Tasha,Tom,,Hopper,7,,
03/05/2022 03:54:00,Marshal,Merry,Pudge,Sasha,Tangy,,Jambette,7,,
03/05/2022 04:06:19,Ankha,Judy,Merengue,Raymond,Roald,,Simon,7,,
03/05/2022 04:24:08,Cherry,Kiki,Moe,Ozzie,Sasha,,Alfonso,7,,
03/05/2022 04:24:46,Apple,Ione,Marshal,Merengue,Raymond,,Jacques,7,,
03/05/2022 04:51:57,Ankha,Audie,Chevre,Stitches,Zucker,,Pompom,7,,
03/05/2022 05:19:24,Dobie,Melba,Merengue,Purrl,Tia,,Bertha,7,,
03/05/2022 06:37:45,Ace,Bertha,Cole,Moe,Nan,,Marcel,7,,
03/05/2022 09:10:20,Dom,Raymond,Rosie,Sasha,,,Marcie,7,,
03/05/2022 09:42:46,Apollo,Wolfgang,,,,,Alice,6,,
03/05/2022 09:57:10,Beau,Erik,Lucky,Maple,Muffy,,Bruce,6,,
03/05/2022 10:10:58,Marshal,Raymond,Sasha,,,,Lopez,6,,
03/05/2022 12:04:42,Ione,Lolly,Maple,Ozzie,,,Elvis,6,,
03/05/2022 12:36:18,Julian,Maple,Marlo,Roald,Rosie,,Annalisa,6,,
03/05/2022 13:11:30,Marina,Marshal,Sherb,Stitches,Zucker,,Tex,6,,
03/05/2022 13:22:31,Cleo,Coach,Piper,Quinn,Rodeo,,Patty,6,,
03/05/2022 13:34:59,Jambette,Lily,Marina,Zucker,,,Carmen,6,,
03/05/2022 15:23:21,Ankha,Étoile,Lolly,Merengue,Molly,,Celia,6,,
03/05/2022 15:56:26,Judy,Lucky,Marshal,Raymond,Shino,,Graham,6,,
03/05/2022 16:49:22,Diana,Judy,Maple,Merry,Muffy,,Boots,6,,
03/05/2022 16:57:50,Doc,Margie,Muffy,Petri,Wade,,Bubbles,6,,
03/05/2022 17:26:54,Cookie,Cousteau,Ellie,Judy,Whitney,,Moe,6,,
03/05/2022 17:46:33,Blaire,Cherry,Kitty,Pompom,Purrl,,Flip,6,,
03/05/2022 17:58:47,Beau,Flurry,Pecan,Shino,Stitches,,Nate,6,,
03/05/2022 17:59:00,Puddles,Raymond,,,,,Barold,6,,
03/05/2022 18:03:09,Beau,Flurry,Pecan,Shino,Stitches,,Chelsea,6,,
03/05/2022 19:37:07,Celia,Cyd,Tex,Tiansheng,Yuka,,Raddle,6,,
03/05/2022 20:00:08,Marshal,Raymond,Sherb,Wolfgang,Zucker,,Roswell,6,,
03/05/2022 20:11:23,Bob,Cherry,Lolly,Melba,Renée,,Hans,6,,
03/05/2022 20:21:57,Bitty,Boyd,Carrie,Paolo,Snooty,,Sylvia,6,,
03/05/2022 20:27:27,Audie,Beau,Judy,Julian,Papi,,Billy,6,,
03/05/2022 20:29:29,Bunnie,Chrissy,Francine,Vivian,Willow,,Weber,6,,
03/05/2022 20:44:07,Frita,Graham,Hopper,Phil,Soleil,,Axel,6,,
03/05/2022 20:45:42,Beau,Chevre,Fuchsia,Phil,Portia,,Stinky,6,,
03/05/2022 21:02:11,Coco,Ione,Moe,Shino,Zucker,,Opal,6,,
03/05/2022 21:10:38,Apollo,Bam,Kyle,Mira,Whitney,,Candi,6,,
03/05/2022 22:20:33,Katt,Marshal,Petri,Sasha,Zucker,,Tammy,5,,
03/05/2022 23:18:40,Ione,Lucky,Marshal,Merengue,Sasha,,Olive,5,,
03/05/2022 23:19:53,Frobert,Maple,Murphy,Sasha,Shari,,Megan,5,,
03/05/2022 23:40:55,Audie,Fauna,Marshal,Zell,,,Flo,5,,
04/05/2022 00:00:53,Apollo,Fauna,Judy,Merengue,Pekoe,,Twiggy,5,,
04/05/2022 00:03:17,Canberra,Zucker,,,,,Gonzo,5,,
04/05/2022 00:26:15,Gayle,Julian,Patty,Quinn,Sasha,,Cyd,5,,
04/05/2022 00:26:38,Colton,Marina,Sherb,Shino,Zucker,,Doc,5,,
04/05/2022 00:58:29,Chadder,Ketchup,Lily,Tangy,Zucker,,Eloise,5,,
04/05/2022 01:18:07,Cashmere,Cube,Daisy,Muffy,Willow,,Plucky,5,,
04/05/2022 01:25:30,Marshal,Poppy,Sherb,Tybalt,Zucker,,Eunice,5,,
04/05/2022 01:37:06,Axel,Beau,Chester,Flurry,Merengue,,Walker,5,,
04/05/2022 01:39:58,Alfonso,Ankha,Eunice,Zucker,,,Stu,5,,
04/05/2022 02:20:26,Astrid,Mitzi,Sherb,Snake,Tangy,,Renée,5,,
04/05/2022 02:20:52,Beau,Bob,Buzz,Chai,Flora,,Rodeo,5,,
04/05/2022 03:54:28,Bianca,Cookie,Felicity,Merengue,Rodney,,Tybalt,5,,
04/05/2022 03:58:09,Diana,Gala,Marina,Rolf,Zucker,,Anabelle,5,,
04/05/2022 06:36:25,Beau,Ione,Julian,Molly,Norma,,Broccolo,5,,
04/05/2022 06:43:19,Ione,Judy,Lucky,Marshal,Molly,,Rodney,5,,
04/05/2022 07:10:42,Chevre,Kiki,Muffy,Roald,Sherb,,Phil,5,,
04/05/2022 08:03:26,Bones,Diva,Drift,Lobo,Shep,,Prince,5,,
04/05/2022 08:17:00,Apple,Ketchup,Lolly,Lucky,Ozzie,,Croque,5,,
04/05/2022 10:38:12,Apollo,Diana,Drago,Kid Cat,Reneigh,,Agent S,5,,
04/05/2022 12:05:15,Agnes,Butch,Punchy,Sylvana,Tangy,,Hugh,5,,
04/05/2022 12:06:19,Ankha,Erik,Julian,Maple,Shino,,Curt,5,,
04/05/2022 13:26:04,Biskit,Fang,Goldie,Savannah,Tia,,Mott,5,,
04/05/2022 13:51:15,Audie,Beau,Bill,Cherry,Ione,,Paolo,5,,
04/05/2022 14:08:11,Audie,Bea,Ione,Maple,Merengue,,Ken,5,,
04/05/2022 14:35:05,Beau,Bob,Gonzo,Maple,Marty,,Queenie,5,,
04/05/2022 14:57:51,Antonio,Audie,Cookie,Keaton,Molly,,Bettina,5,,
04/05/2022 15:20:48,Judy,Marshal,Merengue,Raymond,Zucker,,Bella,4,,
04/05/2022 15:29:54,Ankha,Ione,Tasha,,,,Maddie,4,,
04/05/2022 15:40:30,Beau,Marina,Shino,Zell,Zucker,,Egbert,4,,
04/05/2022 16:53:38,Audie,Dobie,Ione,Sasha,Shino,,Avery,4,,
04/05/2022 17:03:43,Henry,Marina,Merry,Reneigh,Rosie,,Nana,4,,
04/05/2022 17:26:46,Apple,Bob,Flora,Molly,Sasha,,Boomer,4,,
04/05/2022 17:31:46,Charlise,O'Hare,Rod,Ruby,Tutu,,Drift,4,,
04/05/2022 17:35:32,Apollo,Marshal,Mitzi,Tia,,,Poncho,4,,
04/05/2022 18:32:37,Bones,Caroline,Hamphrey,Marina,Puddles,,Savannah,4,,
04/05/2022 18:45:34,Aurora,Deirdre,Ketchup,Marina,Pietro,,Tank,4,,
04/05/2022 19:38:07,Agnes,Caroline,Claudia,Drift,Ione,,Portia,4,,
04/05/2022 20:22:49,Ankha,Dotty,Marina,Marshal,Zucker,,Tammi,4,,
04/05/2022 20:54:27,Beau,Bob,Hamlet,,,,Sterling,4,,
04/05/2022 21:24:02,Fang,Ketchup,Merengue,Static,Zucker,,Spike,4,,
04/05/2022 21:28:50,Audie,Rex,Sally,Skye,Tia,,Kitty,4,,
04/05/2022 22:01:15,Cherry,Raymond,Shino,Tiffany,,,Gabi,4,,
04/05/2022 22:22:00,Astrid,Cyd,Flo,Sally,Tom,,Piper,4,,
04/05/2022 22:48:18,Jambette,Louie,Poncho,Roald,Rocket,,Lionel,4,,
05/05/2022 02:36:15,Katt,Pashmina,Stella,Whitney,,,Hippeux,4,,
05/05/2022 03:21:56,Azalea,Caroline,Maple,Marina,Tia,,Nibbles,4,,
05/05/2022 04:02:41,Alli,Boots,Del,Diva,Roswell,,Pango,4,,
05/05/2022 04:10:13,Candi,Chow,Flora,Jacob,Pashmina,,Victoria,4,,
05/05/2022 04:54:23,Audie,Bob,Lolly,Marshal,Skye,,Sheldon,4,,
05/05/2022 05:21:59,Coco,Flora,Henry,Julian,Rosie,,Keaton,4,,
05/05/2022 05:32:54,Audie,Maple,Merengue,Molly,Shino,,Gaston,4,,
05/05/2022 05:39:45,Ankha,Beau,Samson,Shep,Shino,,Tad,4,,
05/05/2022 06:19:48,Ankha,Genji,Judy,Marshal,Sherb,,Drake,4,,
05/05/2022 06:28:26,Cephalobot,Marina,Petri,Poppy,Shino,,Monique,4,,
05/05/2022 06:56:37,Ankha,Bluebear,Chabwick,Pashmina,,,Anicotti,4,,
05/05/2022 07:20:03,Agnes,Beau,Chops,Pinky,Tangy,,Ed,4,,
05/05/2022 09:20:23,Diana,Ione,Marlo,Merengue,Sasha,,Ace,4,,
05/05/2022 09:20:36,Biff,Coco,Deli,Raymond,Stitches,,Deena,4,,
05/05/2022 09:52:49,Chadder,Ozzie,Phoebe,Reneigh,Vivian,,Klaus,4,,
05/05/2022 09:54:10,Blanche,Muffy,Pietro,Rocco,Stella,,Leonardo,4,,
05/05/2022 10:25:36,Bob,Coco,Diana,Julian,Zucker,,Admiral,4,,
05/05/2022 10:55:04,Beau,Kid Cat,Sasha,Sherb,Shino,,Frobert,4,,
05/05/2022 11:16:40,Beau,Diana,Fauna,Marina,Merengue,,Vladimir,4,,
05/05/2022 12:29:56,Amelia,Apollo,Chief,Lobo,Whitney,,Cobb,4,,
05/05/2022 13:07:57,Judy,Maple,Marshal,Sasha,Sherb,,Alli,4,,
05/05/2022 13:23:29,Ankha,Gaston,Henry,Rosie,Tiffany,,Boyd,4,,
05/05/2022 13:26:12,Flora,Ione,Marina,Marshal,Sasha,,Ike,4,,
05/05/2022 13:34:39,Ellie,Freya,Klaus,Leopold,Raymond,,Soleil,4,,
05/05/2022 15:08:37,Ankha,Beau,Biff,Kabuki,Raymond,,Benedict,4,,
05/05/2022 15:11:54,Chief,Raymond,Rosie,,,,Frank,4,,
05/05/2022 15:51:06,Ankha,Fang,Poppy,Sherb,Walt,,Timbra,4,,
05/05/2022 15:53:10,Audie,Marshal,,,,,Puck,4,,
05/05/2022 16:08:41,Cherry,Judy,Marshal,Merengue,Zucker,,Big Top,4,,
05/05/2022 16:16:18,Fauna,Judy,Ketchup,Maple,Stitches,,Freckles,3,,
05/05/2022 16:41:35,Bunnie,Chrissy,Coco,Mira,Sasha,,Beardo,3,,
05/05/2022 17:47:30,Cephalobot,Ellie,Marina,Molly,Zucker,,Goose,3,,
05/05/2022 18:42:36,Daisy,Eugene,Ione,Ketchup,Molly,,Tabby,3,,
05/05/2022 18:48:05,Lily,Sasha,Sherb,Shino,Whitney,,Cole,3,,
05/05/2022 19:08:43,Beau,Marina,Merengue,Molly,Stitches,,Hamphrey,3,,
05/05/2022 19:11:47,Flurry,Katt,Puddles,Sheldon,,,Tipper,3,,
05/05/2022 19:49:01,Bunnie,Filbert,Olivia,Petri,Tasha,,Rio,3,,
05/05/2022 20:18:18,Ione,Marshal,Octavian,Reneigh,Renée,,Sally,3,,
05/05/2022 20:38:55,Agent S,Henry,Lucky,Mint,Zucker,,Hopkins,3,,
05/05/2022 20:51:36,Biskit,Deirdre,Genji,Julian,Kabuki,,Rod,3,,
05/05/2022 22:01:18,Cheri,Hornsby,Rocket,,,,Astrid,3,,
05/05/2022 22:10:22,Apple,Bob,Erik,Static,Tiansheng,,Yuka,3,,
05/05/2022 22:32:13,Bree,Candi,Derwin,Felicity,Tammi,,Bree,3,,
05/05/2022 22:56:47,Francine,Grizzly,Ione,Joey,Melba,,Pippy,3,,
06/05/2022 00:16:56,Cephalobot,Olivia,Roscoe,Sasha,Stitches,,Knox,3,,
06/05/2022 00:39:04,Marshal,Rosie,,,,,Cally,3,,
06/05/2022 01:18:28,Benjamin,Deena,Norma,Skye,Tia,,Jitters,3,,
06/05/2022 01:50:26,Ankha,Bob,Katt,Shino,Stitches,,Rhonda,3,,
06/05/2022 01:55:23,Cephalobot,Coco,Fang,Kabuki,Pashmina,,Peewee,3,,
06/05/2022 02:15:36,Apollo,Cherry,Diana,Dom,Maple,,Butch,3,,
06/05/2022 02:32:36,Cephalobot,Judy,Merengue,Raymond,Stitches,,Huck,3,,
06/05/2022 02:37:28,Aurora,,,,,,Chow,3,,
06/05/2022 03:03:37,Diana,Ketchup,Raymond,Sprocket,Vesta,,Angus,3,,
06/05/2022 03:35:39,Hamlet,Julian,Lolly,Ozzie,Sherb,,Tucker,3,,
06/05/2022 03:39:26,Marshal,Merengue,Raymond,Zucker,,,Spork,3,,
06/05/2022 04:47:07,Ankha,Bob,Ione,Punchy,Rosie,,Bud,3,,
06/05/2022 05:43:41,Apple,Maple,Marshal,Merry,Pekoe,,Annalise,3,,
06/05/2022 05:47:07,Beau,Erik,Ketchup,Maple,Molly,,Kody,3,,
06/05/2022 06:20:54,Flurry,Ken,Paula,Rex,Sprocket,,Ava,3,,
06/05/2022 08:41:24,Daisy,Hans,Quillson,Shino,Zucker,,Cleo,3,,
06/05/2022 08:59:30,Cousteau,Curt,Lyman,Quinn,Raymond,,Iggly,3,,
06/05/2022 10:36:20,Elise,Goose,Kitt,Pekoe,Sylvana,,Amelia,3,,
06/05/2022 12:01:30,Sasha,Sherb,Shino,Wade,Zucker,,Frett,3,,
06/05/2022 14:05:12,Ankha,Cephalobot,Sherb,Shino,Stitches,,Louie,3,,
06/05/2022 14:59:54,Audie,Bam,Marshal,Raymond,Sherb,,Claude,3,,
06/05/2022 15:14:40,Ankha,Coco,Raymond,Rosie,Tangy,,Gigi,3,,
06/05/2022 15:18:32,Chai,Ellie,Lolly,Merry,,,Gloria,3,,
06/05/2022 15:57:26,Cheri,Filbert,Marshal,Raymond,Tangy,,Pancetti,3,,
06/05/2022 16:17:07,Beau,Flurry,Judy,Lolly,Poppy,,Carrie,3,,
06/05/2022 16:45:51,Bangle,Bob,Cube,Elmer,Goldie,,Pierce,3,,
06/05/2022 16:50:56,Bunnie,Cephalobot,Cherry,Pekoe,Zucker,,Benjamin,3,,
06/05/2022 17:16:34,Sasha,Sherb,Shino,Stitches,Whitney,,Kevin,3,,
06/05/2022 17:57:10,Beardo,Hugh,,,,,Baabara,3,,
06/05/2022 18:42:14,Ankha,Ione,Pekoe,Raymond,Shino,,Pate,2,,
06/05/2022 19:14:57,Ellie,Marshal,Weber,,,,Sydney,2,,
06/05/2022 19:57:53,Bella,Marcel,Petri,Rodeo,Sasha,,Olaf,2,,
06/05/2022 20:00:07,Keaton,Pietro,Savannah,Sherb,Tad,,Winnie,2,,
06/05/2022 20:56:37,Anicotti,Deena,Melba,Pate,Queenie,,Buck,2,,
06/05/2022 21:05:59,Marshal,Olive,Sasha,Shino,Stitches,,Anchovy,2,,
06/05/2022 21:33:48,Bob,Daisy,Lolly,Pekoe,Petri,,Leopold,2,,
06/05/2022 22:00:32,Beau,Dom,Étoile,Lolly,Stella,,Zoe,2,,
06/05/2022 22:29:56,Audie,Kyle,Merengue,Sherb,Spike,,Al,2,,
06/05/2022 23:11:35,Chrissy,Judy,Kiki,Peanut,Sasha,,Midge,2,,
06/05/2022 23:29:05,Boone,Cobb,Drake,Stu,Tammy,,Maggie,2,,
07/05/2022 00:04:03,Judy,Maple,Marshal,Raymond,Sasha,,Rowan,2,,
07/05/2022 00:19:05,Kiki,Lolly,Lopez,Portia,Sydney,,Groucho,2,,
07/05/2022 00:21:28,Kabuki,Ketchup,Lily,Marshal,Raymond,,Chester,2,,
07/05/2022 00:36:55,Dobie,Flurry,Grizzly,Hans,Poppy,,Kitt,2,,
07/05/2022 01:05:13,Bangle,Charlise,Jambette,Monique,Tiffany,,Del,2,,
07/05/2022 03:23:30,Apple,Biskit,Chabwick,Kiki,Roald,,Moose,2,,
07/05/2022 03:44:47,Audie,Gabi,Ione,Judy,Petri,,Cashmere,2,,
07/05/2022 04:32:26,Candi,Cherry,Gladys,Petri,Twiggy,,Quillson,2,,
07/05/2022 07:16:30,Faith,Ketchup,Marshal,Melba,Tia,,T-Bone,2,,
07/05/2022 10:07:07,Angus,Bud,Walt,,,,Miranda,2,,
07/05/2022 10:33:06,Ione,Mac,Raymond,Shino,Tiffany,,Rolf,2,,
07/05/2022 10:37:21,Ozzie,Roald,,,,,Dora,2,,
07/05/2022 10:53:05,Chevre,Elvis,Flora,Melba,Nan,,Snooty,2,,
07/05/2022 12:27:20,Anabelle,Annalisa,Antonio,Broccolo,Zell,,Peggy,2,,
07/05/2022 14:33:49,Apollo,Bea,Bob,Lolly,Tangy,,Elmer,2,,
07/05/2022 14:53:20,Kid Cat,Petri,Zucker,,,,Naomi,2,,
07/05/2022 15:03:17,Biskit,Deirdre,Genji,Julian,Kabuki,,Sly,2,,
07/05/2022 15:13:22,Coco,Maple,Merengue,Stitches,Tipper,,Vic,2,,
07/05/2022 16:03:57,Judy,Marshal,Sasha,Sherb,Whitney,,Charlise,2,,
07/05/2022 16:14:44,Dom,Ione,Merry,Pietro,Stitches,,Rooney,2,,
07/05/2022 16:35:48,Ketchup,Molly,Poppy,Wolfgang,Zucker,,Chops,2,,
07/05/2022 16:41:10,Erik,Peanut,Spork,Vic,Zucker,,Mallary,2,,
07/05/2022 18:15:58,Julian,Sasha,Sherb,,,,Colton,2,,
07/05/2022 18:23:00,Cobb,Diva,Pietro,Punchy,Raddle,,Lucy,2,,
07/05/2022 19:34:25,Agnes,Lolly,Marshal,Merengue,,,Limberg,2,,
07/05/2022 20:12:56,Coco,Diana,Marshal,Ruby,Sylvana,,Rocket,2,,
07/05/2022 21:29:09,Diana,Octavian,Rosie,Shino,Tangy,,Paula,2,,
07/05/2022 21:33:58,Erik,Poppy,Sherb,Shino,Sylvana,,Violet,2,,
07/05/2022 21:45:13,Coco,Dobie,Fang,Marcel,Sasha,,Sandy,2,,
07/05/2022 22:02:15,Apple,Beau,Judy,Lily,Shino,,Maelle,2,,
07/05/2022 22:04:54,Apple,Beau,Judy,Lily,Shino,,Penelope,2,,
07/05/2022 22:06:32,Apple,Beau,Judy,Lily,Shino,,Rocco,2,,
07/05/2022 22:16:47,Apple,Beau,Judy,Lily,Shino,,Boris,2,,
07/05/2022 22:23:05,Ankha,Carmen,Felicity,Katt,Ruby,,Camofrog,1,,
07/05/2022 22:35:52,Bluebear,Erik,Joey,Klaus,Stitches,,Claudia,1,,
07/05/2022 22:39:52,Bluebear,Ketchup,Ribbot,Skye,Tia,,Greta,1,,
07/05/2022 22:54:16,Judy,Marina,Merengue,Stitches,Tia,,Rasher,1,,
07/05/2022 22:57:21,Ankha,Judy,Raymond,Stitches,Zucker,,Becky,1,,
07/05/2022 23:07:05,Dom,Ione,Maple,Pudge,Reneigh,,Jay,1,,
08/05/2022 00:09:58,Dobie,Molly,Walker,Wolfgang,Zucker,,Coach,1,,
08/05/2022 00:39:05,Clay,Drago,Hugh,Ione,Jacques,,Ursala,1,,
08/05/2022 01:01:48,Bones,Zucker,,,,,Lucha,1,,
08/05/2022 02:11:56,Lucky,Merengue,Tasha,Vivian,Wolfgang,,Toby,1,,
08/05/2022 03:05:07,Apple,Dizzy,Eunice,Timbra,Zucker,,Samson,1,,
08/05/2022 03:37:13,Audie,Barold,June,Sasha,Shino,,Friga,1,,
08/05/2022 04:20:20,Deirdre,,,,,,Buzz,1,,
08/05/2022 05:21:45,Gonzo,Jacques,Maddie,Tangy,Vesta,,Robin,1,,
08/05/2022 05:24:58,Coco,Lucky,Merry,Raymond,Sasha,,Jacob,1,,
08/05/2022 07:22:02,Antonio,Barold,Dom,Rodney,Sasha,,Truffles,1,,
08/05/2022 08:01:40,Bam,Fang,Pashmina,Shino,Spike,,Peck,1,,
08/05/2022 09:13:22,Hazel,Raymond,Tia,,,,Cyrano,1,,
08/05/2022 09:39:17,Phoebe,Poncho,Renée,,,,Rory,1,,
08/05/2022 09:51:41,Beau,Judy,Marina,Marshal,Stitches,,Harry,1,,
08/05/2022 10:31:14,Bob,Coco,Hornsby,Ketchup,Shino,,Broffina,1,,
08/05/2022 10:51:23,Barold,Julian,Kiki,Marlo,Rex,,Sparro,1,,
08/05/2022 12:08:04,Faith,Goldie,Rosie,Simon,Tangy,,Cesar,1,,
08/05/2022 12:13:22,Filbert,Goldie,Mitzi,Molly,Plucky,,Gruff,1,,
08/05/2022 12:41:43,Marshal,Raymond,,,,,Rilla,1,,
08/05/2022 12:44:39,Filbert,Ione,Maple,Raymond,Sasha,,Bitty,1,,
08/05/2022 12:48:06,Audie,Cherry,Jitters,Marshal,Stitches,,Velma,1,,
08/05/2022 15:13:32,Coco,Scoot,Sherb,Stitches,Tangy,,Mathilda,0,,
08/05/2022 15:51:24,Coco,Octavian,Ruby,Sasha,Zucker,,Curlos,0,,
08/05/2022 16:59:02,Buck,Derwin,Elvis,Phoebe,Wendy,,Peaches,0,,
08/05/2022 17:13:13,Bob,Cephalobot,Zucker,,,,Ricky,0,,
08/05/2022 17:19:17,Flip,Savannah,Skye,Ursala,Zucker,,Clyde,0,,
08/05/2022 17:42:14,Beau,Boots,Deirdre,Molly,Poppy,,Monty,0,,
08/05/2022 17:44:29,Chabwick,Cousteau,Marlo,Ribbot,Zucker,,Gwen,0,,
08/05/2022 18:54:46,Ankha,Judy,Kid Cat,Paula,Phil,,Curly,0,,
08/05/2022 18:55:38,Anabelle,Chabwick,Ketchup,,,,Rizzo,0,,
08/05/2022 19:06:31,Bluebear,Goldie,Judy,Lucky,Stitches,,,,,
08/05/2022 19:20:41,Aurora,Flurry,Tangy,Tex,Wade,,,,,
08/05/2022 19:54:03,Beau,Bianca,Blanche,Cheri,Fauna,,,,,
08/05/2022 20:32:08,Beau,Marcel,Muffy,Ribbot,Walt,,,,,
08/05/2022 21:45:27,Rodeo,Sherb,Shino,Vivian,Vladimir,,,,,
08/05/2022 21:47:06,Beau,Ione,Sasha,Sherb,Stitches,,,,,
08/05/2022 21:55:33,Apple,Celia,Marshal,Tia,Wolfgang,,,,,
08/05/2022 22:23:04,Ankha,Audie,Fauna,Raymond,Zucker,,,,,
08/05/2022 22:32:43,Bob,Iggly,Merry,Mitzi,Poppy,,,,,
08/05/2022 22:58:32,Bunnie,Faith,Ione,Judy,Tangy,,,,,
08/05/2022 23:14:45,Beau,Fauna,Lolly,Molly,Sherb,,,,,
08/05/2022 23:37:30,Ketchup,Kid Cat,Lolly,Sylvana,Tangy,,,,,
08/05/2022 23:38:48,Avery,Bill,Ketchup,Poppy,Stitches,,,,,
08/05/2022 23:40:43,Apollo,Deirdre,Ketchup,Marshal,Poppy,,,,,
09/05/2022 00:08:07,Beau,Punchy,Rudy,Sherb,Zucker,,,,,
09/05/2022 01:12:28,Ankha,Antonio,Mott,Ribbot,,,,,,
09/05/2022 01:13:18,Judy,Marshal,Marty,Shino,Stitches,,,,,
09/05/2022 02:13:39,Anchovy,Audie,Bam,Lionel,Shino,,,,,
09/05/2022 02:26:24,Faith,June,Marshal,Pekoe,Sasha,,,,,
09/05/2022 03:17:48,Bluebear,Judy,Sasha,Sherb,Shino,,,,,
09/05/2022 03:22:46,Aurora,Billy,Hans,Ketchup,Marcie,,,,,
09/05/2022 04:14:03,Audie,Caroline,Chops,Hugh,Tia,,,,,
09/05/2022 04:25:59,Bonbon,Julian,Marina,Olive,Stitches,,,,,
09/05/2022 04:28:50,Bud,Chai,Marshal,Muffy,Raymond,,,,,
09/05/2022 04:44:54,Ankha,Bones,Dom,Fauna,Flora,,,,,
09/05/2022 05:04:41,Cephalobot,Cherry,Ione,Judy,Tangy,,,,,
09/05/2022 05:41:11,Cheri,Dom,Fauna,Hornsby,Queenie,,,,,
09/05/2022 06:03:08,Cephalobot,Cranston,Flora,Zucker,,,,,,
09/05/2022 06:34:25,Alli,Pancetti,Pinky,Rodney,Stinky,,,,,
09/05/2022 08:41:45,Admiral,Blanche,Croque,Gladys,Zell,,,,,
09/05/2022 08:44:27,Apple,Bonbon,Diva,Elvis,Étoile,,,,,
09/05/2022 09:40:13,Beau,Bill,Maple,Marshal,Ozzie,,,,,
09/05/2022 11:17:38,Gayle,Ione,Marina,Merengue,Pierce,,,,,
09/05/2022 11:24:18,Cephalobot,Drago,Egbert,Lily,Octavian,,,,,
09/05/2022 11:29:16,Claude,Clay,Eunice,Lolly,Ruby,,,,,
09/05/2022 11:48:37,Coco,Ione,Sasha,Shino,Tangy,,,,,
09/05/2022 12:38:11,Molly,Raymond,Sasha,Shino,Walt,,,,,
09/05/2022 12:46:32,Cobb,Hugh,Ione,Melba,Octavian,,,,,
09/05/2022 12:54:28,Bluebear,Fauna,Fuchsia,Mira,Quinn,,,,,
09/05/2022 13:18:33,Bunnie,Dom,Lolly,Maple,Sasha,,,,,
09/05/2022 13:58:08,Bill,Erik,Fang,Flurry,Shari,,,,,
09/05/2022 14:21:17,Goose,Jambette,Ribbot,Stitches,,,,,,
09/05/2022 14:56:39,Bunnie,Lucky,Punchy,Raymond,Zucker,,,,,
09/05/2022 14:59:27,Judy,Marshal,Prince,Raymond,Sherb,,,,,
09/05/2022 15:12:48,Étoile,Ione,Jeremiah,Marty,Sasha,,,,,
09/05/2022 15:16:51,Apple,Beau,Lolly,Poppy,Stitches,,,,,
09/05/2022 15:24:31,Ankha,Boots,Cube,Flo,Shino,,,,,
09/05/2022 16:48:52,Dom,Shino,Sylvana,Victoria,,,,,,
09/05/2022 16:58:40,Axel,,,,,,,,,
09/05/2022 18:08:21,Lyman,Maelle,Marshal,,,,,,,
09/05/2022 18:56:24,Apple,Beau,Daisy,Flora,Flurry,,,,,
09/05/2022 19:18:02,Audie,Cherry,Fauna,Octavian,Roald,,,,,
09/05/2022 20:29:25,Drake,Hornsby,Jitters,Lolly,Patty,,,,,
09/05/2022 21:15:58,Admiral,Chief,Henry,Merry,Punchy,,,,,
09/05/2022 21:22:33,Maddie,Margie,Marshal,,,,,,,
09/05/2022 22:26:52,Ankha,Bob,Flora,Julian,Rosie,,,,,
09/05/2022 22:33:39,Dizzy,Fauna,Molly,Sasha,Shino,,,,,
09/05/2022 22:38:28,Punchy,Wolfgang,,,,,,,,
09/05/2022 22:44:13,Coco,Ed,Frett,Tex,Victoria,,,,,
09/05/2022 23:06:17,Ankha,Fuchsia,Marshal,Sasha,Shino,,,,,
09/05/2022 23:09:18,Cookie,Lolly,Raymond,Shino,Stitches,,,,,
09/05/2022 23:15:10,Shino,Stella,Stitches,Tangy,Tia,,,,,
09/05/2022 23:18:25,Audie,Fauna,Marshal,Molly,Whitney,,,,,
09/05/2022 23:23:55,Apple,Dom,Maple,Phoebe,Pompom,,,,,
10/05/2022 00:53:26,Cookie,Hornsby,Ketchup,Norma,Penelope,,,,,
10/05/2022 01:05:45,Beau,Erik,Ione,Ketchup,Sasha,,,,,
10/05/2022 01:17:53,Ankha,Audie,Ione,Raymond,Reneigh,,,,,
10/05/2022 02:28:44,Admiral,Lucha,Shino,Sterling,Walt,,,,,
10/05/2022 02:48:59,Lolly,Mitzi,Punchy,Rosie,Tangy,,,,,
10/05/2022 03:08:07,Boone,Marshal,Sherb,Tiansheng,Zucker,,,,,
10/05/2022 03:36:12,Ankha,,,,,,,,,
10/05/2022 04:10:04,Clay,Flora,Molly,Scoot,Stitches,,,,,
10/05/2022 04:12:20,Barold,Boyd,Cally,Flurry,Wart Jr.,,,,,
10/05/2022 04:14:14,Olivia,Purrl,Rosie,Skye,Teddy,,,,,
10/05/2022 07:19:14,Antonio,Henry,Julia,Scoot,Sprinkle,,,,,
10/05/2022 08:12:29,Diana,Olivia,Raymond,Sherb,Shino,,,,,
10/05/2022 09:04:52,Kiki,Marshal,Molly,Raymond,Tia,,,,,
10/05/2022 09:43:44,Ione,Marshal,Sasha,Sprinkle,Sylvana,,,,,
10/05/2022 10:05:51,Audie,Dobie,Fang,Lobo,Wolfgang,,,,,
10/05/2022 12:21:58,Judy,Raymond,Sherb,,,,,,,
10/05/2022 12:24:50,Cherry,Drift,Ruby,Stitches,Tom,,,,,
10/05/2022 14:34:12,Bob,Kiki,Lolly,Mitzi,Raymond,,,,,
10/05/2022 14:35:04,Flurry,Poppy,Sherb,,,,,,,
10/05/2022 14:41:31,Ankha,Freya,Julian,Kiki,Lucky,,,,,
10/05/2022 14:41:51,Audie,Gladys,Mac,Rhonda,Wade,,,,,
10/05/2022 14:44:26,Goldie,Rodney,Soleil,Tabby,Weber,,,,,
10/05/2022 15:01:27,Genji,Jeremiah,Merengue,Punchy,Tia,,,,,
10/05/2022 15:14:29,Erik,Roscoe,Sherb,Shino,Sprinkle,,,,,
10/05/2022 15:56:38,Beau,Cephalobot,Étoile,Marina,Nate,,,,,
10/05/2022 16:28:09,Bam,Fauna,Kabuki,Lopez,Merengue,,,,,
10/05/2022 17:03:33,Bea,Merengue,Pashmina,Raymond,T-Bone,,,,,
10/05/2022 18:00:39,Clay,Flora,Huck,Megan,Octavian,,,,,
10/05/2022 18:46:36,Fauna,Genji,Poppy,Rosie,Sasha,,,,,
10/05/2022 18:56:36,Gayle,Gloria,Molly,Raymond,Tasha,,,,,
10/05/2022 19:51:00,Curt,Goldie,Sasha,Sherb,,,,,,
10/05/2022 20:00:01,Cookie,Raymond,Sherb,Shino,Stitches,,,,,
10/05/2022 20:46:57,Chabwick,Puck,Roald,Tex,Wade,,,,,
10/05/2022 22:36:15,Drago,Judy,Julian,Marshal,Rio,,,,,
10/05/2022 22:39:25,Blaire,Blanche,Deirdre,Fuchsia,Katt,,,,,
10/05/2022 23:34:50,Beau,Erik,Ketchup,Lucky,Scoot,,,,,
11/05/2022 00:35:23,Flurry,Gayle,Genji,,,,,,,
11/05/2022 01:21:43,Ankha,Beau,Flurry,Judy,Ketchup,,,,,
11/05/2022 01:39:02,Judy,Marshal,Raymond,Sasha,Sherb,,,,,
11/05/2022 03:02:43,Coco,Olive,,,,,,,,
11/05/2022 03:14:59,Cephalobot,Marina,Octavian,Whitney,Zucker,,,,,
11/05/2022 03:43:07,Ankha,Diana,Erik,Freya,Judy,,,,,
11/05/2022 03:45:34,Ankha,Bam,Marshal,Phoebe,Prince,,,,,
11/05/2022 03:47:39,Audie,Beau,Fang,Marina,Sherb,,,,,
11/05/2022 03:56:49,Boots,Chief,Drake,Erik,Kyle,,,,,
11/05/2022 04:11:44,Fang,Marshal,Melba,Snake,,,,,,
11/05/2022 04:47:27,Bangle,Filbert,Lucky,Roald,Tia,,,,,
11/05/2022 04:52:27,Cephalobot,Flurry,Keaton,Ozzie,,,,,,
11/05/2022 05:33:47,Judy,Marina,Octavian,Olivia,Raymond,,,,,
11/05/2022 06:13:59,Filbert,Ione,Marina,Tangy,Tia,,,,,
11/05/2022 06:39:18,Ankha,Judy,Lucky,Sherb,Zucker,,,,,
11/05/2022 07:44:49,Al,Eugene,Octavian,Stitches,Zucker,,,,,
11/05/2022 08:47:11,Diana,Pekoe,Sasha,,,,,,,
11/05/2022 08:56:42,Marina,Mint,Poppy,Static,Tangy,,,,,
11/05/2022 09:05:26,Bob,Fang,Marshal,Raymond,,,,,,
11/05/2022 11:26:42,Marshal,Molly,Raymond,Shino,Zucker,,,,,
11/05/2022 11:34:43,Audie,Ione,Judy,Raymond,Shino,,,,,
11/05/2022 11:41:44,Audie,Bunnie,Kabuki,Sasha,Tangy,,,,,
11/05/2022 11:46:38,Filbert,Goldie,Jeremiah,Mint,Molly,,,,,
11/05/2022 13:14:56,Caroline,Cleo,Diva,Kevin,Shino,,,,,
11/05/2022 13:43:35,Alice,Coco,Maple,Melba,Tia,,,,,
11/05/2022 13:56:15,Cherry,Diana,Lolly,Pecan,Zucker,,,,,
11/05/2022 13:59:00,Deirdre,Dom,Freya,Goldie,Skye,,,,,
11/05/2022 14:00:18,Dom,Kitty,Merengue,Roald,Sherb,,,,,
11/05/2022 14:35:55,Marshal,Pekoe,Poppy,Raymond,Stitches,,,,,
11/05/2022 14:36:52,Beau,Marshal,Raymond,Sasha,Sherb,,,,,
11/05/2022 15:31:43,Judy,Pierce,Raymond,Sprinkle,Stitches,,,,,
11/05/2022 15:49:59,Audie,Bob,Marina,Simon,Zucker,,,,,
11/05/2022 16:14:55,Axel,Kiki,Muffy,Puddles,Sherb,,,,,
11/05/2022 16:50:24,Apple,Merengue,Octavian,,,,,,,
11/05/2022 17:58:56,Bella,Flora,Ione,Stitches,Teddy,,,,,
11/05/2022 18:28:54,Apollo,Biskit,Chadder,Lionel,Pietro,,,,,
11/05/2022 18:30:39,Ankha,Judy,Marshal,Raymond,Stitches,,,,,
11/05/2022 18:58:51,Fang,Fauna,Lolly,Merry,Poppy,,,,,
11/05/2022 20:41:24,Bianca,Flora,Ketchup,Merengue,,,,,,
11/05/2022 22:13:14,Cephalobot,Diana,Dom,Fuchsia,,,,,,
11/05/2022 22:27:32,Judy,Marshal,Molly,Raymond,Sasha,,,,,
11/05/2022 22:37:35,Fang,Fauna,Freckles,Molly,Nan,,,,,
11/05/2022 23:04:15,Ione,Maple,Marshal,Stitches,Zucker,,,,,
12/05/2022 01:38:13,Chai,Flora,Maple,Mira,Roscoe,,,,,
12/05/2022 02:02:09,Azalea,Kevin,Maggie,Papi,Pippy,,,,,
12/05/2022 02:09:41,Audie,Fauna,Marina,Marshal,Sherb,,,,,
12/05/2022 02:14:54,Cephalobot,Coco,Marina,Sasha,Stitches,,,,,
12/05/2022 03:12:12,Ankha,Chai,Francine,Judy,Lolly,,,,,
12/05/2022 03:25:10,Clay,Sasha,Sherb,Shino,Whitney,,,,,
12/05/2022 04:52:09,Ankha,Audie,Fauna,Judy,Merengue,,,,,
12/05/2022 05:32:03,Drago,Julian,Merengue,Rosie,Stitches,,,,,
12/05/2022 05:42:13,Blaire,Bonbon,Bubbles,Daisy,Lily,,,,,
12/05/2022 05:57:36,Ankha,Faith,Judy,Merengue,Shino,,,,,
12/05/2022 07:28:41,Alli,Cashmere,Elise,Jambette,Rilla,,,,,
12/05/2022 09:34:03,Bob,Coco,Ketchup,Lolly,Pietro,,,,,
12/05/2022 10:27:23,Gruff,Maple,Quillson,,,,,,,
12/05/2022 11:27:23,Fuchsia,Kabuki,Louie,Rosie,,,,,,
12/05/2022 12:27:19,Ankha,Raymond,Wolfgang,Zucker,,,,,,
12/05/2022 12:54:51,Maple,Pietro,Raymond,Sprocket,Tangy,,,,,
12/05/2022 13:10:20,Eloise,Roald,Sasha,Sylvia,Zucker,,,,,
12/05/2022 13:33:39,Audie,Aurora,Faith,Frett,Marshal,,,,,
12/05/2022 13:52:06,Goldie,Jeremiah,Lily,Maple,Merengue,,,,,
12/05/2022 15:13:01,Apple,Diana,Fauna,Phoebe,Stitches,,,,,
12/05/2022 15:20:00,Flurry,Lucky,Octavian,Tutu,,,,,,
12/05/2022 15:27:42,Bunnie,Ellie,Gala,Maple,Molly,,,,,
12/05/2022 15:31:50,Margie,Stella,Tad,Wart Jr.,,,,,,
12/05/2022 16:22:11,Dom,Goldie,Marina,Roald,Zucker,,,,,
12/05/2022 16:32:30,Filbert,Ketchup,Ozzie,Roald,Zucker,,,,,
12/05/2022 17:18:59,Genji,Graham,,,,,,,,
12/05/2022 17:22:35,Bob,Coco,Lily,Sasha,Vesta,,,,,
12/05/2022 17:41:46,Bree,Elise,Gigi,Pudge,Teddy,,,,,
12/05/2022 17:59:41,Filbert,Frita,Lionel,,,,,,,
12/05/2022 18:09:08,Fauna,Ione,Marshal,Poppy,Raymond,,,,,
12/05/2022 18:49:22,Lucky,Marcel,Zucker,,,,,,,
12/05/2022 19:35:46,Fang,Ike,Kyle,Leonardo,Lily,,,,,
12/05/2022 21:35:19,Chelsea,Deirdre,Lolly,Mac,Shino,,,,,
12/05/2022 22:03:16,Filbert,Marina,Marshal,Sprocket,Zucker,,,,,
12/05/2022 22:32:05,Bubbles,Purrl,,,,,,,,
12/05/2022 22:52:35,Ankha,Chrissy,Gloria,Kitty,Petri,,,,,
12/05/2022 23:16:47,Bea,Cephalobot,Cookie,Sherb,Tia,,,,,
12/05/2022 23:35:41,Ione,Molly,Piper,Shino,Tia,,,,,
13/05/2022 00:02:39,Bluebear,Filbert,,,,,,,,
13/05/2022 00:21:31,Biff,Graham,Norma,Rex,,,,,,
13/05/2022 00:42:18,Ione,Octavian,Raymond,Roscoe,Zucker,,,,,
13/05/2022 01:32:37,Marshal,Marty,Stitches,,,,,,,
13/05/2022 03:56:52,Apollo,Wolfgang,,,,,,,,
13/05/2022 04:03:35,Biff,Freckles,Hazel,Julia,Ozzie,,,,,
13/05/2022 04:42:23,Boyd,Flora,Lyman,Molly,Tipper,,,,,
13/05/2022 05:16:27,Ankha,Katt,Ketchup,Knox,Marshal,,,,,
13/05/2022 05:45:10,Dom,Erik,Octavian,Rosie,Sherb,,,,,
13/05/2022 05:55:50,Cephalobot,Chabwick,Olivia,Sterling,,,,,,
13/05/2022 06:17:13,Audie,Freya,Lobo,Moe,Sasha,,,,,
13/05/2022 06:29:02,Cyrano,Marshal,Merry,Prince,Rosie,,,,,
13/05/2022 06:34:23,Ellie,Kiki,Maple,Melba,Molly,,,,,
13/05/2022 06:46:09,Beau,Broccolo,Mint,Roald,Tutu,,,,,
13/05/2022 07:09:35,Raymond,,,,,,,,,
13/05/2022 07:11:23,Colton,Flora,Julia,Phoebe,Pietro,,,,,
13/05/2022 07:42:28,Bonbon,Cousteau,Molly,Norma,Pietro,,,,,
13/05/2022 08:51:57,Fauna,Goldie,Maple,Melba,Molly,,,,,
13/05/2022 09:01:22,Lucky,Raymond,Sasha,,,,,,,
13/05/2022 12:56:14,Drift,Kidd,Marshal,Shino,Stitches,,,,,
13/05/2022 13:19:03,Avery,Cousteau,Poppy,Roswell,Shep,,,,,
13/05/2022 15:20:25,Faith,Flora,Marshal,Sasha,Sherb,,,,,
13/05/2022 16:05:37,Deirdre,Francine,Ione,Mint,Pekoe,,,,,
13/05/2022 16:07:53,Erik,Fauna,Marshal,Melba,Sherb,,,,,
13/05/2022 16:25:28,Blanche,Fang,Marina,Sasha,Shari,,,,,
13/05/2022 16:52:12,Antonio,Bea,Bob,Kody,Punchy,,,,,
13/05/2022 17:29:17,Bluebear,Cephalobot,Ketchup,Mitzi,Ozzie,,,,,
13/05/2022 17:32:12,Bob,Marshal,Phoebe,Raymond,,,,,,
13/05/2022 18:24:25,Cranston,Marina,Marshal,Wendy,Zucker,,,,,
13/05/2022 18:43:54,Bam,Bob,Ione,Sherb,Wolfgang,,,,,
13/05/2022 19:00:24,Apollo,Ione,Molly,Pekoe,Whitney,,,,,
13/05/2022 19:07:13,Beau,Kabuki,Kid Cat,Lucky,Mira,,,,,
13/05/2022 19:36:23,Apple,Bob,Coco,Marshal,Poppy,,,,,
13/05/2022 20:30:07,Azalea,Chelsea,Dora,Goldie,Pashmina,,,,,
13/05/2022 20:42:19,Ankha,Nate,Stitches,Victoria,Zucker,,,,,
13/05/2022 20:48:51,Doc,Jeremiah,Kiki,Pashmina,Raymond,,,,,
13/05/2022 20:55:18,Fang,Leopold,Marshal,Melba,Teddy,,,,,
13/05/2022 21:07:48,Billy,Goldie,Kabuki,Ketchup,Stu,,,,,
13/05/2022 21:26:56,Beau,Murphy,Sasha,Sherb,Vivian,,,,,
13/05/2022 21:46:49,Ace,Cephalobot,Coco,Pietro,Tutu,,,,,
13/05/2022 21:55:13,Bam,Deli,Hazel,Wade,Zoe,,,,,
13/05/2022 22:04:41,Ankha,Cherry,Marshal,Monique,Papi,,,,,
13/05/2022 23:14:12,Annalise,Aurora,Chevre,Marina,Olivia,,,,,
13/05/2022 23:24:57,Beau,Clay,Filbert,Marlo,Sherb,,,,,
14/05/2022 00:51:42,Aurora,Dizzy,Goldie,Ione,Zucker,,,,,
14/05/2022 01:47:40,Gala,Pashmina,Stitches,Tad,Tom,,,,,
14/05/2022 02:13:52,Cheri,Nibbles,Petri,Tangy,,,,,,
14/05/2022 02:17:35,Bangle,Bluebear,Coco,Lolly,Megan,,,,,
14/05/2022 03:33:39,Cephalobot,Judy,Marshal,Plucky,Raymond,,,,,
14/05/2022 04:18:23,Bob,Jeremiah,Marshal,Molly,Shino,,,,,
14/05/2022 04:41:14,Bluebear,Kiki,Sasha,Shino,Tangy,,,,,
14/05/2022 05:00:04,Ankha,Diana,Katt,Poppy,Shino,,,,,
14/05/2022 06:26:55,Cube,Deena,Francine,Gladys,Walker,,,,,
14/05/2022 07:21:15,Beau,Dom,Raymond,Sasha,Whitney,,,,,
14/05/2022 08:01:43,Bob,Coco,Ed,Julian,Purrl,,,,,
14/05/2022 08:42:26,Ankha,Raymond,Shino,Zucker,,,,,,
14/05/2022 08:54:32,Aurora,Ione,Marshal,Sasha,Shino,,,,,
14/05/2022 08:56:21,Ankha,Chai,Dora,June,Raymond,,,,,
14/05/2022 09:29:20,Boomer,Cesar,Cousteau,Graham,Zucker,,,,,
14/05/2022 09:33:14,Hopper,Merengue,,,,,,,,
14/05/2022 09:58:32,Hazel,Ione,Lucky,Stitches,Tia,,,,,
14/05/2022 10:55:31,Audie,Judy,Marshal,Sherb,Shino,,,,,
14/05/2022 12:11:06,Amelia,,,,,,,,,
14/05/2022 12:38:05,Dom,Marshal,Raymond,Sasha,Vladimir,,,,,
14/05/2022 12:39:38,Bluebear,Ketchup,,,,,,,,
14/05/2022 13:16:37,Cephalobot,Coco,Del,Ribbot,Sprocket,,,,,
14/05/2022 15:39:07,Bones,Ellie,Erik,Fauna,Maple,,,,,
14/05/2022 17:01:00,Azalea,Beau,Marlo,Sasha,Shep,,,,,
14/05/2022 17:12:06,Bob,Judy,Lobo,Sherb,Stitches,,,,,
14/05/2022 17:52:28,Antonio,Bam,Beau,Boone,Curt,,,,,
14/05/2022 17:56:36,Hamlet,Ketchup,Lolly,Marina,Tom,,,,,
14/05/2022 18:05:23,Biskit,Cookie,Kidd,Lucky,Sprinkle,,,,,
14/05/2022 18:43:51,Cherry,,,,,,,,,
14/05/2022 19:34:22,Erik,Fauna,Maple,Molly,Poppy,,,,,
14/05/2022 22:15:10,Cherry,Dom,Melba,Static,Tia,,,,,
14/05/2022 22:51:47,Ankha,Cephalobot,Fauna,Marina,Punchy,,,,,
14/05/2022 23:29:17,Merengue,,,,,,,,,
15/05/2022 01:55:11,Diana,Fauna,Judy,Lolly,Merry,,,,,
15/05/2022 02:16:26,Ankha,Beau,Bob,Julian,Pietro,,,,,
15/05/2022 02:31:46,Bob,Canberra,Dom,Genji,Raymond,,,,,
15/05/2022 03:09:46,Audie,Cephalobot,Cookie,Shino,Sprocket,,,,,
15/05/2022 03:22:01,Felicity,Flurry,June,Kabuki,Ketchup,,,,,
15/05/2022 04:02:12,Doc,Merry,Sherb,Stitches,Teddy,,,,,
15/05/2022 04:49:35,Caroline,Francine,Ketchup,Sherb,Tangy,,,,,
15/05/2022 06:14:36,Bianca,Judy,Molly,Peewee,Stitches,,,,,
15/05/2022 06:30:25,Bruce,Flora,Marina,Skye,Stitches,,,,,
15/05/2022 08:50:52,Dizzy,Flurry,Patty,Reneigh,Tangy,,,,,
15/05/2022 10:06:10,Ankha,Blanche,Gladys,Judy,Pekoe,,,,,
15/05/2022 10:52:05,Filbert,Judy,Lily,Pietro,Stitches,,,,,
15/05/2022 12:03:33,Apple,Audie,Judy,Shino,,,,,,
15/05/2022 13:37:43,Erik,Kiki,Quinn,Shep,Wolfgang,,,,,
15/05/2022 14:15:15,Dom,Fang,Ione,Rosie,Sasha,,,,,
15/05/2022 14:23:24,Bea,Ketchup,Walker,,,,,,,
15/05/2022 14:39:10,Dom,Fang,Ione,Rosie,Sasha,,,,,
15/05/2022 14:46:11,Apollo,Beau,Diana,Octavian,Raymond,,,,,
15/05/2022 15:19:48,Bunnie,Deirdre,Ellie,Gonzo,Shep,,,,,
15/05/2022 16:02:02,Egbert,Hazel,Kabuki,Marshal,Zucker,,,,,
15/05/2022 16:26:57,Ankha,Bob,Chrissy,Simon,Tank,,,,,
15/05/2022 16:46:17,Apple,Audie,Judy,Raymond,Rosie,,,,,
15/05/2022 16:49:25,Bea,Daisy,Judy,Maple,Marshal,,,,,
15/05/2022 16:57:13,Erik,Maple,Marty,Teddy,Zell,,,,,
15/05/2022 17:14:12,Dom,Drago,Fang,Ruby,Zell,,,,,
15/05/2022 17:37:21,Judy,Merry,Sasha,Shino,Whitney,,,,,
15/05/2022 17:44:27,Bob,Filbert,Marshal,O'Hare,Tangy,,,,,
15/05/2022 17:45:42,Faith,Fuchsia,Nate,Snake,Tammy,,,,,
15/05/2022 18:56:21,Kyle,,,,,,,,,
15/05/2022 20:18:00,Flora,Gayle,Murphy,,,,,,,
15/05/2022 20:21:02,Beau,Clay,Dobie,Quinn,Whitney,,,,,
15/05/2022 20:21:54,Audie,Bianca,Freya,Punchy,Skye,,,,,
15/05/2022 22:44:35,Aurora,Canberra,Punchy,Sherb,,,,,,
15/05/2022 22:50:18,Marshal,Merengue,Raymond,Stitches,Willow,,,,,
15/05/2022 22:57:57,Ankha,Marina,Marshal,Raymond,Zucker,,,,,
15/05/2022 23:00:44,Bunnie,Chrissy,Francine,Vivian,Willow,,,,,
15/05/2022 23:44:52,Lolly,Mitzi,Raymond,Shino,Tia,,,,,
16/05/2022 00:25:07,Coco,Gaston,Maple,Marina,Stitches,,,,,
16/05/2022 00:41:09,Judy,Marshal,Raymond,Sasha,Wolfgang,,,,,
16/05/2022 01:20:46,Goldie,Ione,Judy,Lucky,Shino,,,,,
16/05/2022 01:48:06,Maple,Plucky,Yuka,,,,,,,
16/05/2022 02:30:12,Coco,Cookie,Gala,Kiki,Pietro,,,,,
16/05/2022 03:06:41,Apollo,Fuchsia,Nan,Queenie,Shari,,,,,
16/05/2022 03:30:48,Beau,Fauna,Lyman,Marshal,Pinky,,,,,
16/05/2022 03:32:16,Ankha,Ione,Marshal,Merengue,Poppy,,,,,
16/05/2022 03:38:10,Benedict,Cherry,Fauna,Lyman,Pierce,,,,,
16/05/2022 03:50:47,Ankha,Beau,Lolly,Sasha,Stitches,,,,,
16/05/2022 04:44:43,Blanche,Dom,Molly,Pinky,Raymond,,,,,
16/05/2022 05:06:20,Agnes,Hornsby,Jeremiah,Shep,,,,,,
16/05/2022 05:19:55,Azalea,Julia,Marina,Molly,Piper,,,,,
16/05/2022 06:34:09,Hamlet,Kiki,Peanut,Shep,,,,,,
16/05/2022 06:39:21,Hazel,Ken,Mac,Peggy,Walt,,,,,
16/05/2022 08:32:20,Klaus,Lily,Muffy,Opal,Tabby,,,,,
16/05/2022 08:43:52,Audie,Kid Cat,Sasha,Shino,Whitney,,,,,
16/05/2022 08:47:57,Apollo,Bam,Judy,Molly,Tucker,,,,,
16/05/2022 10:13:10,Fang,Ione,Merengue,Quinn,Shino,,,,,
16/05/2022 11:23:53,Dom,Judy,Marshal,Poppy,Sasha,,,,,
16/05/2022 11:33:00,Bill,Judy,June,Marcie,Spike,,,,,
16/05/2022 11:52:00,Bea,Kyle,Papi,Rodeo,Shino,,,,,
16/05/2022 12:48:04,Bella,Bob,Freya,Marshal,Petri,,,,,
16/05/2022 14:03:30,Apollo,Dobie,Julia,Pompom,Raymond,,,,,
16/05/2022 14:14:57,Bluebear,Daisy,Pietro,Sherb,Tiansheng,,,,,
16/05/2022 14:34:08,Apple,Ione,Ketchup,Shino,Stitches,,,,,
16/05/2022 15:31:58,Cherry,Dobie,Gayle,Genji,Tangy,,,,,
16/05/2022 15:43:39,Apple,Dom,Hamlet,Marshal,Zucker,,,,,
16/05/2022 16:08:15,Croque,Deena,Derwin,Hazel,Pietro,,,,,
16/05/2022 16:13:50,Alice,Ankha,Ione,Marshal,Shino,,,,,
16/05/2022 16:52:44,Fang,Flora,Shino,,,,,,,
16/05/2022 17:20:49,Annalise,Freya,Grizzly,Mitzi,Whitney,,,,,
16/05/2022 17:32:12,Cherry,Ione,Marshal,Raymond,Ruby,,,,,
16/05/2022 17:47:14,Agnes,Melba,Raymond,Sasha,Sprinkle,,,,,
16/05/2022 17:57:34,Apple,Diana,Judy,Lily,Tangy,,,,,
16/05/2022 19:10:01,Bob,Marshal,Petri,Raymond,Zucker,,,,,
16/05/2022 19:27:13,Kyle,Lobo,Punchy,Tabby,Wolfgang,,,,,
16/05/2022 19:32:46,Bob,Ketchup,Lily,Molly,Nana,,,,,
16/05/2022 20:07:19,Dom,Erik,Fang,Hans,Sherb,,,,,
16/05/2022 21:29:52,Fang,O'Hare,Purrl,Rosie,Sherb,,,,,
16/05/2022 22:04:27,Apple,Beau,Diana,Pekoe,Poppy,,,,,
16/05/2022 22:33:21,Agnes,Beau,Dobie,Lolly,Purrl,,,,,
16/05/2022 22:35:50,Canberra,Ken,Nan,Snake,Zucker,,,,,
16/05/2022 23:04:15,Admiral,Audie,Aurora,Julian,Tammi,,,,,
17/05/2022 00:17:31,Bam,Bob,Greta,Lolly,Midge,,,,,
17/05/2022 00:36:29,Erik,Maple,Marshal,Poppy,Sylvana,,,,,
17/05/2022 01:46:47,Ione,,,,,,,,,
17/05/2022 02:05:36,Genji,Marshal,Melba,Molly,Shino,,,,,
17/05/2022 02:10:05,Cherry,Julian,Murphy,Raymond,Sherb,,,,,
17/05/2022 03:57:49,Diana,Flora,Nan,Phil,Scoot,,,,,
17/05/2022 04:12:37,Benjamin,Dotty,Fang,Peewee,Tad,,,,,
17/05/2022 04:23:08,Fauna,Marshal,Merengue,Raymond,,,,,,
17/05/2022 04:57:48,Anabelle,Hornsby,Raymond,Snake,Soleil,,,,,
17/05/2022 05:36:43,Ankha,Cephalobot,Coco,Marina,Marshal,,,,,
17/05/2022 07:18:19,Cherry,Clay,Flurry,Grizzly,Twiggy,,,,,
17/05/2022 08:05:20,Ankha,Kevin,Shino,Stitches,Sylvia,,,,,
17/05/2022 08:30:33,Claude,Coco,Ione,Kiki,Raymond,,,,,
17/05/2022 08:38:07,Audie,Aurora,Bianca,Caroline,Chelsea,,,,,
17/05/2022 08:55:23,Bam,Fang,Phoebe,Raymond,Sasha,,,,,
17/05/2022 09:28:04,Megan,Molly,Murphy,Nate,Peanut,,,,,
17/05/2022 10:20:07,Diana,Ione,Margie,Molly,Tia,,,,,
17/05/2022 10:21:18,Cherry,Phil,Stella,Sylvana,Wendy,,,,,
17/05/2022 10:24:45,Apollo,Beau,Chief,Fauna,Molly,,,,,
17/05/2022 10:26:59,Cherry,Lucky,Teddy,,,,,,,
17/05/2022 10:55:24,Ankha,Judy,Raymond,Sasha,Shino,,,,,
17/05/2022 11:34:45,Marshal,Poppy,Raymond,Roald,Rosie,,,,,
17/05/2022 12:46:08,Beau,Bluebear,Gala,Judy,Roald,,,,,
17/05/2022 12:47:53,Cherry,Jeremiah,Molly,Raymond,Stitches,,,,,
17/05/2022 12:55:29,Ankha,Dom,Kiki,Lucky,Whitney,,,,,
17/05/2022 13:03:07,Coco,Fauna,Marina,Poncho,Static,,,,,
17/05/2022 14:24:21,Apple,Canberra,Genji,Marina,Rex,,,,,
17/05/2022 14:55:30,Agent S,Cephalobot,Coco,Stitches,Teddy,,,,,
17/05/2022 15:06:25,Diana,Hazel,Julian,Shep,Wendy,,,,,
17/05/2022 16:05:30,Bam,Bluebear,Bob,Merry,Norma,,,,,
17/05/2022 16:25:26,Erik,Flora,Ione,Marty,Merengue,,,,,
17/05/2022 17:51:37,Chevre,Moe,Pango,Reneigh,Sylvana,,,,,
17/05/2022 20:13:27,Bob,Genji,Louie,Raymond,Tangy,,,,,
17/05/2022 20:35:45,Judy,Marshal,Merengue,Molly,Shino,,,,,
17/05/2022 21:18:03,Deli,Muffy,Petri,Ruby,Tammy,,,,,
17/05/2022 23:05:48,Cheri,Diana,Judy,Marcie,Skye,,,,,
18/05/2022 00:35:35,Lolly,Lucky,Pietro,Shino,Stitches,,,,,
18/05/2022 00:59:46,Annalisa,Melba,Opal,Pekoe,Zucker,,,,,
18/05/2022 01:23:19,Kid Cat,Maple,Peanut,Stitches,Sylvana,,,,,
18/05/2022 01:58:26,Drago,,,,,,,,,
18/05/2022 02:33:21,Aurora,Jeremiah,Molly,Sherb,Stitches,,,,,
18/05/2022 03:05:17,Apple,Cherry,Dom,Lily,Zell,,,,,
18/05/2022 03:33:09,Judy,Marshal,Raymond,Reneigh,Roald,,,,,
18/05/2022 03:41:17,Ankha,Bob,Bonbon,Lolly,Raymond,,,,,
18/05/2022 03:51:26,Fauna,Lucky,Raymond,Stitches,Tangy,,,,,
18/05/2022 04:09:22,Merengue,Raymond,Sherb,Static,Wendy,,,,,
18/05/2022 04:18:05,Petri,Stella,Sylvana,Weber,Willow,,,,,
18/05/2022 04:49:25,Judy,Merengue,Sherb,Sprinkle,Stitches,,,,,
18/05/2022 09:42:45,Felicity,Ione,Ruby,Shino,Vivian,,,,,
18/05/2022 10:54:09,Apple,Clay,Flurry,Lolly,Poppy,,,,,
18/05/2022 10:55:37,Apple,Clay,Flurry,Lolly,Poppy,,,,,
18/05/2022 10:56:57,Apple,Clay,Flurry,Lolly,Poppy,,,,,
18/05/2022 10:57:44,Apple,Clay,Flurry,Lolly,Poppy,,,,,
18/05/2022 10:58:31,Apple,Clay,Flurry,Lolly,Poppy,,,,,
18/05/2022 10:59:27,Apple,Clay,Flurry,Lolly,Poppy,,,,,
18/05/2022 12:28:32,Apple,Clay,Flurry,Lolly,Poppy,,,,,
18/05/2022 12:32:06,Apple,Clay,Flurry,Lolly,Poppy,,,,,
18/05/2022 12:32:55,Apple,Clay,Flurry,Lolly,Poppy,,,,,
18/05/2022 12:33:42,Apple,Clay,Flurry,Lolly,Poppy,,,,,
18/05/2022 12:34:27,Apple,Clay,Flurry,Lolly,Poppy,,,,,
18/05/2022 13:10:25,Apple,Bianca,Marcie,Marshal,Raymond,,,,,
18/05/2022 13:27:31,Ione,Judy,Marshal,Raymond,Sasha,,,,,
18/05/2022 14:30:58,Chrissy,Paolo,Pashmina,Snake,Zucker,,,,,
18/05/2022 16:03:36,Ankha,Lolly,Sasha,,,,,,,
18/05/2022 16:10:11,Ankha,Deirdre,Genji,Raymond,Stitches,,,,,
18/05/2022 16:21:03,Candi,Carmen,Caroline,Cherry,Coco,,,,,
18/05/2022 17:03:35,Fauna,Kiki,Maple,Molly,Sherb,,,,,
18/05/2022 17:07:43,Croque,Faith,Mint,Prince,Wendy,,,,,
18/05/2022 17:44:58,Cherry,Judy,Megan,Miranda,Raymond,,,,,
18/05/2022 18:21:17,Aurora,Kiki,Muffy,Vesta,,,,,,
18/05/2022 19:59:11,Boris,Kabuki,Pietro,Stu,Zell,,,,,
18/05/2022 19:59:11,Boris,Filbert,Pietro,Stu,Zell,,,,,
18/05/2022 20:28:30,Fauna,Ketchup,Maple,Molly,,,,,,
18/05/2022 22:55:00,Annalisa,Azalea,Bob,Flora,Papi,,,,,
18/05/2022 23:23:58,Apple,Chadder,Cookie,Gigi,Pietro,,,,,
18/05/2022 23:25:52,Coco,Fauna,Maple,Melba,Portia,,,,,
18/05/2022 23:28:10,Alli,Ankha,Fauna,Margie,Toby,,,,,
18/05/2022 23:39:02,Anicotti,Bianca,Cherry,Flip,Prince,,,,,
18/05/2022 23:45:03,Nate,Poncho,Stitches,,,,,,,
18/05/2022 23:47:25,Peggy,Roald,Sasha,Shep,Stitches,,,,,
19/05/2022 01:23:53,Ankha,Beau,Bertha,Nana,Patty,,,,,
19/05/2022 01:25:42,Marina,Marshal,Nan,Walker,Zucker,,,,,
19/05/2022 01:27:35,Ankha,Coco,Lopez,Lucky,Marshal,,,,,
19/05/2022 02:12:17,Ankha,Astrid,Bob,Cookie,Shino,,,,,
19/05/2022 02:31:41,Benjamin,Ione,Lucky,,,,,,,
19/05/2022 03:46:34,Apple,Kyle,Rod,Roswell,Sandy,,,,,
19/05/2022 04:15:16,Elmer,Kiki,Purrl,Sasha,Wolfgang,,,,,
19/05/2022 04:54:17,Bea,Dom,Midge,Sherb,Tammi,,,,,
19/05/2022 05:01:14,Bob,Erik,Freckles,Lolly,Sylvana,,,,,
19/05/2022 05:22:35,Bob,Coco,Marina,Pietro,Tia,,,,,
19/05/2022 05:47:00,Cousteau,Genji,Kabuki,Raymond,Stella,,,,,
19/05/2022 06:23:58,Bill,Gladys,Roscoe,Shino,Whitney,,,,,
19/05/2022 10:33:43,Bluebear,Marshal,Melba,Sasha,Shino,,,,,
19/05/2022 11:32:21,Beau,Cephalobot,Erik,Molly,Shino,,,,,
19/05/2022 12:40:47,Chevre,Ione,Lily,Melba,Stella,,,,,
19/05/2022 13:31:09,Audie,Bud,Flora,Phoebe,Zucker,,,,,
19/05/2022 13:44:32,Bluebear,Cousteau,Gayle,Jeremiah,Scoot,,,,,
19/05/2022 16:13:00,Beau,Lily,Marina,Penelope,Reneigh,,,,,
19/05/2022 17:57:27,Diana,Fauna,Marty,Ozzie,Sprinkle,,,,,
19/05/2022 18:02:10,Beau,Cobb,Gaston,Kitt,Pinky,,,,,
19/05/2022 19:08:14,Apple,Bonbon,Marshal,Sasha,Skye,,,,,
19/05/2022 21:35:38,Bones,Boomer,Erik,Rudy,Teddy,,,,,
19/05/2022 21:37:23,Bam,Diana,Erik,Marshal,Zucker,,,,,
19/05/2022 22:49:24,Apollo,Beau,Filbert,Sherb,Skye,,,,,
19/05/2022 23:41:41,Bonbon,Eloise,Genji,Leonardo,Pekoe,,,,,
19/05/2022 23:44:20,Apple,Bob,Kiki,Vladimir,Wade,,,,,
20/05/2022 00:01:47,Apollo,Beau,Judy,Marina,Marshal,,,,,
20/05/2022 01:51:19,Bam,Beau,Kyle,Mitzi,Raymond,,,,,
20/05/2022 02:22:20,Ellie,Ketchup,Pashmina,Poppy,Static,,,,,
20/05/2022 02:25:52,Alfonso,Flo,Moose,Pietro,Tangy,,,,,
20/05/2022 02:26:46,Ava,Egbert,Hamlet,Quinn,Reneigh,,,,,
20/05/2022 02:28:05,Bea,Judy,Kyle,Mac,Purrl,,,,,
20/05/2022 02:39:58,Dom,Erik,Flurry,Iggly,Ketchup,,,,,
20/05/2022 02:42:08,Bluebear,Coco,Stitches,Tangy,,,,,,
20/05/2022 03:49:47,Ketchup,Marshal,Zucker,,,,,,,
20/05/2022 04:15:42,Apple,Deli,Filbert,Lily,Rod,,,,,
20/05/2022 04:44:47,Ankha,Boone,Pietro,Stitches,Wendy,,,,,
20/05/2022 05:03:40,Coco,Marina,Zucker,,,,,,,
20/05/2022 05:58:36,Bob,Jacques,Roald,Rooney,Sprocket,,,,,
20/05/2022 08:30:29,Marshal,Pudge,Raymond,Sasha,Shino,,,,,
20/05/2022 11:39:05,Coco,Marshal,Molly,Raymond,Shino,,,,,
20/05/2022 14:18:51,Ankha,Audie,Ione,Marshal,Phoebe,,,,,
20/05/2022 15:15:38,Apollo,Bertha,Sasha,Stitches,Sylvana,,,,,
20/05/2022 15:55:04,Audie,Judy,Molly,Raymond,Sasha,,,,,
20/05/2022 18:09:53,Bones,Boyd,Egbert,Merengue,Puck,,,,,
20/05/2022 18:13:26,Diana,Julian,Kiki,Lily,Stitches,,,,,
20/05/2022 18:38:10,Agnes,Beau,Erik,Skye,Winnie,,,,,
20/05/2022 19:29:32,Bluebear,Ione,Maple,Ruby,Sasha,,,,,
20/05/2022 20:12:21,Alfonso,Bones,Erik,Kyle,Marshal,,,,,
20/05/2022 20:44:26,Agnes,Hornsby,Lucy,Rex,Sasha,,,,,
20/05/2022 21:05:30,Cephalobot,Ione,Octavian,,,,,,,
20/05/2022 22:00:25,Agnes,Eunice,Lolly,Olivia,Rosie,,,,,
20/05/2022 22:48:30,Grizzly,Rosie,,,,,,,,
20/05/2022 23:46:21,Ankha,Audie,Chai,Maple,Sasha,,,,,
21/05/2022 00:02:44,Bam,Biff,Daisy,Phoebe,Puck,,,,,
21/05/2022 01:53:06,Julian,Marina,Molly,Raymond,Shino,,,,,
21/05/2022 02:02:01,Marshal,Poppy,Rosie,Snake,Walker,,,,,
21/05/2022 02:07:40,Drago,Moe,Raymond,Roald,Tucker,,,,,
21/05/2022 02:13:46,Bam,Daisy,Kiki,Muffy,Nan,,,,,
21/05/2022 02:15:40,Mac,Maple,Marshal,Sherb,Zucker,,,,,
21/05/2022 03:07:01,Bob,Cookie,Dizzy,Knox,Marshal,,,,,
21/05/2022 03:19:36,Ankha,Beau,Goldie,Raymond,Sasha,,,,,
21/05/2022 03:40:06,Bones,Bruce,Cookie,Erik,Whitney,,,,,
21/05/2022 03:53:38,Apollo,Cephalobot,Diva,Roscoe,Sasha,,,,,
21/05/2022 04:44:26,Bam,Fauna,Lolly,Pekoe,Zucker,,,,,
21/05/2022 05:18:34,Audie,Kidd,Marina,Sasha,Shino,,,,,
21/05/2022 06:27:39,Ankha,Dobie,Lionel,Lucky,Peanut,,,,,
21/05/2022 08:07:42,Bob,Coco,Lolly,Lucky,Marshal,,,,,
21/05/2022 08:36:32,Agnes,Jacques,Lopez,Sherb,,,,,,
21/05/2022 09:48:40,Chabwick,Croque,Gayle,Lucky,Moose,,,,,
21/05/2022 12:16:46,Audie,Beau,Fang,Fauna,Skye,,,,,
21/05/2022 13:34:50,Bluebear,Judy,Mitzi,Punchy,Shino,,,,,
21/05/2022 14:07:36,Chai,Kid Cat,Petri,,,,,,,
21/05/2022 15:12:22,Ava,Cherry,Margie,Portia,,,,,,
21/05/2022 16:29:36,Ankha,Raymond,Sherb,Shino,Zucker,,,,,
21/05/2022 16:51:23,Dom,Ketchup,Merengue,Roald,Sherb,,,,,
21/05/2022 16:53:53,Beau,Cranston,Maple,Molly,,,,,,
21/05/2022 17:16:04,Cranston,Marshal,Pompom,Purrl,Shino,,,,,
21/05/2022 17:29:59,Bunnie,Chrissy,Francine,Vivian,Willow,,,,,
21/05/2022 18:18:46,Jeremiah,Judy,Shari,Teddy,Willow,,,,,
21/05/2022 19:30:26,Ankha,Marshal,Rex,Shino,Tangy,,,,,
21/05/2022 21:01:11,Lolly,Merengue,Molly,Roald,Zucker,,,,,
21/05/2022 21:01:52,Diana,Merengue,Molly,Pekoe,Sprocket,,,,,
21/05/2022 21:52:00,Ione,Merengue,Shino,Sprinkle,,,,,,
21/05/2022 21:54:28,Ione,Merengue,Molly,Raymond,Zucker,,,,,
21/05/2022 22:15:09,Ankha,Lolly,Rosie,,,,,,,
21/05/2022 22:15:15,Ankha,Erik,Raymond,Sasha,Sherb,,,,,
21/05/2022 22:44:14,Apple,Cephalobot,Faith,Maple,Rudy,,,,,
21/05/2022 23:44:58,Audie,Judy,Rosie,Sherb,Shino,,,,,
22/05/2022 00:19:32,Agnes,Beau,Ellie,Maple,Merry,,,,,
22/05/2022 00:40:50,Marshal,Merengue,Raymond,Sasha,Zucker,,,,,
22/05/2022 01:10:44,Maple,Sherb,Shino,Sprinkle,Sylvana,,,,,
22/05/2022 01:31:47,Flora,Kid Cat,Marshal,Poppy,Zucker,,,,,
22/05/2022 01:31:51,Ketchup,Kiki,Maggie,Marshal,Molly,,,,,
22/05/2022 01:42:58,Bob,Freya,Marshal,Punchy,Raymond,,,,,
22/05/2022 02:33:45,Bill,Blanche,Lolly,Lyman,Muffy,,,,,
22/05/2022 02:57:31,Genji,Lolly,Sasha,Scoot,Tiansheng,,,,,
22/05/2022 03:34:24,Cherry,Coco,Goldie,Raymond,Wolfgang,,,,,
22/05/2022 04:19:19,Ione,Marshal,Merry,Shino,Sylvana,,,,,
22/05/2022 04:39:41,Jacques,Lucy,Octavian,Papi,Puddles,,,,,
22/05/2022 05:12:57,Bree,Chevre,Erik,Mitzi,Shino,,,,,
22/05/2022 05:13:17,Fauna,Octavian,Plucky,Rex,Truffles,,,,,
22/05/2022 05:44:44,Bianca,Dom,Ketchup,Kid Cat,Skye,,,,,
22/05/2022 05:46:01,Sherb,,,,,,,,,
22/05/2022 05:58:47,Lucky,Lyman,Sherb,Shino,Tia,,,,,
22/05/2022 06:47:52,Erik,Sasha,Sherb,Shino,Stitches,,,,,
22/05/2022 06:49:51,Audie,Kidd,Rhonda,Sheldon,Spike,,,,,
22/05/2022 06:54:02,Dobie,Lolly,Maple,Marshal,Sherb,,,,,
22/05/2022 07:44:30,Beau,Fauna,Lolly,Raymond,Tia,,,,,
22/05/2022 09:05:16,Alice,Filbert,Pippy,Sherb,Sylvana,,,,,
22/05/2022 09:16:30,Apollo,Erik,Fang,Fauna,Skye,,,,,
22/05/2022 10:06:27,Shino,,,,,,,,,
22/05/2022 11:45:46,Candi,Cherry,Chevre,Cyd,Marcel,,,,,
22/05/2022 13:06:48,Bluebear,Lily,Maple,Marshal,Stitches,,,,,
22/05/2022 13:21:42,Judy,Marshal,Rudy,Sasha,Stitches,,,,,
22/05/2022 13:36:36,Chadder,Kid Cat,Lolly,Marshal,Sasha,,,,,
22/05/2022 16:04:43,Dom,Genji,Marshal,Shino,Tangy,,,,,
22/05/2022 16:06:57,Bianca,Cherry,Chevre,Doc,Filbert,,,,,
22/05/2022 16:09:13,Ione,Peanut,Roscoe,Roswell,Sasha,,,,,
22/05/2022 16:22:14,Biskit,Merengue,Stitches,Zucker,,,,,,
22/05/2022 16:24:51,Aurora,Cephalobot,Eloise,Marshal,Raymond,,,,,
22/05/2022 16:35:15,Bluebear,Pecan,Rex,,,,,,,
22/05/2022 16:42:36,Ankha,Bob,Cephalobot,Chadder,Static,,,,,
22/05/2022 16:49:00,Ankha,Marshal,Raymond,Sherb,Stitches,,,,,
22/05/2022 17:06:21,Lolly,Merengue,Sasha,Whitney,Zucker,,,,,
22/05/2022 18:02:02,Ankha,Ketchup,Purrl,Savannah,Zell,,,,,
22/05/2022 19:03:21,Bea,Cookie,Reneigh,,,,,,,
22/05/2022 19:08:51,Gabi,Kiki,Raymond,,,,,,,
22/05/2022 19:57:57,Candi,Cephalobot,Coco,Genji,Roald,,,,,
22/05/2022 20:11:25,Fang,Marina,Sasha,Shino,Zucker,,,,,
22/05/2022 20:36:59,Bob,Camofrog,Chabwick,Fang,Marlo,,,,,
22/05/2022 21:23:12,Chief,Cranston,Cube,Flip,Tammy,,,,,
22/05/2022 21:34:21,Beau,Shino,Skye,Teddy,Zell,,,,,
22/05/2022 21:37:33,Ankha,Kid Cat,Marshal,Mitzi,Wart Jr.,,,,,
22/05/2022 22:11:17,June,Marina,Pekoe,Ruby,Snake,,,,,
22/05/2022 22:58:27,Genji,Ruby,Stitches,,,,,,,
22/05/2022 23:02:28,Filbert,Molly,Zucker,,,,,,,
22/05/2022 23:03:44,Klaus,Rex,Simon,Sylvana,Tutu,,,,,
22/05/2022 23:09:39,Coco,Fauna,Hamphrey,Lily,Molly,,,,,
22/05/2022 23:39:55,Poppy,,,,,,,,,
22/05/2022 23:45:56,Apple,Bob,Flora,Marina,Zucker,,,,,
23/05/2022 00:16:40,Ankha,Coco,Fauna,Lucky,Merengue,,,,,
23/05/2022 01:18:32,Ankha,Bob,Bunnie,Dotty,Sasha,,,,,
23/05/2022 01:25:19,Bluebear,Bob,Ketchup,Maple,Tangy,,,,,
23/05/2022 01:38:24,Dizzy,Joey,Marshal,Tangy,Zucker,,,,,
23/05/2022 02:17:39,Fauna,Lolly,Marshal,Raymond,Stella,,,,,
23/05/2022 02:39:59,Biff,Katt,Octavian,Sally,Stitches,,,,,
23/05/2022 03:13:02,Raymond,,,,,,,,,
23/05/2022 03:13:58,Anabelle,Flora,Julia,Marina,Sasha,,,,,
23/05/2022 03:33:52,Melba,Roswell,Snake,Wendy,Zucker,,,,,
23/05/2022 04:56:58,Stitches,,,,,,,,,
23/05/2022 05:01:41,Bam,Filbert,Goldie,Marshal,Rosie,,,,,
23/05/2022 07:49:24,Anchovy,Beardo,Opal,Pancetti,Soleil,,,,,
23/05/2022 10:43:18,Billy,Fang,Ione,Peanut,Static,,,,,
23/05/2022 10:53:01,Ketchup,Pekoe,Shino,Tank,Zucker,,,,,
23/05/2022 11:11:30,Ione,Judy,Maple,Marshal,Raymond,,,,,
23/05/2022 13:16:28,Chevre,Fauna,Goldie,Hornsby,Scoot,,,,,
23/05/2022 13:26:39,Dom,Molly,Raymond,Roscoe,Stitches,,,,,
23/05/2022 13:49:26,Audie,Ione,Molly,Peanut,Raymond,,,,,
23/05/2022 14:28:30,Ankha,Lolly,Ruby,Sasha,Zucker,,,,,
23/05/2022 15:02:10,Ketchup,Octavian,Stitches,Zell,Zucker,,,,,
23/05/2022 15:42:00,Felicity,,,,,,,,,
23/05/2022 16:37:50,Judy,Lily,Marina,Marshal,Shino,,,,,
23/05/2022 17:41:46,Baabara,Diana,Raymond,Reneigh,,,,,,
23/05/2022 17:45:03,Agnes,Marshal,Molly,Raymond,Roald,,,,,
23/05/2022 17:45:53,Carrie,Croque,Francine,Poppy,Sylvana,,,,,
23/05/2022 18:11:02,Ione,Petri,Raymond,Shino,Tutu,,,,,
23/05/2022 18:11:47,Ankha,Bob,Tangy,,,,,,,
23/05/2022 18:18:53,Ankha,Marina,Raymond,Roald,Zucker,,,,,
23/05/2022 19:31:30,Diana,Fauna,Melba,Plucky,Sherb,,,,,
23/05/2022 20:48:04,Beau,Bob,Lolly,Tom,Zucker,,,,,
23/05/2022 21:04:15,Bob,Goldie,Melba,Raymond,Shino,,,,,
23/05/2022 21:21:31,Marina,Marshal,Pietro,Raymond,Rosie,,,,,
23/05/2022 22:18:03,Dom,Julia,Marshal,Tia,Zucker,,,,,
23/05/2022 23:05:49,Deirdre,Eugene,Frank,Reneigh,Wade,,,,,
23/05/2022 23:47:31,Beardo,Billy,Hugh,Kid Cat,Pashmina,,,,,
24/05/2022 00:11:34,Cephalobot,Coco,Genji,Julian,Zucker,,,,,
24/05/2022 00:20:55,Audie,Judy,Molly,Pekoe,Poppy,,,,,
24/05/2022 01:44:56,Merengue,Rhonda,Tiffany,Whitney,Wolfgang,,,,,
24/05/2022 02:15:46,Cherry,Erik,Fauna,Petri,,,,,,
24/05/2022 03:05:59,Apple,Beau,Ketchup,Roald,Skye,,,,,
24/05/2022 03:28:24,Deirdre,Fang,Goldie,Ribbot,Robin,,,,,
24/05/2022 03:37:50,Ione,Quinn,Raymond,Sasha,Shino,,,,,
24/05/2022 03:51:56,Alice,Canberra,Eugene,Faith,Melba,,,,,
24/05/2022 06:55:50,Beau,Marina,Marshal,Merry,Pashmina,,,,,
24/05/2022 10:53:13,Ione,Maple,Marina,Molly,Sasha,,,,,
24/05/2022 12:51:59,Ketchup,Lily,Marshal,Stitches,Wolfgang,,,,,
24/05/2022 14:11:01,Fauna,Lolly,Sherb,Shino,Zucker,,,,,
24/05/2022 14:53:28,Apollo,Filbert,Gladys,Wolfgang,Zucker,,,,,
24/05/2022 15:42:02,Marshal,,,,,,,,,
24/05/2022 15:50:55,Felicity,Marina,Raymond,Stitches,,,,,,
24/05/2022 16:13:05,Beau,Erik,Sherb,Zucker,,,,,,
24/05/2022 16:13:13,Cherry,Lolly,Lucky,Marshal,Zucker,,,,,
24/05/2022 16:23:26,Raymond,,,,,,,,,
24/05/2022 17:00:19,Bob,Margie,Nibbles,Peanut,Whitney,,,,,
24/05/2022 17:21:30,Audie,Sasha,,,,,,,,
24/05/2022 18:41:08,Drake,Lily,Pekoe,Puddles,Sasha,,,,,
24/05/2022 18:44:12,Chow,Derwin,Ketchup,Opal,Zucker,,,,,
24/05/2022 18:47:46,Bob,Coco,Lucky,,,,,,,
24/05/2022 20:40:28,Doc,Filbert,Julian,Katt,Mallary,,,,,
24/05/2022 22:08:47,Bob,Caroline,Cephalobot,Ed,Marlo,,,,,
24/05/2022 22:41:21,Antonio,Apple,Dotty,Eugene,Filbert,,,,,
24/05/2022 22:42:10,Marshal,Pekoe,Raymond,Stitches,Tangy,,,,,
25/05/2022 00:02:11,Felicity,Joey,Judy,Lily,Marshal,,,,,
25/05/2022 00:55:58,Chief,Fang,Kyle,Lobo,Wolfgang,,,,,
25/05/2022 02:08:15,Agnes,Deirdre,Gonzo,Kiki,Raymond,,,,,
25/05/2022 02:29:10,Cephalobot,Coco,Shino,Wart Jr.,Zucker,,,,,
25/05/2022 04:57:25,Anicotti,Ankha,Merengue,,,,,,,
25/05/2022 05:47:16,Étoile,Gayle,Merengue,Sasha,Stitches,,,,,
25/05/2022 05:54:31,Lolly,Marshal,Mira,Roald,Tangy,,,,,
25/05/2022 09:56:36,Hamlet,Sasha,Wolfgang,,,,,,,
25/05/2022 10:08:37,Rudy,,,,,,,,,
25/05/2022 10:45:36,Coco,Ketchup,Lucky,Raddle,Zucker,,,,,
25/05/2022 12:11:49,Marlo,Pietro,Puddles,Pudge,Wart Jr.,,,,,
25/05/2022 12:44:14,Audie,Bangle,Coco,Flora,Shino,,,,,
25/05/2022 14:06:20,Cookie,Dom,Muffy,Tutu,,,,,,
25/05/2022 14:20:01,Bam,Hamlet,Norma,Papi,Zucker,,,,,
25/05/2022 16:17:19,Dotty,Kabuki,Punchy,Quinn,Roscoe,,,,,
25/05/2022 16:27:20,Chadder,Cheri,Cookie,Judy,Sasha,,,,,
25/05/2022 16:55:05,Bluebear,Roald,Sheldon,Stitches,Twiggy,,,,,
25/05/2022 17:51:22,Bob,Broccolo,Henry,Tiffany,Zucker,,,,,
25/05/2022 19:19:12,Goldie,,,,,,,,,
25/05/2022 20:14:41,Amelia,Ankha,Julian,Molly,Raymond,,,,,
25/05/2022 20:36:19,Zucker,,,,,,,,,
25/05/2022 20:42:16,Beau,Diana,Punchy,Shino,,,,,,
25/05/2022 21:59:03,Agnes,Molly,Rosie,Shino,Stitches,,,,,
25/05/2022 22:35:24,Diana,Dobie,Frank,Lucky,Stitches,,,,,
25/05/2022 22:43:59,Cherry,Cranston,Drago,Knox,Zell,,,,,
25/05/2022 23:33:13,Bluebear,Chrissy,Diana,Erik,Whitney,,,,,
25/05/2022 23:42:17,Kidd,Mac,Reneigh,Shino,Tammi,,,,,
26/05/2022 01:01:46,Lily,,,,,,,,,
26/05/2022 01:07:28,Marshal,Raymond,Shino,,,,,,,
26/05/2022 01:18:24,Blaire,Butch,Fauna,Poppy,Rosie,,,,,
26/05/2022 01:18:38,Pudge,Punchy,Sherb,,,,,,,
26/05/2022 01:27:16,Hazel,Kidd,Octavian,Ribbot,Snake,,,,,
26/05/2022 01:55:13,Baabara,Elise,Pietro,Timbra,Vesta,,,,,
26/05/2022 01:56:53,Baabara,Dom,Elise,Frita,Vesta,,,,,
26/05/2022 01:58:55,Dom,Elise,Frita,Muffy,Pietro,,,,,
26/05/2022 03:03:42,Apollo,Audie,Cherry,Timbra,Wade,,,,,
26/05/2022 03:13:38,Chelsea,Chrissy,Judy,Kidd,Nibbles,,,,,
26/05/2022 03:35:46,Judy,Sasha,Stitches,,,,,,,
26/05/2022 03:57:12,Ketchup,Marshal,Olivia,Raymond,Roald,,,,,
26/05/2022 04:14:48,Bunnie,Chrissy,Skye,Stitches,Tia,,,,,
26/05/2022 04:52:37,Benedict,Buck,Gala,Gloria,Katt,,,,,
26/05/2022 05:44:46,Coco,Lucky,Marshal,Pecan,Phoebe,,,,,
26/05/2022 06:03:18,Ankha,Audie,Deirdre,Francine,Ione,,,,,
26/05/2022 06:06:04,Ankha,Apple,Aurora,Merengue,Violet,,,,,
26/05/2022 08:07:12,Filbert,Flora,Gayle,Jeremiah,Stella,,,,,
26/05/2022 08:11:21,Cherry,Ribbot,Zucker,,,,,,,
26/05/2022 10:00:39,Cookie,Dom,Faith,Hamlet,Marshal,,,,,
26/05/2022 10:10:55,Ione,Sasha,Stitches,,,,,,,
26/05/2022 10:40:34,Aurora,Fang,Quinn,Tia,Whitney,,,,,
26/05/2022 10:43:31,Aurora,Blanche,Diana,Judy,Wolfgang,,,,,
26/05/2022 11:42:12,Coco,Lucky,Octavian,Raymond,Zucker,,,,,
26/05/2022 14:09:13,Alfonso,Angus,Big Top,Cyd,Derwin,,,,,
26/05/2022 16:42:14,Ione,Marshal,Raymond,Sasha,Shino,,,,,
26/05/2022 16:45:21,Boone,Hopkins,Kidd,Quinn,Zucker,,,,,
26/05/2022 16:47:51,Aurora,Mac,Pashmina,,,,,,,
26/05/2022 17:07:19,Ione,Lobo,Lolly,Papi,Shino,,,,,
26/05/2022 17:17:23,Stitches,,,,,,,,,
26/05/2022 17:17:42,Flurry,Hamlet,Hornsby,Mira,Pango,,,,,
26/05/2022 17:30:48,Coco,Étoile,Fauna,Muffy,Pietro,,,,,
26/05/2022 18:26:17,Cherry,Dom,Judy,Ketchup,Marina,,,,,
26/05/2022 18:45:14,Diana,Fang,Olivia,Whitney,Wolfgang,,,,,
26/05/2022 19:23:03,Marina,Marshal,Mitzi,Poppy,Rosie,,,,,
26/05/2022 21:05:57,Ankha,Coco,Fauna,Maple,Teddy,,,,,
26/05/2022 22:04:01,Ankha,Beau,Lolly,Shino,Stitches,,,,,
26/05/2022 22:10:53,Dobie,Dom,Lobo,Marshal,Raymond,,,,,
26/05/2022 22:14:41,Agnes,Bertha,Teddy,Twiggy,Wade,,,,,
26/05/2022 22:21:54,Poppy,,,,,,,,,
26/05/2022 22:36:07,Aurora,Carmen,Maple,Tiffany,,,,,,
26/05/2022 23:16:57,Coco,Diana,Shino,,,,,,,
27/05/2022 00:46:04,Bones,Cephalobot,Ione,Julian,Shino,,,,,
27/05/2022 01:49:27,Apollo,Diana,Dobie,Sylvana,,,,,,
27/05/2022 02:00:53,Chevre,Olivia,Sherb,Shino,Zucker,,,,,
27/05/2022 02:12:16,Benedict,Bob,Derwin,Sprocket,Stinky,,,,,
27/05/2022 02:24:57,Audie,Chevre,Fauna,Grizzly,Timbra,,,,,
27/05/2022 02:35:15,Aurora,Boomer,Chevre,Pecan,Sprinkle,,,,,
27/05/2022 02:49:21,Azalea,Bones,Olivia,Opal,Pinky,,,,,
27/05/2022 04:12:05,Agent S,Apple,Kid Cat,Marshal,Tangy,,,,,
27/05/2022 04:19:04,Beau,Cherry,Marshal,Mira,Raymond,,,,,
27/05/2022 04:58:23,Ankha,Marina,Raymond,Shino,Stitches,,,,,
27/05/2022 06:03:22,Bluebear,Drago,Keaton,Whitney,Zucker,,,,,
27/05/2022 06:08:36,Judy,Sasha,Shino,Stitches,,,,,,
27/05/2022 06:35:08,Ankha,Judy,Marshal,Raymond,Roald,,,,,
27/05/2022 07:07:45,Cephalobot,Fauna,Mint,Raymond,Stitches,,,,,
27/05/2022 07:53:49,Phoebe,Raymond,Shino,Zucker,,,,,,
27/05/2022 07:54:23,Lucky,Queenie,,,,,,,,
27/05/2022 09:02:56,Judy,Maple,Marina,Merengue,Molly,,,,,
27/05/2022 10:08:19,Genji,Judy,Mitzi,Punchy,Raymond,,,,,
27/05/2022 10:56:48,Ankha,Judy,Marshal,Raymond,Stitches,,,,,
27/05/2022 12:26:14,Petri,,,,,,,,,
27/05/2022 12:38:18,Beau,Hornsby,Muffy,Tybalt,,,,,,
27/05/2022 13:25:13,Bones,Coco,Erik,Julia,Petri,,,,,
27/05/2022 13:28:45,Bettina,Filbert,Hornsby,Mira,Mott,,,,,
27/05/2022 13:30:03,Bettina,Filbert,Hornsby,Mira,Mott,,,,,
27/05/2022 13:31:15,Bettina,Filbert,Hornsby,Mira,Mott,,,,,
27/05/2022 14:16:42,Marina,Roald,Sasha,Simon,Stella,,,,,
27/05/2022 14:27:47,Elvis,Joey,Maple,Sherb,Shino,,,,,
27/05/2022 14:30:16,Avery,Phoebe,Skye,,,,,,,
27/05/2022 15:26:06,Alfonso,Lolly,Molly,Stitches,Tiansheng,,,,,
27/05/2022 15:35:40,Bangle,Lily,Pietro,Punchy,Roald,,,,,
27/05/2022 16:07:47,Cherry,Coco,Marshal,Raymond,Sasha,,,,,
27/05/2022 16:13:28,Boone,Canberra,Fauna,Marlo,Shino,,,,,
27/05/2022 16:29:01,Axel,Bam,Bill,Cookie,Marina,,,,,
27/05/2022 16:56:21,Lucky,Marshal,Raymond,Stitches,Wolfgang,,,,,
27/05/2022 19:29:49,Bam,Raymond,Wolfgang,Zell,Zucker,,,,,
27/05/2022 20:33:49,Bones,Butch,Celia,Fang,Goldie,,,,,
27/05/2022 20:40:57,Bluebear,Chai,Étoile,Julian,Sasha,,,,,
27/05/2022 21:12:21,Cherry,Dobie,Frett,Lucky,Rowan,,,,,
27/05/2022 21:28:22,Ellie,Flora,Hornsby,Marina,Raymond,,,,,
27/05/2022 23:33:15,Apple,Carmen,Hazel,Molly,Pompom,,,,,
27/05/2022 23:53:09,Ankha,Judy,June,Kabuki,Pekoe,,,,,
28/05/2022 00:13:03,Flip,Hornsby,Tammy,Wendy,Yuka,,,,,
28/05/2022 00:38:22,Beau,Chow,Erik,Sasha,Shino,,,,,
28/05/2022 00:41:36,Hans,Jacques,Paolo,Shep,Zucker,,,,,
28/05/2022 02:49:40,Apollo,Curt,Rolf,Rory,Tybalt,,,,,
28/05/2022 04:55:59,Tom,,,,,,,,,
28/05/2022 06:52:02,Bluebear,Chrissy,Dom,Petri,Sasha,,,,,
28/05/2022 06:52:19,Beau,Big Top,Bob,Bones,Marshal,,,,,
28/05/2022 07:20:28,Freya,Kyle,Lobo,Sly,Sylvia,,,,,
28/05/2022 07:32:19,Tom,,,,,,,,,
28/05/2022 07:36:03,Tom,,,,,,,,,
28/05/2022 07:38:05,Tom,,,,,,,,,
28/05/2022 07:39:34,Tom,,,,,,,,,
28/05/2022 07:41:23,Tom,,,,,,,,,
28/05/2022 07:42:47,Tom,,,,,,,,,
28/05/2022 07:44:36,Tom,,,,,,,,,
28/05/2022 07:45:56,Tom,,,,,,,,,
28/05/2022 07:47:04,Tom,,,,,,,,,
28/05/2022 07:49:25,Tom,,,,,,,,,
28/05/2022 07:51:15,Tom,,,,,,,,,
28/05/2022 07:53:00,Tom,,,,,,,,,
28/05/2022 07:55:31,Tom,,,,,,,,,
28/05/2022 08:45:11,Katt,Kyle,Pashmina,Punchy,Quinn,,,,,
28/05/2022 09:02:09,Ankha,Coco,Flora,Shino,,,,,,
28/05/2022 09:56:16,Azalea,Molly,Punchy,Reneigh,Shino,,,,,
28/05/2022 12:26:39,Fauna,Kidd,Kyle,Octavian,Quinn,,,,,
28/05/2022 12:36:45,Ankha,Beau,Bob,Judy,Raymond,,,,,
28/05/2022 12:43:31,Erik,Marshal,Roald,Rosie,Stitches,,,,,
28/05/2022 13:51:51,Coco,Maple,Marshal,Megan,Merry,,,,,
28/05/2022 14:18:24,Judy,Ketchup,Marina,Marshal,Stitches,,,,,
28/05/2022 15:51:38,Audie,Beau,Raymond,Shino,Stitches,,,,,
28/05/2022 16:05:29,Chief,Deirdre,Filbert,O'Hare,Sasha,,,,,
28/05/2022 16:09:13,Cally,Gabi,Nate,Pompom,,,,,,
28/05/2022 16:49:18,Cephalobot,Ione,Patty,Simon,,,,,,
28/05/2022 17:38:43,Cally,Freya,Kyle,Marina,Zucker,,,,,
28/05/2022 18:56:30,Raymond,Rosie,Tangy,,,,,,,
28/05/2022 19:13:37,Bob,Lolly,Raymond,Roscoe,Rosie,,,,,
28/05/2022 19:18:56,Ankha,Bob,Coco,Shino,Snake,,,,,
28/05/2022 19:25:16,Diva,Gigi,Jambette,Naomi,Snooty,,,,,
28/05/2022 19:28:38,Ava,Jeremiah,Marina,Marshal,Molly,,,,,
28/05/2022 19:33:12,Apollo,Chief,Diana,Marina,Punchy,,,,,
28/05/2022 19:37:32,Agent S,Lucky,Marshal,Raymond,Zucker,,,,,
28/05/2022 19:57:21,Frobert,Kiki,Raymond,,,,,,,
28/05/2022 19:58:42,Coco,Ketchup,Marshal,Rosie,Shep,,,,,
28/05/2022 20:22:44,Beau,Fauna,Roald,,,,,,,
28/05/2022 20:22:45,Ankha,Bob,Lucky,Molly,Tangy,,,,,
28/05/2022 20:32:56,Ankha,Marshal,Raymond,Stitches,Zucker,,,,,
28/05/2022 20:55:13,Bianca,Clay,Dobie,Julian,Raymond,,,,,
28/05/2022 21:18:01,Diana,Erik,Fauna,Merry,Poppy,,,,,
28/05/2022 21:44:54,Ione,Lolly,Marshal,Sasha,Stitches,,,,,
28/05/2022 22:23:54,Ankha,Blanche,Coco,Ione,Whitney,,,,,
28/05/2022 23:10:52,Zucker,,,,,,,,,
28/05/2022 23:44:08,Genji,,,,,,,,,
29/05/2022 00:35:05,Dotty,Gabi,Marina,Purrl,Ruby,,,,,
29/05/2022 01:29:22,Judy,Lily,Maple,Merengue,Rosie,,,,,
29/05/2022 01:33:06,Blanche,Gayle,Norma,Renée,Rosie,,,,,
29/05/2022 01:35:24,Ace,Beau,Erik,Melba,Molly,,,,,
29/05/2022 03:15:12,Coco,Kiki,Maple,Merry,Zucker,,,,,
29/05/2022 04:15:11,Ankha,Audie,Bluebear,Cephalobot,Vivian,,,,,
29/05/2022 05:02:41,Dotty,Eloise,Friga,Ozzie,Pashmina,,,,,
29/05/2022 05:07:25,Coco,Diana,Lucky,Muffy,Rosie,,,,,
29/05/2022 05:39:52,Frank,Maelle,O'Hare,Pancetti,Rooney,,,,,
29/05/2022 05:51:54,Ankha,Erik,Kiki,Marina,Zucker,,,,,
29/05/2022 06:53:53,Bob,Judy,Kiki,Marcie,Tutu,,,,,
29/05/2022 07:02:47,Biskit,Derwin,Marina,Octavian,Stitches,,,,,
29/05/2022 07:05:08,Ankha,Elvis,Judy,Shino,Zucker,,,,,
29/05/2022 08:36:08,Ankha,Fauna,Ketchup,Lolly,Tangy,,,,,
29/05/2022 09:22:57,Apple,,,,,,,,,
29/05/2022 10:56:00,Bertha,Cyd,Dizzy,Paolo,,,,,,
29/05/2022 11:05:27,Daisy,Filbert,Joey,Maple,Nan,,,,,
29/05/2022 11:51:59,Gonzo,Raymond,Sasha,Shep,Winnie,,,,,
29/05/2022 12:21:27,Dom,Papi,Raymond,Sherb,Zucker,,,,,
29/05/2022 13:38:33,Ketchup,Raymond,Sasha,Shino,Zucker,,,,,
29/05/2022 14:18:39,Audie,Dobie,Fang,Shino,Whitney,,,,,
29/05/2022 14:35:12,Deli,Eugene,Flora,Sylvia,,,,,,
29/05/2022 14:40:27,Molly,Phoebe,Sasha,Shino,Whitney,,,,,
29/05/2022 15:25:23,Étoile,Raymond,Shino,Zucker,,,,,,
29/05/2022 15:46:53,Phoebe,Wendy,,,,,,,,
29/05/2022 16:41:59,Agnes,Cleo,Norma,Opal,Rio,,,,,
29/05/2022 17:42:24,Ankha,Kiki,Melba,Merry,Rosie,,,,,
29/05/2022 17:54:04,T-Bone,Tex,Vladimir,Walt,Wolfgang,,,,,
29/05/2022 18:15:32,Bill,Blaire,Maple,Molly,Poppy,,,,,
29/05/2022 18:25:16,Ankha,Cherry,Lucky,,,,,,,
29/05/2022 18:46:18,Bubbles,Flora,Frank,Pinky,Sylvia,,,,,
29/05/2022 19:45:53,Tiansheng,Tutu,,,,,,,,
29/05/2022 19:59:06,Iggly,Ione,Judy,Sherb,Stitches,,,,,
29/05/2022 20:16:14,Bruce,Fauna,,,,,,,,
29/05/2022 21:08:43,Chadder,Kiki,Pecan,,,,,,,
29/05/2022 21:11:25,Ankha,Beau,Kiki,Raymond,Reneigh,,,,,
29/05/2022 23:17:37,Bob,Boots,Bubbles,Chadder,Cookie,,,,,
29/05/2022 23:17:55,Bam,Marshal,Raymond,,,,,,,
30/05/2022 00:37:30,Judy,Lucky,Marshal,Pekoe,Raymond,,,,,
30/05/2022 00:58:49,June,Lily,Margie,Molly,Tangy,,,,,
30/05/2022 01:41:55,Lily,Maple,Tiffany,,,,,,,
30/05/2022 01:53:14,Coco,Lucky,Marshal,Zucker,,,,,,
30/05/2022 02:33:26,Apple,Chabwick,Hopper,Ike,Pashmina,,,,,
30/05/2022 02:56:02,Billy,Hopkins,Ketchup,Lucky,Merengue,,,,,
30/05/2022 02:58:07,Ketchup,Lolly,Raymond,Sherb,Tiansheng,,,,,
30/05/2022 03:15:57,Bunnie,Chrissy,Francine,Vivian,Willow,,,,,
30/05/2022 03:45:55,Audie,Biff,Hazel,Naomi,Norma,,,,,
30/05/2022 03:59:18,Ankha,Katt,Marina,Tangy,Whitney,,,,,
30/05/2022 04:01:44,Audie,Deirdre,Tangy,Tex,,,,,,
30/05/2022 04:40:24,Mac,O'Hare,Sydney,Teddy,Tutu,,,,,
30/05/2022 05:47:09,Carrie,Ed,Hamphrey,Sandy,Sterling,,,,,
30/05/2022 06:39:20,Deli,June,Lobo,Sterling,Whitney,,,,,
30/05/2022 06:40:29,Jacques,Shino,Stella,,,,,,,
30/05/2022 06:52:24,Audie,Marshal,Ozzie,Purrl,Raymond,,,,,
30/05/2022 07:03:12,Boone,Carmen,Erik,Peck,,,,,,
30/05/2022 07:14:32,Erik,Fang,June,Lily,Marina,,,,,
30/05/2022 08:42:27,Beau,Bonbon,Lolly,Punchy,Sasha,,,,,
30/05/2022 11:14:02,Erik,Marshal,Roald,Rosie,Stitches,,,,,
30/05/2022 11:56:46,Ankha,Chabwick,,,,,,,,
30/05/2022 13:09:37,Static,,,,,,,,,
30/05/2022 13:36:50,Beau,Cephalobot,Marina,Stitches,Zucker,,,,,
30/05/2022 14:05:29,Bill,Flip,Goldie,Shino,,,,,,
30/05/2022 14:27:38,Aurora,Hazel,Kyle,Maddie,Velma,,,,,
30/05/2022 14:43:50,Dobie,Grizzly,Raymond,Rudy,Skye,,,,,
30/05/2022 14:49:39,Sherb,,,,,,,,,
30/05/2022 15:02:05,Kid Cat,Marshal,Raymond,Stitches,Zucker,,,,,
30/05/2022 17:00:35,Henry,Lily,Marina,Raymond,Zucker,,,,,"If a villager has the same votes, they're ranked based on their order in adjunction to eachother from the previous month. For example, alfonso and eugene have the same votes, alfonso was higher than eugene last month so he's ranked above eugene. You can cross reference this by checking their message on how far they've moved since last month."
30/05/2022 17:15:09,Fauna,Hippeux,Ione,Muffy,Simon,,,,,
30/05/2022 17:17:16,Bruce,Raymond,Sasha,Sherb,Shino,,,,,
30/05/2022 17:20:55,Antonio,Biskit,Fauna,Sasha,Zucker,,,,,
30/05/2022 17:47:15,Apollo,Axel,Ketchup,Mint,Shino,,,,,
30/05/2022 18:24:11,Bill,Coco,Hans,Ione,Kabuki,,,,,
30/05/2022 19:23:11,Bob,Kiki,Lolly,Lucky,,,,,,
30/05/2022 20:06:15,Cookie,Flora,Hippeux,Kabuki,Maple,,,,,
30/05/2022 21:12:34,Cephalobot,Fauna,Marina,Sherb,Shino,,,,,
30/05/2022 21:22:08,Audie,Olivia,Pashmina,Stinky,Tangy,,,,,
30/05/2022 21:46:59,Ione,Marshal,Sasha,,,,,,,
30/05/2022 21:59:07,Beau,Diana,Flora,Ike,Stitches,,,,,
30/05/2022 22:11:09,Beau,Merry,Molly,Raymond,Sherb,,,,,
30/05/2022 22:49:31,Ione,Merry,Punchy,Raymond,Shino,,,,,
30/05/2022 23:03:30,Ankha,Coco,Fang,Raymond,Wolfgang,,,,,
30/05/2022 23:19:40,Cherry,Flora,Marcie,Raymond,Rosie,,,,,
30/05/2022 23:30:08,Flurry,Lily,Marina,Marshal,Merengue,,,,,
31/05/2022 00:08:02,Fauna,Kid Cat,Kiki,Punchy,Zucker,,,,,
31/05/2022 00:12:35,Coco,Petri,Raddle,Roswell,Ruby,,,,,
31/05/2022 00:33:35,Ken,Pekoe,Raymond,Zell,,,,,,
31/05/2022 00:34:58,Chevre,Kid Cat,Roscoe,Teddy,,,,,,
31/05/2022 00:35:03,Alice,Gladys,Purrl,Renée,Sylvana,,,,,
31/05/2022 00:36:20,Alfonso,Annalisa,Axel,Broffina,Deirdre,,,,,
31/05/2022 00:47:51,Apple,Bam,Bea,,,,,,,
31/05/2022 02:07:27,Ankha,Beau,Fauna,Raymond,Shino,,,,,
31/05/2022 02:31:10,Audie,Bam,Ketchup,Lolly,Spork,,,,,
31/05/2022 02:59:30,Zucker,,,,,,,,,
31/05/2022 03:08:23,Étoile,Maple,Marina,Molly,Sherb,,,,,
31/05/2022 04:02:27,Elise,,,,,,,,,
31/05/2022 04:24:43,Apollo,Beau,Marshal,Raymond,Sherb,,,,,
31/05/2022 05:10:50,Goldie,Marty,Pashmina,Pecan,Sylvana,,,,,
31/05/2022 05:42:55,Coco,Fang,Fauna,Marshal,Stitches,,,,,
31/05/2022 05:58:54,Fauna,Julian,Kabuki,Kidd,Wolfgang,,,,,
31/05/2022 06:17:43,Broccolo,Katt,Olaf,Piper,Sasha,,,,,
31/05/2022 08:38:49,Hornsby,Marshal,Tank,Violet,Zell,,,,,
31/05/2022 09:07:19,Ione,Judy,Raymond,Rosie,Zucker,,,,,
31/05/2022 09:30:16,Blaire,Nan,Raymond,Vivian,Weber,,,,,