Timestamp,Choose up to 5 villagers,,,,,,Villagers,Tally,,Comment
01/02/2022 19:51:20,Kabuki,Kid Cat,Raymond,Snake,,,Raymond,219,,"If a villager has the same votes, they're ranked based on their order in adjunction to eachother from the previous month. For example, alfonso and eugene have the same votes, alfonso was higher than eugene last month so he's ranked above eugene. You can cross reference this by checking their message on how far they've moved since last month."
01/02/2022 19:53:10,Erik,Eugene,Lucky,Shino,Stitches,,Marshal,204,,
01/02/2022 19:53:42,Anabelle,Bangle,Egbert,Goose,Hazel,,Shino,203,,
01/02/2022 19:53:55,Audie,Cheri,Francine,Sasha,Wade,,Sherb,181,,
01/02/2022 19:54:11,Ankha,Chai,Coco,Genji,Stitches,,Sasha,164,,
01/02/2022 19:54:32,Caroline,Claudia,Greta,Ruby,Tutu,,Ione,153,,
01/02/2022 20:24:53,Judy,Julian,Merengue,Sasha,Zucker,,Ankha,150,,
01/02/2022 20:53:46,Drago,,,,,,Zucker,143,,
01/02/2022 21:00:38,Deli,Flip,Nana,Shari,Tiansheng,,Stitches,138,,
01/02/2022 21:01:36,Bob,Broccolo,Keaton,Olivia,Twiggy,,Merengue,129,,
01/02/2022 21:09:40,Beau,Cephalobot,Flip,Katt,Walt,,Marina,119,,
01/02/2022 21:13:36,Annalise,Carmen,Cookie,Kody,Rudy,,Judy,118,,
01/02/2022 21:15:33,Judy,Marshal,Stitches,Tiansheng,Zucker,,Beau,116,,
01/02/2022 21:18:30,Audie,Drago,Judy,Roald,Sherb,,Coco,101,,
01/02/2022 21:30:14,Bill,Boomer,Clay,Freya,Weber,,Maple,100,,
01/02/2022 21:38:45,Curt,Grizzly,Groucho,Ike,Olive,,Fauna,97,,
01/02/2022 21:39:41,Apple,Coco,Louie,Olive,Sherb,,Audie,96,,
01/02/2022 21:44:55,Ankha,Lucky,Muffy,Pietro,Shino,,Molly,92,,
01/02/2022 22:08:08,Beau,Erik,Hornsby,Poppy,Stitches,,Bob,89,,
01/02/2022 22:12:15,Marina,Octavian,Sherb,Stitches,Zucker,,Lolly,86,,
01/02/2022 22:14:08,Beau,Cherry,Lucky,Shino,Walker,,Erik,72,,
01/02/2022 22:19:10,Boyd,Carrie,Cashmere,Kitty,Zoe,,Lucky,70,,
01/02/2022 22:20:01,Beardo,Cephalobot,Fuchsia,Raymond,Sherb,,Diana,70,,
01/02/2022 22:32:38,Ankha,Broffina,Hopper,Lobo,Tangy,,Dom,66,,
01/02/2022 22:38:08,Bree,Eugene,Jay,Rod,Tex,,Ketchup,66,,
01/02/2022 23:00:22,Elise,Hamlet,Marshal,Stitches,Zucker,,Cephalobot,62,,
01/02/2022 23:00:55,Daisy,Étoile,Kiki,Molly,Vivian,,Rosie,59,,
01/02/2022 23:02:04,Cally,Hazel,Lolly,Rod,Sasha,,Lily,54,,
01/02/2022 23:21:47,Cherry,Dom,Melba,Static,Tia,,Julian,52,,
01/02/2022 23:22:41,Drift,Kabuki,Melba,Pashmina,Rosie,,Tangy,49,,
01/02/2022 23:25:46,Dobie,Ione,Marshal,Stitches,,,Punchy,47,,
01/02/2022 23:27:23,Hippeux,Midge,Renée,,,,Cherry,45,,
01/02/2022 23:50:58,Biff,Celia,Graham,Kid Cat,Kiki,,Fang,45,,
01/02/2022 23:52:53,Blaire,Bunnie,Chrissy,Cookie,Olivia,,Kiki,45,,
01/02/2022 23:56:29,Ankha,Kiki,Olivia,Petri,Sasha,,Apollo,44,,
02/02/2022 00:04:51,Chelsea,Claudia,Diva,Drago,Lucky,,Poppy,43,,
02/02/2022 00:06:25,Avery,Goldie,Kid Cat,Punchy,Zell,,Roald,42,,
02/02/2022 00:15:29,Bluebear,Marina,Marshal,Sherb,Zucker,,Bluebear,41,,
02/02/2022 00:32:22,Agent S,Avery,Chabwick,Kid Cat,Sally,,Pietro,40,,
02/02/2022 00:43:44,Flurry,Gonzo,Marshal,Static,Stitches,,Flora,40,,
02/02/2022 00:48:49,Chevre,Coco,Judy,Maple,Shino,,Apple,38,,
02/02/2022 00:48:54,Apollo,Henry,Merengue,Merry,Ozzie,,Filbert,38,,
02/02/2022 00:54:28,Bella,Diana,Frita,Merengue,Punchy,,Octavian,37,,
02/02/2022 01:01:12,Katt,Lolly,Maple,Shino,Zucker,,Tia,36,,
02/02/2022 01:11:50,Camofrog,Dom,Filbert,Marshal,Rosie,,Whitney,35,,
02/02/2022 01:20:13,Audie,Ione,Marshal,Raymond,Sasha,,Pashmina,35,,
02/02/2022 01:26:00,Coco,,,,,,Skye,35,,
02/02/2022 01:27:27,Bluebear,Henry,Maddie,Marshal,Sherb,,Ruby,35,,
02/02/2022 01:32:20,Apple,Cheri,Deirdre,Ketchup,Maple,,Reneigh,35,,
02/02/2022 02:42:13,Erik,Fauna,Ione,Sherb,Shino,,Merry,34,,
02/02/2022 02:48:48,Coco,Raymond,Sasha,Shino,Tangy,,Kabuki,32,,
02/02/2022 02:50:48,Audie,Canberra,Chevre,Julia,Merengue,,Genji,32,,
02/02/2022 03:03:01,Blaire,Bonbon,O'Hare,Pecan,Tasha,,Flurry,32,,
02/02/2022 03:04:32,Del,Frank,Huck,Pango,Tasha,,Dobie,31,,
02/02/2022 03:19:27,Chief,Mitzi,Olaf,Snake,Vladimir,,Wolfgang,30,,
02/02/2022 03:28:40,Bam,Daisy,Dobie,Kiki,Poppy,,Goldie,30,,
02/02/2022 04:07:54,Bob,Coco,Lucky,,,,Bam,30,,
02/02/2022 04:37:20,Ankha,Fauna,Flora,Kabuki,Shino,,Étoile,30,,
02/02/2022 04:43:22,Audie,Fauna,Marina,Punchy,Raymond,,Deirdre,29,,
02/02/2022 05:26:21,Billy,Deena,Kabuki,Plucky,Stu,,Cookie,27,,
02/02/2022 05:29:52,Audie,Eloise,Fuchsia,Merengue,,,Henry,27,,
02/02/2022 05:47:34,Flurry,Maple,Marshal,Melba,Whitney,,Clay,27,,
02/02/2022 06:28:29,Audie,Erik,Reneigh,Sherb,Skye,,Hazel,27,,
02/02/2022 06:32:26,Bones,Hans,Kitt,Rolf,Shino,,Melba,26,,
02/02/2022 06:58:19,Apple,Chrissy,Judy,Megan,Rosie,,Chevre,26,,
02/02/2022 07:06:35,Hornsby,Reneigh,Tipper,Whitney,Zucker,,Katt,26,,
02/02/2022 07:09:22,Beau,Deirdre,Diana,Static,Zell,,Kid Cat,25,,
02/02/2022 08:09:53,Cherry,Dom,Goldie,Lucky,,,Daisy,25,,
02/02/2022 08:26:05,Apple,Friga,Julian,Stinky,,,Pekoe,25,,
02/02/2022 09:01:59,Gabi,Marina,Marshal,Sasha,Sherb,,Zell,24,,
02/02/2022 09:46:18,Dom,Maple,Marina,Marshal,Zucker,,Sprinkle,24,,
02/02/2022 10:37:50,Celia,Filbert,Stitches,,,,Chrissy,24,,
02/02/2022 10:47:55,Erik,Sherb,Stitches,,,,Hornsby,24,,
02/02/2022 10:53:03,Diana,Dom,Merengue,Pashmina,Stitches,,Drago,24,,
02/02/2022 10:53:31,Beau,Dom,Fauna,Maple,Molly,,Aurora,23,,
02/02/2022 11:52:45,Audie,Bluebear,Chabwick,Cookie,Gayle,,Muffy,22,,
02/02/2022 12:29:48,Frita,Graham,Hopper,Roald,Wade,,Static,20,,
02/02/2022 12:33:55,Audie,Rex,Sally,Skye,Tia,,Phoebe,20,,
02/02/2022 12:42:09,Audie,Étoile,Ione,Merengue,Winnie,,Bianca,20,,
02/02/2022 13:03:33,Judy,Sprinkle,,,,,Cheri,20,,
02/02/2022 13:10:00,Bella,Fauna,Raddle,,,,Kyle,19,,
02/02/2022 13:14:00,Cherry,Flurry,Shino,Skye,Wolfgang,,Bea,19,,
02/02/2022 14:29:20,Bones,Canberra,Merry,Pekoe,,,Cube,19,,
02/02/2022 14:40:00,Cephalobot,Coco,Cyd,Genji,Lucky,,Alice,19,,
02/02/2022 14:54:09,Cherry,Cobb,Coco,Lolly,Molly,,Tiansheng,18,,
02/02/2022 15:31:30,Ione,Marshal,Raymond,Shino,Sylvana,,Sylvana,18,,
02/02/2022 15:37:11,Daisy,Ione,Judy,Molly,Ruby,,Tom,18,,
02/02/2022 15:57:36,Biff,Roald,Shino,,,,Nan,18,,
02/02/2022 16:08:50,Charlise,O'Hare,Rod,Ruby,Tutu,,Jeremiah,18,,
02/02/2022 16:17:29,Blaire,Cally,Caroline,Pecan,Sylvana,,Rex,18,,
02/02/2022 16:36:41,Beau,Bunnie,Chevre,Phil,Portia,,Francine,17,,
02/02/2022 16:42:06,Bluebear,Reneigh,Roscoe,Rosie,Whitney,,Hamlet,17,,
02/02/2022 16:51:33,Ankha,Ione,Tasha,,,,Dizzy,17,,
02/02/2022 17:09:35,Flora,Ione,Judy,Roald,Stitches,,Purrl,17,,
02/02/2022 17:25:35,Ankha,Drago,Hopper,Sherb,Snake,,Bill,17,,
02/02/2022 17:33:35,Daisy,Ketchup,Kyle,Punchy,Reneigh,,Agnes,16,,
02/02/2022 17:53:45,Beau,Cherry,Sherb,Sprinkle,Stitches,,Olivia,16,,
02/02/2022 18:24:53,Cube,Lyman,Marshal,Octavian,Poppy,,Shep,16,,
02/02/2022 18:37:08,Genji,Julian,Kabuki,Patty,Roald,,Mitzi,16,,
02/02/2022 18:43:49,Daisy,Erik,Flurry,Maple,Sherb,,Bunnie,16,,
02/02/2022 18:46:33,Alice,Bea,Maple,Melba,Molly,,Fuchsia,16,,
02/02/2022 18:48:53,Diana,Étoile,Fauna,Merengue,,,Bruce,16,,
02/02/2022 18:56:31,Ribbot,,,,,,Tutu,16,,
02/02/2022 19:34:37,Marina,Marshal,,,,,Bangle,16,,
02/02/2022 19:55:22,Judy,Ketchup,Lily,Rod,Tangy,,Lopez,16,,
02/02/2022 20:14:28,Coco,Daisy,Hornsby,Klaus,Whitney,,Petri,15,,
02/02/2022 20:25:20,Ione,Judy,Lucky,Maple,Molly,,Bones,15,,
02/02/2022 20:39:07,Ione,Judy,Lucky,Marshal,Molly,,Peanut,15,,
02/02/2022 20:40:51,Lolly,,,,,,Quinn,15,,
02/02/2022 20:57:08,Bob,Maple,Merengue,Pinky,Rosie,,Eugene,15,,
02/02/2022 20:58:47,Fauna,Hans,Ione,Marlo,Sterling,,Kidd,15,,
02/02/2022 21:04:30,Beardo,Mott,Muffy,Portia,Tasha,,Biskit,15,,
02/02/2022 21:11:58,Apollo,Beardo,Croque,Deirdre,Groucho,,Freckles,15,,
02/02/2022 21:29:06,Caroline,Filbert,Marshal,Miranda,Peanut,,Tammy,15,,
02/02/2022 21:32:29,Fang,Fauna,Molly,Phoebe,Reneigh,,Marlo,14,,
02/02/2022 21:40:48,Clay,Freckles,Lucky,Shino,Tabby,,Roscoe,14,,
02/02/2022 21:42:52,Kidd,Maple,Peanut,,,,Chai,14,,
02/02/2022 21:45:29,Boots,Clay,Julian,Stella,Tucker,,Tasha,14,,
02/02/2022 21:47:45,Daisy,Fauna,Hazel,Kiki,Lucky,,Beardo,14,,
02/02/2022 21:48:19,Cheri,Erik,Filbert,Ione,Marshal,,Gayle,13,,
02/02/2022 21:49:37,Genji,Henry,Poppy,Shino,Zucker,,Teddy,13,,
02/02/2022 21:51:52,Ione,Merengue,Rosie,Shari,Whitney,,Ellie,13,,
02/02/2022 21:58:36,Chow,Chrissy,Monique,Rizzo,Sparro,,Julia,13,,
02/02/2022 21:59:54,Boots,Cherry,Lolly,Raymond,Rex,,Bella,13,,
02/02/2022 22:05:21,Caroline,Kabuki,Olivia,Rosie,Sasha,,Lobo,12,,
02/02/2022 22:05:40,Biskit,Cyrano,Kabuki,Ken,Kevin,,Shari,12,,
02/02/2022 22:07:10,Maple,Marina,Marshal,Nan,Pekoe,,Lyman,12,,
02/02/2022 22:10:11,Ava,Beardo,Hamlet,Prince,Skye,,Freya,12,,
02/02/2022 22:21:22,Bianca,Del,Dom,Ione,Punchy,,Wade,12,,
02/02/2022 22:21:39,Alice,Clay,Fang,Maple,Sasha,,Scoot,12,,
02/02/2022 22:24:51,Fauna,Lily,Marina,Rosie,Sherb,,Antonio,12,,
02/02/2022 22:35:59,Cherry,Fauna,Lionel,Stitches,,,Olive,12,,
02/02/2022 22:52:30,Butch,Cookie,Dobie,Tipper,,,Vivian,12,,
02/02/2022 22:54:42,Felicity,Filbert,Gonzo,Kidd,Lobo,,Dotty,12,,
02/02/2022 23:04:24,Kiki,Raymond,Sprinkle,Sydney,Sylvia,,Puddles,12,,
02/02/2022 23:13:30,Bree,Chester,Diana,Ione,Pekoe,,Blaire,12,,
02/02/2022 23:16:37,Beau,Ione,Lolly,Merengue,Sasha,,Ribbot,12,,
02/02/2022 23:16:52,Felicity,Flora,Lily,Marina,Merry,,Megan,12,,
02/02/2022 23:20:56,Beau,Fauna,Maple,Marshal,Merengue,,Maddie,12,,
02/02/2022 23:21:09,Cephalobot,Ione,Lucky,Marshal,Sasha,,Deli,12,,
02/02/2022 23:46:29,Chevre,Erik,Merengue,Poppy,Shino,,Margie,12,,
02/02/2022 23:47:41,Ankha,Chai,Cole,Julian,Molly,,Egbert,12,,
02/02/2022 23:49:04,Fauna,Goldie,Gonzo,Molly,Stitches,,Norma,12,,
02/02/2022 23:52:10,Bea,Cole,Hazel,Olive,Raymond,,Elvis,12,,
02/02/2022 23:54:52,Biskit,Deirdre,Graham,Lobo,Miranda,,Annalisa,12,,
02/02/2022 23:55:56,Baabara,Deirdre,Marlo,Mitzi,Wendy,,Felicity,11,,
02/02/2022 23:57:37,Coco,Diana,Moe,Poppy,,,Azalea,11,,
03/02/2022 00:02:50,Buzz,Canberra,Marina,Marshal,Merry,,Papi,11,,
03/02/2022 00:05:19,Audie,Coco,Marshal,Merengue,Raymond,,Canberra,11,,
03/02/2022 00:09:18,Chrissy,Francine,Marshal,Sasha,Stitches,,Chief,11,,
03/02/2022 00:15:32,Apollo,Hornsby,Punchy,Sherb,Stitches,,Sprocket,11,,
03/02/2022 00:20:39,Katt,Kiki,Peggy,Sasha,Tabby,,Snake,11,,
03/02/2022 00:20:41,Bea,Fauna,Molly,Punchy,Tia,,Flo,11,,
03/02/2022 00:24:56,Ankha,Lucky,Pashmina,Punchy,Snake,,Gladys,11,,
03/02/2022 00:30:03,Ankha,Kiki,Muffy,Ribbot,Sherb,,Twiggy,11,,
03/02/2022 00:33:24,Audie,Cephalobot,Dizzy,Frita,Roald,,Mint,11,,
03/02/2022 00:34:03,Coco,Ione,Maple,Savannah,Tia,,Tex,11,,
03/02/2022 00:35:41,Ankha,Bones,Ione,Raymond,Sasha,,Goose,11,,
03/02/2022 00:45:42,Cranston,Flo,Kyle,Pate,Tasha,,Faith,10,,
03/02/2022 00:48:46,Hopkins,Ione,Sasha,Sherb,Shino,,Stella,10,,
03/02/2022 00:58:17,Chabwick,Clay,Friga,Hopper,Soleil,,Gonzo,10,,
03/02/2022 01:03:13,Flora,Ione,Marshal,Raymond,Shino,,Wendy,10,,
03/02/2022 01:08:13,Fauna,Ione,Maple,Molly,Sherb,,Cyd,10,,
03/02/2022 01:13:14,Bluebear,Bunnie,Carmen,Étoile,Poppy,,Diva,10,,
03/02/2022 01:19:03,Chrissy,Diana,Judy,Pekoe,Shino,,Caroline,10,,
03/02/2022 01:31:52,Chow,Erik,Merry,Sasha,Shino,,Mira,10,,
03/02/2022 01:40:08,Daisy,Filbert,Marina,Merry,Raymond,,Biff,10,,
03/02/2022 01:42:59,Bob,Genji,Hornsby,Ione,Shino,,Avery,10,,
03/02/2022 02:04:53,Cephalobot,Chevre,Dom,Sasha,Stitches,,Nana,10,,
03/02/2022 02:47:36,Cookie,Fuchsia,Lolly,Lopez,Zucker,,Patty,10,,
03/02/2022 02:53:47,Coco,Judy,Marshal,Raymond,Zucker,,Chabwick,9,,
03/02/2022 03:07:03,Hippeux,Katt,Mathilda,Petri,Sasha,,Rudy,9,,
03/02/2022 03:39:37,Gaston,Jambette,Marshal,Ruby,Sasha,,Ozzie,9,,
03/02/2022 03:46:06,Chadder,Ketchup,Lily,Tangy,Zucker,,June,9,,
03/02/2022 03:56:39,Coco,Deirdre,Gala,Melba,Sally,,Carmen,9,,
03/02/2022 03:57:44,Marshal,Molly,Shino,Stitches,,,Celia,9,,
03/02/2022 04:05:15,Stitches,Wolfgang,,,,,Joey,9,,
03/02/2022 04:15:28,Beau,Ione,Ruby,Sherb,Shino,,Pinky,9,,
03/02/2022 04:36:06,Beau,Del,Lobo,Marshal,Raymond,,Pecan,9,,
03/02/2022 05:04:37,Beau,Marshal,Raymond,Shino,,,Chadder,9,,
03/02/2022 05:15:32,Egbert,Freya,Zucker,,,,Blanche,9,,
03/02/2022 05:20:02,Julian,Octavian,Peewee,Raymond,Shari,,Tabby,9,,
03/02/2022 05:22:39,Ankha,Blaire,Flo,Judy,Walt,,Cole,9,,
03/02/2022 05:33:36,Bunnie,Chow,Faith,Tex,Zucker,,Boomer,9,,
03/02/2022 05:41:39,Beau,Drift,Lopez,Maple,Marina,,Graham,9,,
03/02/2022 05:57:12,Dobie,Gonzo,Molly,Papi,Rowan,,Boots,9,,
03/02/2022 05:58:43,Boomer,Erik,Petri,Sherb,,,Murphy,9,,
03/02/2022 06:05:43,Ankha,Dom,Genji,Julian,Twiggy,,Bubbles,9,,
03/02/2022 06:13:08,Merengue,Raymond,Rosie,Sasha,Sherb,,Drift,9,,
03/02/2022 06:46:47,Chai,Cherry,Raymond,Sherb,Shino,,Frita,8,,
03/02/2022 07:02:03,Bam,Eugene,Julian,June,Lopez,,Moe,8,,
03/02/2022 07:07:05,Erik,Filbert,Kabuki,Marina,,,Poncho,8,,
03/02/2022 07:24:42,Dotty,Étoile,Ketchup,Maple,Poppy,,Camofrog,8,,
03/02/2022 07:52:32,Filbert,,,,,,Tiffany,8,,
03/02/2022 07:55:23,Filbert,Henry,Marshal,Poppy,Truffles,,Hamphrey,8,,
03/02/2022 07:57:50,Ione,Lucky,Marshal,Raymond,Stitches,,Savannah,8,,
03/02/2022 08:00:16,Filbert,,,,,,Pate,8,,
03/02/2022 08:03:46,Beau,Keaton,Lopez,Marshal,Pekoe,,Tipper,8,,
03/02/2022 09:28:26,Agent S,Elvis,Erik,Genji,Pinky,,Doc,8,,
03/02/2022 10:23:25,Beau,Fauna,Shino,,,,Sydney,8,,
03/02/2022 11:13:37,Antonio,Lyman,Pekoe,Rasher,Tangy,,Derwin,8,,
03/02/2022 11:57:30,Apollo,Bam,Cherry,Nana,Rosie,,Tank,8,,
03/02/2022 11:58:12,Pancetti,,,,,,Wart Jr.,8,,
03/02/2022 12:11:33,Beau,,,,,,Flip,8,,
03/02/2022 12:34:35,Dizzy,Marina,Ozzie,Pekoe,Poncho,,Eloise,7,,
03/02/2022 12:34:45,Maple,Marshal,Merengue,Sasha,Zucker,,Cranston,7,,
03/02/2022 12:44:31,Chadder,Cherry,Kabuki,Pango,Tasha,,Portia,7,,
03/02/2022 12:48:59,Caroline,Dotty,Freya,Rio,Ruby,,Plucky,7,,
03/02/2022 13:15:19,Bangle,Dom,Maple,Reneigh,Sherb,,Vesta,7,,
03/02/2022 13:33:39,Apollo,Diana,Drago,Kid Cat,Reneigh,,Mac,7,,
03/02/2022 13:47:21,Judy,Ketchup,Maple,Molly,Stitches,,Eunice,7,,
03/02/2022 13:59:42,Bianca,Kyle,Lucky,Murphy,Nan,,Walker,7,,
03/02/2022 14:15:36,Ione,Judy,Julian,Merengue,Shino,,Rio,7,,
03/02/2022 14:19:49,Maple,Molly,Pashmina,Raymond,Sylvana,,Olaf,7,,
03/02/2022 14:23:57,Erik,Lolly,Maddie,Rex,Tutu,,Nate,7,,
03/02/2022 14:25:11,Bob,,,,,,Winnie,7,,
03/02/2022 14:25:26,Hopper,Ketchup,Maddie,Octavian,Rex,,Buck,7,,
03/02/2022 14:26:08,Goldie,Jeremiah,Marshal,Merengue,Sasha,,Stu,7,,
03/02/2022 14:56:06,Cole,Dom,Ketchup,Marshal,Megan,,Sally,7,,
03/02/2022 15:12:08,Audie,Maple,Raymond,Sherb,Zucker,,Barold,7,,
03/02/2022 15:22:49,Audie,Bea,Erik,Kiki,Tutu,,Hopkins,7,,
03/02/2022 15:34:36,Ankha,Beau,Erik,Francine,Judy,,Rod,7,,
03/02/2022 15:38:56,Ankha,Camofrog,Drago,Julia,Pierce,,Renée,7,,
03/02/2022 15:48:52,Audie,Fauna,Flora,Sherb,Shino,,Tammi,7,,
03/02/2022 16:05:09,Coco,Greta,Petri,Purrl,Vladimir,,Chelsea,7,,
03/02/2022 16:19:21,Beau,Ione,Kabuki,Shep,Shino,,Astrid,7,,
03/02/2022 16:36:54,Canberra,Daisy,Freya,Rosie,,,Marty,6,,
03/02/2022 16:37:22,Agnes,Diana,Freckles,Rudy,Sprinkle,,Raddle,6,,
03/02/2022 16:40:14,Cherry,Fang,Lucky,Tangy,Tia,,Walt,6,,
03/02/2022 17:04:07,Apollo,Beardo,Becky,Jacques,Jambette,,Roswell,6,,
03/02/2022 17:22:03,Azalea,Bruce,Carmen,Cube,Papi,,Gala,6,,
03/02/2022 17:33:19,Flora,,,,,,Sterling,6,,
03/02/2022 17:39:16,Diana,Dom,Ketchup,Pashmina,Sprinkle,,Yuka,6,,
03/02/2022 17:42:04,Carrie,Kidd,Marina,Murphy,Skye,,Bree,6,,
03/02/2022 18:03:30,Henry,Lolly,Pompom,,,,Hopper,6,,
03/02/2022 18:44:57,Dizzy,Goldie,Marshal,Punchy,Sasha,,Rodeo,6,,
03/02/2022 18:51:58,Clay,Petri,Punchy,Sasha,Sherb,,Anchovy,6,,
03/02/2022 19:10:38,Ankha,Beau,Dobie,Erik,Marshal,,Hans,6,,
03/02/2022 19:17:50,Ankha,Beau,Marshal,Raymond,Sprocket,,Pippy,6,,
03/02/2022 19:49:21,Beardo,Beau,Bones,Chief,Erik,,Knox,6,,
03/02/2022 19:53:04,Ankha,Beau,Cookie,Erik,Kidd,,Spike,6,,
03/02/2022 19:58:53,Beardo,Beau,Diana,Dobie,Elvis,,Tybalt,6,,
03/02/2022 20:00:58,Apple,Axel,Beau,Tex,Zucker,,Sylvia,6,,
03/02/2022 20:35:51,Blanche,Erik,Étoile,Faith,Timbra,,Cally,6,,
03/02/2022 20:42:35,Erik,Julian,Lucky,Marina,Raymond,,Kitty,6,,
03/02/2022 20:43:40,Boomer,Cheri,Norma,Patty,Tipper,,Gabi,6,,
03/02/2022 21:07:42,Coco,Judy,Lily,Lucky,Wolfgang,,Jambette,6,,
03/02/2022 21:17:25,Ione,Lucha,Rosie,Sherb,Wolfgang,,Jitters,6,,
03/02/2022 21:27:13,Ione,Judy,Marshal,Raymond,Stitches,,Claudia,6,,
03/02/2022 21:29:17,Beau,Dom,Ione,Sherb,Tad,,Greta,6,,
03/02/2022 21:45:40,Ankha,Bones,Ione,Marshal,Shino,,Simon,6,,
03/02/2022 22:01:00,Judy,Sasha,Twiggy,,,,Rhonda,6,,
03/02/2022 22:05:27,Apollo,Leonardo,Rio,Rudy,Zell,,Peewee,6,,
03/02/2022 22:11:45,Apollo,Sherb,Shino,,,,Anabelle,5,,
03/02/2022 22:13:31,Judy,Lily,Lolly,Shino,Stitches,,Broccolo,5,,
03/02/2022 22:32:43,Bluebear,Cephalobot,Lily,Marina,Petri,,Alfonso,5,,
03/02/2022 22:33:23,Marina,Raymond,Sherb,Teddy,Whitney,,Mathilda,5,,
03/02/2022 22:42:05,Ankha,Cheri,Hopkins,Merengue,Raymond,,Piper,5,,
03/02/2022 22:52:49,Genji,Maple,Pashmina,Sasha,Shino,,Billy,5,,
03/02/2022 23:04:13,Annalisa,Grizzly,Marshal,Raymond,Sherb,,Leopold,5,,
03/02/2022 23:12:29,Deirdre,Erik,Mott,Stitches,Zucker,,Butch,5,,
03/02/2022 23:13:34,Cherry,Deirdre,Fang,Stitches,Wendy,,Zoe,5,,
03/02/2022 23:48:29,Eugene,Faith,Flip,Rosie,Tiansheng,,Rodney,5,,
03/02/2022 23:57:56,Ione,Raymond,Sasha,Sherb,Shino,,Weber,5,,
03/02/2022 23:57:59,Beau,Fauna,Maple,Molly,Pashmina,,Lionel,5,,
04/02/2022 00:02:52,Billy,Deirdre,Gwen,Marlo,Robin,,Hippeux,5,,
04/02/2022 00:25:23,Ione,Judy,Marshal,Raymond,Sasha,,Nibbles,5,,
04/02/2022 00:41:48,Ankha,Judy,Raymond,Sherb,Shino,,Pudge,5,,
04/02/2022 00:51:06,Biskit,Canberra,Judy,Merengue,Tank,,Al,5,,
04/02/2022 01:05:18,Alfonso,Chow,Kody,Raymond,Sylvana,,Phil,5,,
04/02/2022 01:34:38,Gayle,Ketchup,Moe,Sherb,Winnie,,Jacques,5,,
04/02/2022 01:38:50,Alice,Bob,Coco,Pashmina,Shino,,Prince,5,,
04/02/2022 01:40:44,Coco,Kabuki,Kiki,Lucky,Pietro,,Midge,5,,
04/02/2022 01:42:49,Audie,Diana,Merengue,Sherb,Shino,,Bonbon,5,,
04/02/2022 01:54:20,Fauna,Molly,Shino,Stitches,Zucker,,Pango,5,,
04/02/2022 02:03:33,Chevre,Nan,Pudge,Sherb,Walker,,Huck,5,,
04/02/2022 02:35:18,Beardo,Biskit,Dobie,Jay,Victoria,,Chow,5,,
04/02/2022 02:38:13,Ankha,Bluebear,Bob,Dom,Genji,,Rasher,5,,
04/02/2022 03:11:04,Erik,Zucker,,,,,Angus,5,,
04/02/2022 03:21:51,Apollo,Chief,Jambette,Stinky,Wolfgang,,Becky,5,,
04/02/2022 03:25:13,Marina,Marshal,Pekoe,Sasha,Sherb,,Jay,5,,
04/02/2022 04:32:59,Fauna,Ione,Sherb,Tia,Zucker,,Tucker,5,,
04/02/2022 04:34:59,Bam,Lucky,Molly,Purrl,Sherb,,Maggie,5,,
04/02/2022 04:43:54,Cephalobot,Lolly,Marshal,Raymond,Roald,,Coach,5,,
04/02/2022 04:48:14,Chief,Marshal,Raymond,Shino,Wolfgang,,Victoria,5,,
04/02/2022 06:49:56,Beau,Whitney,Wolfgang,,,,Croque,5,,
04/02/2022 07:07:21,Cherry,Fauna,Filbert,Flora,Ione,,Rowan,5,,
04/02/2022 07:22:13,Diana,Fauna,Ione,Judy,Marshal,,O'Hare,4,,
04/02/2022 08:34:48,Biff,Flurry,Hazel,Lucky,Marshal,,Willow,4,,
04/02/2022 08:51:10,Étoile,Genji,Marty,Shino,Toby,,Sheldon,4,,
04/02/2022 09:05:20,Bluebear,Dobie,Kiki,Lucky,Ruby,,Pompom,4,,
04/02/2022 10:11:36,Chevre,Maple,Raymond,Reneigh,Rodeo,,Groucho,4,,
04/02/2022 10:42:55,Bella,Ione,Stinky,,,,Keaton,4,,
04/02/2022 11:08:30,Beau,Chai,Egbert,,,,Chester,4,,
04/02/2022 11:44:51,Chevre,Erik,Lily,Nan,Rosie,,Agent S,4,,
04/02/2022 12:01:10,Dobie,Ketchup,Kiki,Maple,Punchy,,Kitt,4,,
04/02/2022 12:10:21,Beau,Coco,Diana,Marshal,Shino,,Gaston,4,,
04/02/2022 12:22:48,Ankha,Fang,Fuchsia,Sprocket,Zucker,,Boone,4,,
04/02/2022 12:32:57,Goldie,Judy,Marshal,Sherb,Stitches,,Bertha,4,,
04/02/2022 12:59:06,Ankha,Genji,Melba,Pekoe,Shino,,Tad,4,,
04/02/2022 13:15:56,Beau,Erik,Sherb,,,,Spork,4,,
04/02/2022 13:45:25,Dora,,,,,,Hugh,4,,
04/02/2022 14:52:32,Broccolo,Bunnie,Marshal,Molly,Ursala,,Axel,4,,
04/02/2022 14:58:06,Dom,Marshal,Sasha,Sherb,Stitches,,Bud,4,,
04/02/2022 15:45:36,Barold,Deirdre,Lyman,Nan,Rio,,Del,4,,
04/02/2022 15:55:33,Bunnie,Drift,Rosie,Sasha,Stitches,,Ursala,4,,
04/02/2022 15:56:01,Bluebear,Chevre,Fauna,Marina,Molly,,Drake,4,,
04/02/2022 16:24:02,Beau,Biff,Bob,Cephalobot,Marshal,,Curt,4,,
04/02/2022 16:26:36,Beau,Fauna,Marshal,Poppy,Sasha,,Annalise,4,,
04/02/2022 17:18:42,Ankha,Beau,,,,,Mott,4,,
04/02/2022 17:41:26,Audie,Maple,Pekoe,Raymond,Sasha,,Monique,4,,
04/02/2022 17:42:45,Beau,Diana,Fauna,Kid Cat,Lolly,,Lucha,4,,
04/02/2022 17:44:42,Bones,Lolly,Nate,Rosie,Tammy,,Kody,4,,
04/02/2022 17:48:23,Ankha,Canberra,Pinky,Pudge,Punchy,,Moose,4,,
04/02/2022 18:09:09,Curt,Egbert,Flora,Henry,Sylvana,,Cashmere,4,,
04/02/2022 18:17:51,Francine,Fuchsia,Gala,Mint,Shino,,Stinky,4,,
04/02/2022 18:24:20,Dom,Merengue,Molly,Punchy,Sherb,,Quillson,4,,
04/02/2022 18:42:44,Ankha,Beau,Marina,Sherb,Shino,,Anicotti,4,,
04/02/2022 19:08:20,Erik,Kidd,Pietro,Rosie,Winnie,,Ed,4,,
04/02/2022 19:18:41,Astrid,Cobb,Hopkins,Kid Cat,Raymond,,T-Bone,4,,
04/02/2022 19:28:58,Fuchsia,Kitty,Olivia,Pecan,Willow,,Miranda,4,,
04/02/2022 19:33:18,Diva,Kiki,Marina,Pietro,Zucker,,Paolo,4,,
04/02/2022 19:46:04,Filbert,Judy,Marshal,Molly,Raymond,,Elise,4,,
04/02/2022 19:49:42,Ankha,Bob,Dizzy,Fauna,Filbert,,Ace,3,,
04/02/2022 20:01:17,Derwin,Étoile,Ione,Reneigh,Wade,,Ken,3,,
04/02/2022 20:31:30,Azalea,Cookie,Maple,Shino,Skye,,Ava,3,,
04/02/2022 20:34:02,Judy,Marshal,Raymond,Sherb,Sylvana,,Cleo,3,,
04/02/2022 20:38:35,Marshal,Rosie,Sherb,Wade,Zucker,,Rolf,3,,
04/02/2022 21:21:47,Annalisa,Audie,Diana,Freckles,Mint,,Toby,3,,
04/02/2022 21:41:18,Alice,Felicity,Midge,Norma,Tammi,,Grizzly,3,,
04/02/2022 21:42:30,Cephalobot,Lolly,Lucky,Sasha,Sherb,,Dora,3,,
04/02/2022 21:44:02,Ankha,Daisy,Felicity,Julian,Kiki,,Opal,3,,
04/02/2022 21:48:43,Deirdre,Freya,Marshal,Raymond,Zell,,Deena,3,,
04/02/2022 21:55:39,Julian,,,,,,Cousteau,3,,
04/02/2022 22:01:29,Bill,Lolly,Marshal,Molly,Poppy,,Klaus,3,,
04/02/2022 22:17:24,Flora,Lolly,,,,,Iggly,3,,
04/02/2022 22:20:33,Coco,Marshal,Melba,Rosie,Shino,,Leonardo,3,,
04/02/2022 22:26:51,Dom,,,,,,Amelia,3,,
04/02/2022 22:39:53,Dobie,Ione,Raymond,Sherb,Shino,,Admiral,3,,
04/02/2022 22:42:00,Bob,Jacob,Plucky,Ribbot,Tiansheng,,Curlos,3,,
04/02/2022 22:58:08,Ankha,Raymond,Sasha,Shino,Zucker,,Frobert,3,,
04/02/2022 23:35:49,Ketchup,Octavian,Rio,,,,Frett,3,,
04/02/2022 23:58:21,Coco,Diana,Mira,Phoebe,Shino,,Vladimir,3,,
05/02/2022 00:02:39,Bianca,Cole,Grizzly,Sasha,Skye,,Louie,3,,
05/02/2022 00:08:00,Audie,Bree,Flurry,Mac,Mitzi,,Claude,3,,
05/02/2022 00:09:29,Bob,Diva,Fauna,Genji,Pietro,,Samson,3,,
05/02/2022 00:26:17,Bob,Margie,Pippy,Portia,Rhonda,,Cobb,3,,
05/02/2022 00:37:24,Annalisa,Apollo,Bangle,Merengue,Tangy,,Peaches,3,,
05/02/2022 00:44:49,Antonio,Egbert,Hopkins,,,,Alli,3,,
05/02/2022 01:08:52,Aurora,Raymond,Sherb,Shino,Stitches,,Friga,3,,
05/02/2022 01:15:09,Apple,Julian,Marina,Merengue,Tangy,,Gigi,3,,
05/02/2022 02:16:27,Frobert,Jeremiah,Kyle,Lily,Sherb,,Buzz,3,,
05/02/2022 02:25:52,Beardo,Julian,Kiki,Pietro,Tammy,,Snooty,3,,
05/02/2022 02:28:24,Ace,Bianca,Bud,Chrissy,Pinky,,Robin,3,,
05/02/2022 02:54:01,Ione,Raymond,Shino,Sprinkle,Whitney,,Gloria,3,,
05/02/2022 03:00:51,Biskit,Bruce,Cephalobot,Frita,Ketchup,,Peggy,3,,
05/02/2022 03:22:32,Aurora,Skye,Tia,Tiffany,Whitney,,Pancetti,3,,
05/02/2022 03:41:28,Ankha,Clay,Doc,Jeremiah,Tammy,,Boyd,3,,
05/02/2022 03:54:07,Cole,Henry,Ione,Monty,Ruby,,Marcel,2,,
05/02/2022 04:30:37,Audie,Drago,Judy,Reneigh,Roald,,Jacob,2,,
05/02/2022 04:36:15,Bluebear,Carmen,Kid Cat,Sasha,Zucker,,Elmer,2,,
05/02/2022 05:10:53,Marina,Marshal,Melba,Shino,Zucker,,Carrie,2,,
05/02/2022 05:18:17,Bea,Freckles,Molly,Pate,Sherb,,Ike,2,,
05/02/2022 05:20:56,Kyle,Roald,Shino,Whitney,Wolfgang,,Truffles,2,,
05/02/2022 06:18:22,Ankha,Judy,Maple,Sasha,Tammy,,Pierce,2,,
05/02/2022 06:32:36,Fang,Fauna,Ione,Sasha,Shino,,Benjamin,2,,
05/02/2022 07:47:28,Sherb,,,,,,Naomi,2,,
05/02/2022 08:09:01,Cherry,Maggie,Marina,Marshal,Ribbot,,Sly,2,,
05/02/2022 08:17:44,Ankha,Blanche,Étoile,Fauna,Poppy,,Kevin,2,,
05/02/2022 08:57:08,Raymond,Sasha,Sherb,,,,Peck,2,,
05/02/2022 09:25:57,Alice,Ankha,Audie,Lolly,Marina,,Soleil,2,,
05/02/2022 09:38:10,Coco,Deli,Diana,Molly,Sasha,,Baabara,2,,
05/02/2022 10:21:14,Coco,Lily,Marina,Rex,Sasha,,Vic,2,,
05/02/2022 10:25:56,Lolly,Molly,Sasha,Sherb,Tia,,Charlise,2,,
05/02/2022 11:01:17,Blaire,Henry,Molly,Teddy,Weber,,Cyrano,2,,
05/02/2022 11:24:01,Bam,Cephalobot,Dobie,Flip,Kiki,,Rooney,2,,
05/02/2022 11:46:16,Audie,Goldie,Joey,Pashmina,Stitches,,Chops,2,,
05/02/2022 11:58:19,Marina,Marshal,Quinn,Raymond,Reneigh,,Benedict,2,,
05/02/2022 12:57:14,Apple,Bam,Bob,Mira,Tiffany,,Frank,2,,
05/02/2022 12:59:43,Fang,Filbert,Mac,Marina,,,Timbra,2,,
05/02/2022 13:01:01,Erik,Maple,Pancetti,Rudy,Wart Jr.,,Puck,2,,
05/02/2022 13:17:06,Dom,Lucky,Maple,Melba,Molly,,Mallary,2,,
05/02/2022 14:12:15,Ankha,Bob,Chabwick,Lolly,Piper,,Rory,2,,
05/02/2022 14:46:35,Bob,Marshal,Punchy,Tangy,Wolfgang,,Harry,2,,
05/02/2022 14:58:33,Bill,Chops,Ketchup,Lily,Molly,,Ricky,2,,
05/02/2022 15:02:26,Drake,Gabi,Roscoe,Shep,Sylvana,,Marcie,2,,
05/02/2022 15:14:32,Beau,Bluebear,Bob,Bunnie,Olive,,Broffina,2,,
05/02/2022 15:33:25,Bluebear,Cyd,Diva,Megan,Whitney,,Sparro,2,,
05/02/2022 16:13:59,Chabwick,Étoile,Muffy,Pietro,Stitches,,Clyde,2,,
05/02/2022 16:37:14,Fuchsia,Muffy,Pinky,Punchy,Tom,,Candi,1,,
05/02/2022 17:25:40,Bob,Coco,Jeremiah,Sasha,Sherb,,Colton,1,,
05/02/2022 17:40:19,Claude,Cube,Eunice,Ken,Ursala,,Lucy,1,,
05/02/2022 17:54:03,Billy,Lucky,Pippy,Raymond,Tammy,,Limberg,1,,
05/02/2022 18:15:27,Derwin,Ketchup,Lily,Pate,Raymond,,Monty,1,,
05/02/2022 18:16:34,Caroline,Lolly,Marshal,Miranda,Peanut,,Cesar,1,,
05/02/2022 18:47:29,Audie,Carmen,Fang,Marshal,Marty,,Rocket,1,,
05/02/2022 18:53:46,Al,Aurora,Biff,Shino,,,Queenie,1,,
05/02/2022 18:56:04,Ellie,Piper,,,,,Gruff,1,,
05/02/2022 19:27:52,Bluebear,Judy,Sasha,Sherb,Static,,Paula,1,,
05/02/2022 19:34:11,Judy,Maple,Merengue,Tia,Wolfgang,,Rilla,1,,
05/02/2022 19:38:41,Ankha,Ellie,Pietro,Shari,Whitney,,Big Top,1,,
05/02/2022 19:54:40,Audie,Cookie,Erik,Flora,Sherb,,Violet,1,,
05/02/2022 20:05:55,Beau,Boomer,Coco,,,,Sandy,1,,
05/02/2022 20:15:49,Audie,Fauna,Marina,Marshal,Sherb,,Gwen,1,,
05/02/2022 20:44:22,Apple,Felicity,Ione,Sasha,Sherb,,Maelle,1,,
05/02/2022 21:26:15,Doc,Margie,Muffy,Petri,Pietro,,Curly,1,,
05/02/2022 21:49:14,Apple,Audie,Hamphrey,Merengue,Reneigh,,Rizzo,1,,
05/02/2022 22:00:31,Fauna,Maple,Marina,Molly,Sasha,,Penelope,0,,
05/02/2022 22:21:07,Ankha,Aurora,Cephalobot,Puck,Zucker,,Rocco,0,,
05/02/2022 22:39:20,Daisy,Diana,Fauna,Marshal,Vivian,,Bettina,0,,
05/02/2022 23:01:53,Coco,Merengue,Tank,Tia,,,Boris,0,,
05/02/2022 23:02:05,Fauna,Gayle,Lopez,Poppy,Zell,,Bitty,0,,
06/02/2022 00:10:19,Blaire,Coco,Molly,Sherb,Shino,,Velma,0,,
06/02/2022 00:43:44,Marshal,Rosie,Stitches,,,,,,,
06/02/2022 01:14:34,Blaire,Cyd,Mint,Pippy,Purrl,,,,,
06/02/2022 01:20:46,Bob,Ione,Marshal,Shino,Stitches,,,,,
06/02/2022 01:24:22,Beau,Julian,Papi,Raymond,Whitney,,,,,
06/02/2022 01:38:42,Ankha,Apollo,Julian,Marshal,,,,,,
06/02/2022 01:40:29,Fang,Fauna,Judy,Olivia,Shino,,,,,
06/02/2022 02:04:28,Avery,Azalea,Bea,Egbert,Gayle,,,,,
06/02/2022 02:42:50,Marshal,Melba,Norma,Olivia,Raymond,,,,,
06/02/2022 02:44:46,Coco,Diana,Ione,Sasha,Tangy,,,,,
06/02/2022 02:46:58,Elvis,Fang,Merengue,Tiansheng,Whitney,,,,,
06/02/2022 02:47:37,Audie,Chevre,Flurry,Lily,Shino,,,,,
06/02/2022 03:19:44,Coco,Lyman,Nate,,,,,,,
06/02/2022 03:31:49,Jitters,Marlo,Olaf,Scoot,Vladimir,,,,,
06/02/2022 03:41:01,Bob,Paolo,Tangy,Zucker,,,,,,
06/02/2022 03:53:15,Chai,Dotty,Étoile,Ione,Stitches,,,,,
06/02/2022 04:02:12,Bob,Fang,Freya,Goldie,Punchy,,,,,
06/02/2022 04:29:38,Coach,Deli,Eugene,Greta,Hugh,,,,,
06/02/2022 05:09:35,Chief,Frett,Genji,Ike,Tangy,,,,,
06/02/2022 05:12:14,Alice,Bluebear,Cube,Marshal,Poncho,,,,,
06/02/2022 06:08:51,Cephalobot,Lucky,Raymond,Sprocket,Wolfgang,,,,,
06/02/2022 06:37:08,Ankha,Katt,Scoot,Zell,Zucker,,,,,
06/02/2022 06:40:53,Beau,Bob,Cube,Raymond,Weber,,,,,
06/02/2022 06:47:37,Goose,Hugh,Ozzie,Rodney,Stu,,,,,
06/02/2022 07:05:17,Flurry,Hazel,Nate,Raymond,Sasha,,,,,
06/02/2022 07:51:51,Celia,Cube,Dobie,Pietro,Zucker,,,,,
06/02/2022 07:58:37,Beau,Erik,Lily,Sasha,Sherb,,,,,
06/02/2022 08:19:51,Julian,Ruby,Sasha,Sherb,Shino,,,,,
06/02/2022 08:20:37,Fang,Filbert,Lyman,Rodney,Stitches,,,,,
06/02/2022 10:00:49,Beau,Judy,Marshal,Merengue,Pashmina,,,,,
06/02/2022 11:33:13,Azalea,Julian,Merengue,Murphy,Pietro,,,,,
06/02/2022 11:33:56,Bruce,Raymond,Sasha,Shino,Wendy,,,,,
06/02/2022 11:41:25,Cephalobot,Flo,Ione,Marshal,Tangy,,,,,
06/02/2022 12:04:17,Ankha,Ione,Marshal,Sasha,Shino,,,,,
06/02/2022 12:43:51,Beau,Henry,Marina,Octavian,Ruby,,,,,
06/02/2022 13:11:22,Bam,Bluebear,Chrissy,Francine,Sasha,,,,,
06/02/2022 13:12:18,Cherry,Coco,Raymond,,,,,,,
06/02/2022 13:17:18,Katt,Rasher,Raymond,Rosie,Sasha,,,,,
06/02/2022 13:52:37,Fuchsia,Lily,Muffy,Poppy,Sasha,,,,,
06/02/2022 13:53:10,Ankha,Cheri,Cherry,Octavian,Zucker,,,,,
06/02/2022 13:56:39,Ankha,Cheri,Cherry,Marshal,Portia,,,,,
06/02/2022 14:22:32,Beau,Blaire,Bones,Camofrog,Kyle,,,,,
06/02/2022 14:33:13,Filbert,June,Lucky,Pashmina,Raymond,,,,,
06/02/2022 14:55:25,Clay,Julia,Petri,Phoebe,Tia,,,,,
06/02/2022 15:17:27,Hugh,Lily,Nibbles,Punchy,Static,,,,,
06/02/2022 15:46:55,Astrid,Bella,Kabuki,Roscoe,Sherb,,,,,
06/02/2022 15:58:33,Bam,Bones,Sly,,,,,,,
06/02/2022 16:00:08,Ankha,Apollo,Sasha,Shino,Tiansheng,,,,,
06/02/2022 16:02:26,Bruce,Katt,Peanut,Rex,Sherb,,,,,
06/02/2022 16:15:53,Beardo,Camofrog,Cousteau,Drago,Merengue,,,,,
06/02/2022 16:25:21,Annalisa,Cleo,Julia,Roscoe,Tammi,,,,,
06/02/2022 16:29:54,Bam,Fang,Filbert,Raymond,Sally,,,,,
06/02/2022 16:48:02,Cole,Dom,Hopkins,Mitzi,Sherb,,,,,
06/02/2022 17:00:28,Erik,Ione,Marshal,Raymond,Sasha,,,,,
06/02/2022 17:01:12,Bluebear,Marshal,Whitney,,,,,,,
06/02/2022 17:09:10,Audie,Beau,Cherry,Marina,Zucker,,,,,
06/02/2022 17:09:30,Deli,Hopper,Marshal,Naomi,Zoe,,,,,
06/02/2022 17:10:16,Lolly,Molly,Ruby,Shari,Sherb,,,,,
06/02/2022 17:31:35,Audie,Bertha,Mira,Moe,Tank,,,,,
06/02/2022 17:55:04,Egbert,Sherb,,,,,,,,
06/02/2022 18:12:42,Chester,Deli,Ione,Lily,Molly,,,,,
06/02/2022 18:15:49,Butch,Marshal,Raymond,Rex,Ribbot,,,,,
06/02/2022 18:28:36,Avery,Bunnie,Fauna,Hamlet,Peaches,,,,,
06/02/2022 19:03:16,Daisy,Flurry,Stitches,Tybalt,,,,,,
06/02/2022 19:17:01,Marina,Pashmina,Sherb,Stitches,Wolfgang,,,,,
06/02/2022 19:24:31,Audie,Barold,Sasha,Shino,Tammy,,,,,
06/02/2022 19:51:18,Aurora,Ione,Lolly,Maple,Raymond,,,,,
06/02/2022 20:19:13,Lobo,,,,,,,,,
06/02/2022 20:21:13,Coach,Ione,Pango,Plucky,Rodeo,,,,,
06/02/2022 20:31:31,Ankha,Audie,Buck,Pashmina,Ruby,,,,,
06/02/2022 20:34:05,Audie,Marshal,Raymond,Sherb,Shino,,,,,
06/02/2022 20:48:23,Apple,Ketchup,Petri,,,,,,,
06/02/2022 20:52:06,Ankha,Coco,Maple,Merengue,Zucker,,,,,
06/02/2022 21:22:16,Ankha,Fauna,Raymond,Shino,Zucker,,,,,
06/02/2022 21:32:28,Bob,Judy,Kidd,Marina,Renée,,,,,
06/02/2022 21:38:11,Ankha,Dizzy,Maddie,Reneigh,Zucker,,,,,
06/02/2022 21:50:21,Beau,Bruce,Cephalobot,Raymond,Tangy,,,,,
06/02/2022 22:03:51,Maple,Rosie,Sasha,Stitches,Sylvana,,,,,
06/02/2022 22:13:21,Apple,Aurora,Azalea,Lolly,Skye,,,,,
06/02/2022 22:13:31,Fauna,Merengue,Roald,Stitches,Zucker,,,,,
06/02/2022 22:42:24,Fang,Flora,Maple,Skye,Stitches,,,,,
06/02/2022 22:51:38,Louie,Norma,Puddles,Rosie,Tad,,,,,
06/02/2022 23:33:37,Boots,Drago,Elvis,Gaston,Wolfgang,,,,,
06/02/2022 23:36:14,Ione,Judy,Raymond,Sasha,Shino,,,,,
07/02/2022 00:09:34,Marina,Marlo,Pietro,Zucker,,,,,,
07/02/2022 00:16:41,Audie,Bam,Beau,Bob,Shino,,,,,
07/02/2022 00:24:55,Beau,Maple,Marina,Merengue,Sherb,,,,,
07/02/2022 00:26:26,Ellie,Marshal,Merengue,Sasha,Stitches,,,,,
07/02/2022 00:38:24,Beau,Chrissy,Nana,Raymond,Shep,,,,,
07/02/2022 00:44:56,Ione,Judy,Julian,Kitty,Merry,,,,,
07/02/2022 00:45:55,Chrissy,Étoile,Ione,Sasha,Shino,,,,,
07/02/2022 00:54:42,Kid Cat,Kiki,Marina,Marty,Samson,,,,,
07/02/2022 01:16:33,Bob,Butch,Dom,Jeremiah,Roald,,,,,
07/02/2022 01:37:40,Audie,Fauna,Merengue,Shino,Tipper,,,,,
07/02/2022 01:47:55,Cyd,Purrl,,,,,,,,
07/02/2022 02:40:21,Cephalobot,Rudy,Shari,Shino,Sprocket,,,,,
07/02/2022 02:53:39,Apollo,Avery,Hornsby,Shep,Zell,,,,,
07/02/2022 03:02:08,Coco,Muffy,Petri,Pietro,Ruby,,,,,
07/02/2022 03:32:20,Apollo,Audie,Genji,Groucho,Marshal,,,,,
07/02/2022 03:35:24,Azalea,Croque,Flora,Gladys,Hamlet,,,,,
07/02/2022 03:47:05,Bella,Purrl,Rod,Stitches,Sylvia,,,,,
07/02/2022 03:48:48,Cyd,Gabi,Purrl,,,,,,,
07/02/2022 03:50:12,Ankha,Maple,Molly,Renée,Zucker,,,,,
07/02/2022 04:22:23,Butch,Raymond,Sasha,Sherb,Shino,,,,,
07/02/2022 04:40:15,Apple,Ione,Sasha,Sherb,Shino,,,,,
07/02/2022 04:58:39,Ankha,Ione,Merengue,Raymond,Soleil,,,,,
07/02/2022 05:19:26,Chrissy,Cookie,Marshal,Merengue,Sylvana,,,,,
07/02/2022 05:34:41,Bones,Flurry,Julia,Kabuki,Punchy,,,,,
07/02/2022 06:20:51,Clay,Judy,Marshal,Raymond,Shino,,,,,
07/02/2022 07:36:08,Bam,Diana,Flurry,Lily,,,,,,
07/02/2022 08:04:20,Egbert,Felicity,Muffy,Olivia,Vivian,,,,,
07/02/2022 09:08:28,Avery,Ione,Lily,Sasha,Walker,,,,,
07/02/2022 09:42:25,Bob,Coco,Erik,Merengue,Tangy,,,,,
07/02/2022 11:57:52,Deli,Melba,Rowan,Ruby,Zucker,,,,,
07/02/2022 12:34:05,Alice,Beardo,Benedict,Bianca,Bill,,,,,
07/02/2022 12:39:51,Ankha,Chelsea,Lucky,Marlo,,,,,,
07/02/2022 13:09:56,Audie,Goldie,Merengue,Sasha,Stu,,,,,
07/02/2022 13:23:15,Apollo,Bill,Flora,Lucky,Roald,,,,,
07/02/2022 14:21:49,Apollo,Audie,Lucky,Marshal,Nate,,,,,
07/02/2022 14:56:47,Shino,Twiggy,,,,,,,,
07/02/2022 14:57:08,Ankha,Coco,Judy,Raymond,Sasha,,,,,
07/02/2022 15:21:17,Ankha,Hazel,Ione,Jitters,Knox,,,,,
07/02/2022 15:37:55,Azalea,Henry,Mitzi,Stella,Stitches,,,,,
07/02/2022 16:51:48,Ione,Maddie,Plucky,Shino,Zucker,,,,,
07/02/2022 17:01:12,Bianca,Goldie,,,,,,,,
07/02/2022 17:03:34,Henry,Lolly,Punchy,Raymond,Shino,,,,,
07/02/2022 17:17:48,Astrid,Lucky,Shep,Tutu,,,,,,
07/02/2022 17:43:32,Coco,Hans,Marina,Rasher,Raymond,,,,,
07/02/2022 18:11:17,Marshal,Marty,Molly,Poppy,Raymond,,,,,
07/02/2022 18:48:41,Fauna,Mint,Pekoe,Shino,Zell,,,,,
07/02/2022 19:00:45,Beau,Marina,Octavian,Zucker,,,,,,
07/02/2022 19:01:06,Beau,Cheri,Flurry,Lucky,Scoot,,,,,
07/02/2022 19:04:31,Dobie,Egbert,Marlo,Static,Zell,,,,,
07/02/2022 19:05:32,Joey,Savannah,Shep,Simon,Tucker,,,,,
07/02/2022 19:23:50,Ankha,Audie,Cousteau,Tom,Zell,,,,,
07/02/2022 20:23:36,Beau,Diana,Fauna,Judy,Marina,,,,,
07/02/2022 20:37:09,Blanche,Fang,Flora,Marshal,Poppy,,,,,
07/02/2022 20:52:05,Clay,Hamphrey,Pecan,Sprinkle,Sylvana,,,,,
07/02/2022 20:52:34,Anabelle,Chadder,Molly,Pietro,Zucker,,,,,
07/02/2022 21:44:54,Apple,Beau,Lolly,Maple,Merengue,,,,,
07/02/2022 21:49:14,Bob,Cephalobot,Cookie,Fauna,Zucker,,,,,
07/02/2022 21:59:31,Dom,Marshal,Raymond,Sherb,Stitches,,,,,
07/02/2022 22:04:38,Antonio,Deirdre,Diana,Lily,Ribbot,,,,,
08/02/2022 02:25:43,Alice,Cheri,Lily,Muffy,Petri,,,,,
08/02/2022 02:49:23,Aurora,Francine,Kitty,Reneigh,Shino,,,,,
08/02/2022 02:54:48,Olivia,Pashmina,Raddle,Shino,Twiggy,,,,,
08/02/2022 03:09:46,Bob,Dom,Ione,Zucker,,,,,,
08/02/2022 03:38:13,Beau,Étoile,Marina,Molly,Stitches,,,,,
08/02/2022 04:00:59,Blanche,Genji,Piper,Shino,Twiggy,,,,,
08/02/2022 04:16:17,Ione,Raymond,Shino,Stitches,Zucker,,,,,
08/02/2022 04:18:48,Doc,Erik,Francine,Genji,,,,,,
08/02/2022 04:41:31,Agnes,Graham,Lobo,Rodeo,Shino,,,,,
08/02/2022 04:47:40,Audie,Ione,Merengue,Shino,Zucker,,,,,
08/02/2022 05:20:48,Kiki,Rosie,Ursala,Violet,Yuka,,,,,
08/02/2022 07:31:02,Hamlet,Marshal,Mira,Poppy,Zucker,,,,,
08/02/2022 07:49:46,Ankha,Ione,Marina,Merengue,Zucker,,,,,
08/02/2022 08:27:25,Bill,Bubbles,Flo,Hornsby,Megan,,,,,
08/02/2022 09:41:34,Coco,Ione,Marina,Mint,Zucker,,,,,
08/02/2022 09:51:53,Aurora,Coco,Judy,Sherb,Tia,,,,,
08/02/2022 09:59:57,Erik,Goldie,Maple,Raymond,Whitney,,,,,
08/02/2022 12:20:43,Ava,Margie,Peanut,,,,,,,
08/02/2022 12:51:57,Cherry,Tutu,,,,,,,,
08/02/2022 12:53:14,Bill,Erik,Mint,Quillson,Tammy,,,,,
08/02/2022 13:08:35,Genji,Raymond,Sasha,Scoot,Stitches,,,,,
08/02/2022 14:04:20,Beau,Fang,Maple,Raymond,Zucker,,,,,
08/02/2022 14:20:20,Apollo,Claudia,Kabuki,Sasha,Shino,,,,,
08/02/2022 14:23:02,Bob,Nate,Rosie,,,,,,,
08/02/2022 14:55:29,Cephalobot,Dom,Julian,,,,,,,
08/02/2022 15:24:47,Ankha,Judy,Sasha,Shino,Stitches,,,,,
08/02/2022 15:48:14,Cherry,Ione,Reneigh,Shino,Whitney,,,,,
08/02/2022 16:45:55,Ankha,Apollo,Barold,Chabwick,Joey,,,,,
08/02/2022 16:47:08,Étoile,Filbert,Ketchup,Molly,Tangy,,,,,
08/02/2022 17:23:23,Deli,Marina,Raymond,Sprinkle,Zucker,,,,,
08/02/2022 17:32:32,Ankha,Bob,Raymond,Rosie,Tangy,,,,,
08/02/2022 18:03:23,Diana,Flora,Marshal,Molly,Shino,,,,,
08/02/2022 18:03:39,Wolfgang,Yuka,Zell,Zoe,Zucker,,,,,
08/02/2022 18:30:33,Audie,Diana,Goldie,Marina,Sherb,,,,,
08/02/2022 18:32:28,Hazel,Nan,Raymond,Stella,Victoria,,,,,
08/02/2022 18:37:26,Astrid,Merengue,Shino,Victoria,Whitney,,,,,
08/02/2022 18:39:48,Ellie,Marina,Norma,Octavian,,,,,,
08/02/2022 19:16:17,Bob,Frett,Ketchup,Lolly,Nan,,,,,
08/02/2022 19:49:11,Chadder,Graham,Hornsby,Olaf,Pietro,,,,,
08/02/2022 20:34:40,Kabuki,Katt,Nibbles,Punchy,Rosie,,,,,
08/02/2022 20:43:44,Ankha,Audie,Deirdre,Lobo,Pietro,,,,,
08/02/2022 20:44:06,Bianca,Croque,Hippeux,Lionel,Rory,,,,,
08/02/2022 20:56:45,Murphy,Raymond,Sasha,Shari,Stitches,,,,,
08/02/2022 21:08:07,Eugene,Spork,,,,,,,,
08/02/2022 21:26:14,Fang,Moe,Puddles,Sherb,Stu,,,,,
08/02/2022 21:31:30,Biskit,Flora,Tad,,,,,,,
08/02/2022 22:38:13,Bam,Hans,Mathilda,Mitzi,Wade,,,,,
08/02/2022 22:39:29,Bam,Erik,Flora,Lolly,Tammy,,,,,
08/02/2022 22:50:38,Broccolo,Dom,Henry,Lily,Pietro,,,,,
08/02/2022 23:36:52,Ankha,Judy,Julia,Merengue,Sasha,,,,,
09/02/2022 00:05:09,Hornsby,Merengue,,,,,,,,
09/02/2022 00:15:43,Admiral,Audie,Hazel,,,,,,,
09/02/2022 00:37:34,Raymond,Sasha,Sherb,Shino,Tiansheng,,,,,
09/02/2022 00:48:44,Agent S,Ankha,Bunnie,Marina,Tex,,,,,
09/02/2022 01:03:04,Antonio,Beau,Dobie,Rodney,Zucker,,,,,
09/02/2022 01:08:18,Audie,Judy,Marshal,Raymond,Sasha,,,,,
09/02/2022 01:38:49,Dom,Kiki,Lolly,Raymond,Rosie,,,,,
09/02/2022 01:49:44,Punchy,,,,,,,,,
09/02/2022 01:52:33,Bea,Filbert,Marshal,Pietro,Vesta,,,,,
09/02/2022 02:26:11,Alice,Hazel,Octavian,Renée,Wendy,,,,,
09/02/2022 02:45:51,Étoile,Kiki,Lyman,Marina,Pietro,,,,,
09/02/2022 03:18:57,Cherry,Doc,Marshal,Merengue,Opal,,,,,
09/02/2022 03:25:01,Bea,Merry,Poppy,Shep,Zucker,,,,,
09/02/2022 03:39:10,Daisy,Fauna,Lolly,Sasha,Zucker,,,,,
09/02/2022 03:43:25,Diana,Marshal,Sasha,Shino,Zucker,,,,,
09/02/2022 03:49:21,Clay,Goose,Judy,Kid Cat,Kyle,,,,,
09/02/2022 03:52:16,Bella,Chelsea,Étoile,Lolly,Pashmina,,,,,
09/02/2022 04:10:25,Bonbon,Elise,Friga,Frita,,,,,,
09/02/2022 05:14:36,Al,Audie,Dom,Ketchup,Merengue,,,,,
09/02/2022 06:08:44,Beau,Bluebear,Goldie,Kiki,Merengue,,,,,
09/02/2022 06:49:48,Cephalobot,Coco,Cube,Kiki,Pietro,,,,,
09/02/2022 07:07:44,Audie,Judy,Marina,Raymond,Zucker,,,,,
09/02/2022 07:18:03,Bob,Marshal,Pate,Stitches,Zucker,,,,,
09/02/2022 09:03:16,Bam,Genji,Ione,Julia,Sherb,,,,,
09/02/2022 09:14:57,Chrissy,Hazel,Melba,Rhonda,Stitches,,,,,
09/02/2022 09:27:14,Audie,Lily,Lolly,Paolo,Stitches,,,,,
09/02/2022 09:39:49,Kid Cat,Lolly,Punchy,Raymond,Sherb,,,,,
09/02/2022 09:52:05,Buck,Celia,Clay,Henry,Skye,,,,,
09/02/2022 10:03:58,Sasha,,,,,,,,,
09/02/2022 11:01:54,Beau,Molly,Raymond,,,,,,,
09/02/2022 11:26:35,Ankha,Coco,Marshal,Raymond,Sasha,,,,,
09/02/2022 11:50:53,Dom,Flora,Julia,Kid Cat,Sylvana,,,,,
09/02/2022 12:08:01,Azalea,Hornsby,Merengue,Sasha,Teddy,,,,,
09/02/2022 13:16:31,Lucha,Melba,Merengue,Sherb,,,,,,
09/02/2022 13:32:32,Bob,Ione,Marshal,Raymond,Sasha,,,,,
09/02/2022 13:37:04,Alice,Ione,Judy,Sasha,Shino,,,,,
09/02/2022 13:41:13,Ankha,Erik,Flora,Raymond,Shino,,,,,
09/02/2022 14:22:52,Dobie,Pekoe,Raddle,Wart Jr.,,,,,,
09/02/2022 14:25:49,Flora,Marcel,Merengue,Molly,Sherb,,,,,
09/02/2022 15:01:24,Ione,Judy,Lily,Marshal,Stitches,,,,,
09/02/2022 15:40:41,Eugene,Kid Cat,Maddie,Marlo,Sylvana,,,,,
09/02/2022 16:39:07,Beau,Coco,Muffy,Vesta,Zucker,,,,,
09/02/2022 16:59:51,Ankha,Chevre,Coco,Ketchup,Shep,,,,,
09/02/2022 17:05:47,Audie,Fauna,Ione,Sasha,Shino,,,,,
09/02/2022 17:15:18,Biskit,Coco,Dom,Goldie,Hornsby,,,,,
09/02/2022 18:01:36,Al,Biff,Flora,Muffy,Rasher,,,,,
09/02/2022 18:18:24,Bob,Dobie,Ione,Raymond,Sherb,,,,,
09/02/2022 18:26:23,Clay,Fang,Fauna,Lyman,Sprinkle,,,,,
09/02/2022 18:54:14,Audie,Norma,Olaf,Phoebe,Sherb,,,,,
09/02/2022 19:02:00,Alfonso,Carmen,Cesar,Flo,Sprocket,,,,,
09/02/2022 19:12:57,Beau,Diana,Judy,Marina,Merengue,,,,,
09/02/2022 19:36:23,Ketchup,Lily,Octavian,Pietro,Whitney,,,,,
09/02/2022 19:47:04,Ketchup,Lily,Maple,Punchy,Shino,,,,,
09/02/2022 19:58:48,Kabuki,Ketchup,Lucky,Merengue,Monique,,,,,
09/02/2022 20:08:37,Goldie,Ketchup,Nan,Sasha,Shino,,,,,
09/02/2022 20:17:19,Apple,Curly,Drake,Lily,Nana,,,,,
09/02/2022 20:19:16,Ankha,Genji,Kabuki,Merengue,Zucker,,,,,
09/02/2022 20:35:16,Bubbles,Ed,Elvis,Lopez,Marcie,,,,,
09/02/2022 20:38:42,Coco,Erik,Flora,Hamlet,Poppy,,,,,
09/02/2022 20:49:30,Coco,Jeremiah,Kiki,Lolly,Tangy,,,,,
09/02/2022 21:00:01,Felicity,Graham,Greta,Octavian,Tammi,,,,,
09/02/2022 21:02:50,Hornsby,Leopold,Pashmina,Pekoe,Victoria,,,,,
09/02/2022 21:14:02,Ankha,Broccolo,Marlo,Marshal,Tiffany,,,,,
09/02/2022 21:34:32,Cephalobot,Purrl,Roswell,Sasha,Stitches,,,,,
09/02/2022 21:50:58,Dizzy,Dom,Ketchup,Lucky,Sherb,,,,,
09/02/2022 22:22:24,Cephalobot,Lolly,Octavian,,,,,,,
09/02/2022 22:24:20,Buck,Caroline,Croque,Renée,Rhonda,,,,,
09/02/2022 22:56:16,Apollo,Bluebear,Ribbot,Shari,Skye,,,,,
09/02/2022 23:08:58,Ankha,Apollo,Merry,Molly,Phoebe,,,,,
09/02/2022 23:15:04,Dobie,Francine,Pietro,Sherb,,,,,,
09/02/2022 23:18:19,Peanut,Sterling,Stitches,,,,,,,
09/02/2022 23:29:33,Maddie,Ozzie,Peggy,Shino,Stitches,,,,,
09/02/2022 23:59:29,Étoile,Ione,Judy,Merengue,Raymond,,,,,
10/02/2022 00:06:47,Coco,Jeremiah,Ketchup,Pashmina,Prince,,,,,
10/02/2022 00:15:03,Cookie,Ione,Judy,June,Katt,,,,,
10/02/2022 00:22:57,Anicotti,Beau,Flip,Frita,Puck,,,,,
10/02/2022 00:36:27,Canberra,Dom,Eugene,Faith,Melba,,,,,
10/02/2022 01:30:24,Bluebear,Kiki,Sasha,Shino,Tangy,,,,,
10/02/2022 01:54:36,Annalisa,Cole,Moose,Roswell,Tiffany,,,,,
10/02/2022 02:02:24,Ione,Judy,Julian,Sasha,Shino,,,,,
10/02/2022 02:39:11,Clay,Genji,Lolly,Marina,Tia,,,,,
10/02/2022 03:18:48,Blanche,Chief,Derwin,Olaf,Puddles,,,,,
10/02/2022 03:29:56,Erik,Lucky,Raymond,Walker,Whitney,,,,,
10/02/2022 03:53:51,Alli,Marina,Sherb,Stitches,T-Bone,,,,,
10/02/2022 04:02:07,Blanche,Eloise,Graham,June,Maple,,,,,
10/02/2022 04:22:10,Bunnie,Chrissy,Francine,Genji,Snake,,,,,
10/02/2022 04:58:52,Blaire,Judy,Julian,Merengue,Zucker,,,,,
10/02/2022 05:23:26,Judy,Julian,Merry,Peanut,Rolf,,,,,
10/02/2022 06:32:43,Bubbles,Melba,Monique,Sherb,Stitches,,,,,
10/02/2022 06:42:20,Cally,Doc,Flurry,Purrl,Wart Jr.,,,,,
10/02/2022 06:53:27,Benedict,Flurry,Goose,Poncho,Rosie,,,,,
10/02/2022 07:00:40,Aurora,Diana,Goldie,Molly,,,,,,
10/02/2022 07:06:43,Audie,Deirdre,Diana,Megan,Molly,,,,,
10/02/2022 07:10:23,Apollo,Deli,Julia,,,,,,,
10/02/2022 07:35:24,Alice,Chief,Dobie,Pekoe,Zucker,,,,,
10/02/2022 07:36:25,Lucky,Raymond,Sherb,Shino,Tangy,,,,,
10/02/2022 08:00:35,Margie,Megan,Midge,,,,,,,
10/02/2022 08:09:32,Kyle,Punchy,Raymond,Sasha,Wolfgang,,,,,
10/02/2022 08:41:03,Ankha,Buck,Rosie,Wade,Zoe,,,,,
10/02/2022 09:30:50,Frobert,Gonzo,Merry,Ricky,Stitches,,,,,
10/02/2022 09:55:13,Beau,Judy,Marina,Marshal,Stitches,,,,,
10/02/2022 10:04:24,Spork,,,,,,,,,
10/02/2022 10:28:59,June,Tiansheng,,,,,,,,
10/02/2022 11:54:42,Boone,Drago,Octavian,Rex,T-Bone,,,,,
10/02/2022 12:00:09,Apple,Ione,Maple,Stitches,,,,,,
10/02/2022 12:40:26,Marshal,Phoebe,Skye,Snake,,,,,,
10/02/2022 13:13:37,Bill,Flo,Lucky,Marina,Zucker,,,,,
10/02/2022 13:32:45,Avery,Marshal,Mott,Phil,Pudge,,,,,
10/02/2022 13:38:48,Beau,Filbert,Phoebe,Tangy,,,,,,
10/02/2022 13:41:21,Beau,Bluebear,Coco,Erik,Octavian,,,,,
10/02/2022 13:52:31,Celia,Fang,Genji,Marshal,Rosie,,,,,
10/02/2022 14:08:27,Ankha,Ione,Marshal,Shino,Sylvana,,,,,
10/02/2022 15:17:19,Beau,Goldie,Mac,Marlo,Sylvia,,,,,
10/02/2022 15:59:01,Ankha,Audie,Judy,Kabuki,Roald,,,,,
10/02/2022 16:19:46,Antonio,Erik,Hornsby,Joey,Lyman,,,,,
10/02/2022 16:24:47,Agnes,Biskit,Gloria,Henry,Rhonda,,,,,
10/02/2022 18:08:11,Beau,Fauna,Ione,Lily,Stitches,,,,,
10/02/2022 18:33:44,Chrissy,Étoile,Francine,Marty,Roald,,,,,
10/02/2022 19:16:45,Freckles,Ione,Lily,Raymond,Shino,,,,,
10/02/2022 19:53:23,Apple,Ketchup,Pompom,Shino,Winnie,,,,,
10/02/2022 20:50:22,Dom,Kiki,Maddie,Sherb,,,,,,
10/02/2022 21:07:23,Fang,Ione,Lolly,Reneigh,Skye,,,,,
10/02/2022 21:32:03,Chabwick,Moe,Rod,Tangy,,,,,,
10/02/2022 22:38:18,Judy,Marshal,Sherb,Shino,Stitches,,,,,
10/02/2022 23:04:25,Daisy,Mitzi,,,,,,,,
10/02/2022 23:24:34,Anicotti,Antonio,Apollo,Chadder,Marshal,,,,,
10/02/2022 23:31:02,Boone,Cole,Ione,Maple,Pippy,,,,,
10/02/2022 23:38:07,Ankha,Chrissy,Fang,Francine,Lolly,,,,,
10/02/2022 23:54:55,Faith,Lolly,Marshal,Sasha,Sherb,,,,,
10/02/2022 23:58:42,Cranston,Filbert,Ione,Mitzi,Sherb,,,,,
11/02/2022 01:21:26,Agnes,Alice,Angus,Purrl,Tabby,,,,,
11/02/2022 01:35:04,Hamlet,Raymond,Tangy,,,,,,,
11/02/2022 02:35:16,Mitzi,Phoebe,Poppy,Skye,Tom,,,,,
11/02/2022 02:43:21,Aurora,Fuchsia,Melba,Punchy,Zell,,,,,
11/02/2022 03:24:15,Candi,Gladys,Nana,Punchy,Ribbot,,,,,
11/02/2022 03:30:43,Alfonso,Anabelle,Ione,Paula,Sheldon,,,,,
11/02/2022 03:33:48,Fauna,Marina,Sherb,Shino,Zucker,,,,,
11/02/2022 03:39:39,Filbert,Ruby,,,,,,,,
11/02/2022 03:56:44,Jacob,Mallary,Snooty,,,,,,,
11/02/2022 03:58:23,Ione,Marshal,Muffy,Pekoe,Raymond,,,,,
11/02/2022 04:23:17,Flurry,Midge,Poppy,Stitches,Tasha,,,,,
11/02/2022 05:06:19,Boyd,Flora,Jacques,Megan,Stu,,,,,
11/02/2022 05:17:32,Anchovy,Moose,Quinn,Shino,Tia,,,,,
11/02/2022 05:28:41,Curt,Fauna,Ione,Nana,Shino,,,,,
11/02/2022 06:19:07,Flora,Pietro,Stitches,Wendy,,,,,,
11/02/2022 07:10:50,Apollo,Audie,Erik,Marshal,Merengue,,,,,
11/02/2022 08:04:43,Ankha,Judy,Kid Cat,Marina,Roald,,,,,
11/02/2022 08:32:20,Hazel,Maple,Marina,Piper,Poppy,,,,,
11/02/2022 09:26:28,Coco,Fang,Lolly,Merry,Tipper,,,,,
11/02/2022 09:28:08,Bluebear,Diana,Francine,Judy,Ruby,,,,,
11/02/2022 10:27:20,Becky,Cephalobot,Cookie,Diana,Gonzo,,,,,
11/02/2022 10:31:53,Becky,Claudia,Cookie,Diana,Gonzo,,,,,
11/02/2022 11:19:39,Ankha,Apple,Bam,Beau,Shino,,,,,
11/02/2022 12:03:50,Ankha,Lolly,Molly,Poppy,Sprocket,,,,,
11/02/2022 12:23:55,Elise,Freckles,Pate,Rio,Zucker,,,,,
11/02/2022 12:43:25,Ruby,,,,,,,,,
11/02/2022 13:07:45,Clay,Diana,Dom,Ione,Sasha,,,,,
11/02/2022 13:18:21,Eunice,Ione,Marshal,Roscoe,Ruby,,,,,
11/02/2022 13:26:25,Bangle,Bella,Jitters,,,,,,,
11/02/2022 13:57:17,Audie,Bruce,Flurry,Mathilda,Roald,,,,,
11/02/2022 14:32:12,Bangle,Erik,Flora,Tia,Zell,,,,,
11/02/2022 15:03:05,Hornsby,Nan,Octavian,Tank,Yuka,,,,,
11/02/2022 16:08:22,Chevre,Coco,Flurry,Ruby,Sasha,,,,,
11/02/2022 16:09:46,Ankha,Chief,Erik,Pashmina,Poppy,,,,,
11/02/2022 16:24:24,Agnes,Kody,Raymond,,,,,,,
11/02/2022 16:29:29,Flurry,Kidd,Nibbles,Patty,Roald,,,,,
11/02/2022 16:41:11,Angus,Kyle,Lucky,Roscoe,Static,,,,,
11/02/2022 16:45:13,Diva,Drago,Pietro,Poppy,Sylvana,,,,,
11/02/2022 17:01:36,Azalea,Bianca,Chai,Fauna,Flora,,,,,
11/02/2022 17:04:49,Boomer,Cephalobot,Cousteau,Frobert,Jitters,,,,,
11/02/2022 17:27:59,Bill,Olive,Scoot,Stella,Willow,,,,,
11/02/2022 18:05:10,Chabwick,Dom,Kabuki,Katt,Pietro,,,,,
11/02/2022 19:03:43,Chief,Dom,Francine,Punchy,Raymond,,,,,
11/02/2022 19:30:30,Ankha,Apple,Lolly,Maple,Zucker,,,,,
11/02/2022 19:44:07,Diana,Fang,Shino,Tiansheng,Wolfgang,,,,,
11/02/2022 20:06:19,Erik,Goose,Lily,Rosie,Tabby,,,,,
11/02/2022 20:08:54,Bones,Ellie,Marina,Pashmina,Zucker,,,,,
11/02/2022 20:09:52,Apollo,Chrissy,Cookie,Ione,Katt,,,,,
11/02/2022 20:16:07,Audie,Beau,Fauna,Marina,Stitches,,,,,
11/02/2022 22:07:13,Gigi,Gloria,Muffy,,,,,,,
11/02/2022 22:28:06,Beau,Cephalobot,Ione,Marshal,Zucker,,,,,
11/02/2022 22:46:24,Ankha,Elvis,Ione,Sasha,Zucker,,,,,
11/02/2022 22:55:57,Kid Cat,Sherb,,,,,,,,
11/02/2022 23:01:47,Bob,,,,,,,,,
11/02/2022 23:49:00,Kidd,Sherb,Skye,Static,Tom,,,,,
12/02/2022 00:18:57,Lily,Marshal,Roald,Stitches,Zucker,,,,,
12/02/2022 00:52:44,Cheri,Chevre,Reneigh,Sheldon,Static,,,,,
12/02/2022 01:53:13,Barold,Bea,Beau,Octavian,Pietro,,,,,
12/02/2022 01:56:15,Fauna,Lily,Maple,Stitches,T-Bone,,,,,
12/02/2022 02:01:29,Aurora,Maple,Marina,Octavian,Raddle,,,,,
12/02/2022 02:03:58,Apollo,Cube,Quinn,Sasha,Shino,,,,,
12/02/2022 02:10:33,Bam,Beau,Raymond,,,,,,,
12/02/2022 02:13:18,Annalisa,Hazel,Mitzi,Sherb,Tank,,,,,
12/02/2022 02:35:31,Cookie,Gala,Marina,Merengue,Zucker,,,,,
12/02/2022 03:15:47,Raymond,Sasha,Sherb,Shino,Tammy,,,,,
12/02/2022 03:31:59,Chabwick,Dizzy,Twiggy,,,,,,,
12/02/2022 04:02:11,Bruce,Caroline,Kidd,Mott,Quinn,,,,,
12/02/2022 04:11:27,Bluebear,Filbert,Judy,Ketchup,,,,,,
12/02/2022 04:26:30,Henry,Lyman,Patty,Shino,Stitches,,,,,
12/02/2022 05:06:55,Cephalobot,Cookie,Marina,Octavian,Ribbot,,,,,
12/02/2022 05:10:53,Ketchup,Lucha,Poncho,Sherb,Stitches,,,,,
12/02/2022 05:13:03,Coco,Cyd,Freckles,Portia,Tangy,,,,,
12/02/2022 05:20:15,Agnes,Punchy,Rudy,Sherb,Shino,,,,,
12/02/2022 05:31:13,Bluebear,Cephalobot,Ketchup,Lyman,Wolfgang,,,,,
12/02/2022 06:02:37,Eloise,Merengue,Poppy,Sprocket,Tammy,,,,,
12/02/2022 07:17:43,Apollo,Bianca,Katt,Ken,Lucky,,,,,
12/02/2022 07:18:12,Cephalobot,Fauna,Flora,Hazel,Whitney,,,,,
12/02/2022 07:52:47,Cranston,Kidd,Lolly,Static,Zucker,,,,,
12/02/2022 07:58:47,Stitches,,,,,,,,,
12/02/2022 08:36:31,Fauna,Judy,Merengue,Pekoe,Sasha,,,,,
12/02/2022 09:03:38,Bill,Hornsby,Marshal,Peaches,Sasha,,,,,
12/02/2022 09:21:18,Apollo,Fauna,Lolly,Molly,Teddy,,,,,
12/02/2022 10:02:54,Kitt,Phoebe,Purrl,Rooney,Whitney,,,,,
12/02/2022 10:05:39,Amelia,Ione,Purrl,Stitches,Sydney,,,,,
12/02/2022 10:55:05,Judy,Lolly,Molly,,,,,,,
12/02/2022 11:10:54,Bruce,Fang,Lolly,Lopez,,,,,,
12/02/2022 12:06:10,Bob,Dobie,Marshal,Pashmina,Rosie,,,,,
12/02/2022 13:12:35,Cyrano,Katt,Shari,Tiansheng,Vesta,,,,,
12/02/2022 13:14:33,Ankha,Cherry,Ione,Shino,Zucker,,,,,
12/02/2022 14:06:01,Apple,Ione,Ketchup,Peanut,Shino,,,,,
12/02/2022 14:25:59,Bella,Cheri,Cherry,Gladys,Roald,,,,,
12/02/2022 14:32:09,Agnes,Maple,Marina,Peewee,Tex,,,,,
12/02/2022 14:45:25,Drago,Gaston,Julian,Phoebe,,,,,,
12/02/2022 15:26:10,Bluebear,Cally,Fauna,Melba,Pashmina,,,,,
12/02/2022 15:35:20,Ankha,Kid Cat,Lolly,Merengue,Norma,,,,,
12/02/2022 16:17:12,Bob,Genji,Pietro,Raymond,Sasha,,,,,
12/02/2022 16:53:53,Bangle,Bianca,Bud,Lopez,Maple,,,,,
12/02/2022 17:01:50,Aurora,Lyman,Margie,Marshal,Papi,,,,,
12/02/2022 17:10:57,Ankha,Annalisa,Drago,Gladys,Kabuki,,,,,
12/02/2022 17:15:19,Clyde,Reneigh,Rex,Sherb,Tammi,,,,,
12/02/2022 17:26:22,Ellie,Henry,Octavian,Vesta,Zucker,,,,,
12/02/2022 17:38:36,Annalisa,Drago,Maggie,Sydney,,,,,,
12/02/2022 17:40:30,Ione,Molly,Roald,Rudy,Sherb,,,,,
12/02/2022 18:26:52,Shino,,,,,,,,,
12/02/2022 18:37:37,Lolly,Merengue,Stitches,Zucker,,,,,,
12/02/2022 18:55:38,Audie,Diana,Marshal,Octavian,Static,,,,,
12/02/2022 19:26:24,Canberra,Cyd,Egbert,Fauna,Teddy,,,,,
12/02/2022 19:45:15,Fauna,Judy,Marshal,Merengue,Sherb,,,,,
12/02/2022 19:55:50,Apple,Cube,Fuchsia,Merry,Rosie,,,,,
12/02/2022 20:27:31,Diva,Flurry,Katt,Merry,Paolo,,,,,
12/02/2022 20:40:18,Ankha,Kabuki,Rosie,Sasha,Snake,,,,,
12/02/2022 20:57:06,Diana,Marina,Muffy,Sherb,,,,,,
12/02/2022 21:43:13,Ketchup,Lolly,Merengue,Tangy,Tia,,,,,
12/02/2022 22:05:06,Barold,Derwin,Gaston,Maddie,Pippy,,,,,
12/02/2022 23:06:05,Beau,Maddie,Molly,Rex,Sydney,,,,,
13/02/2022 00:14:22,Biskit,Cherry,Coco,Shino,Stitches,,,,,
13/02/2022 00:24:03,Felicity,Fuchsia,Simon,Wade,Weber,,,,,
13/02/2022 00:28:53,Cherry,Frank,Jay,Mitzi,Tex,,,,,
13/02/2022 00:49:40,Admiral,Cole,Merengue,Shino,Zucker,,,,,
13/02/2022 01:05:18,Erik,Fang,Lily,Lopez,Phoebe,,,,,
13/02/2022 01:20:30,Audie,Cherry,Diana,Erik,Merengue,,,,,
13/02/2022 01:56:15,Bella,Bluebear,Deena,Ellie,O'Hare,,,,,
13/02/2022 02:02:09,Faith,Ione,Raymond,Sasha,Shino,,,,,
13/02/2022 03:05:47,Marina,,,,,,,,,
13/02/2022 03:34:36,Judy,Phoebe,Raymond,Rudy,Shino,,,,,
13/02/2022 03:41:58,Bea,Dom,Marshal,Zucker,,,,,,
13/02/2022 03:45:51,Bones,Étoile,Pecan,Ruby,Tipper,,,,,
13/02/2022 03:49:56,Dobie,Marshal,Raymond,Sasha,Tiansheng,,,,,
13/02/2022 03:51:53,Jeremiah,Ketchup,Lily,Maple,Merengue,,,,,
13/02/2022 04:32:12,Freckles,Judy,Ketchup,Lily,Maple,,,,,
13/02/2022 04:34:57,Ankha,Ione,Kiki,Rory,Shino,,,,,
13/02/2022 04:49:53,Coco,Merengue,Shino,Stitches,Zucker,,,,,
13/02/2022 05:17:46,Audie,Aurora,Chadder,Fauna,Simon,,,,,
13/02/2022 05:21:11,Bubbles,Genji,Sally,Sydney,,,,,,
13/02/2022 05:25:48,Bangle,Hazel,Hippeux,Sasha,Whitney,,,,,
13/02/2022 05:39:23,Ankha,Audie,Cephalobot,Ione,Raymond,,,,,
13/02/2022 06:18:07,Bob,Pecan,Punchy,,,,,,,
13/02/2022 06:19:29,Bob,Pecan,Punchy,,,,,,,
13/02/2022 06:20:26,Bob,Cephalobot,Marina,Marshal,,,,,,
13/02/2022 08:04:39,Audie,Diana,Fauna,Fuchsia,Stitches,,,,,
13/02/2022 08:15:55,Apollo,Kabuki,Peanut,,,,,,,
13/02/2022 08:57:07,Ankha,Bob,Coco,Mac,,,,,,
13/02/2022 10:25:52,Dom,Erik,Rex,Sherb,Shino,,,,,
13/02/2022 10:30:21,Cookie,Ione,Judy,Spike,Winnie,,,,,
13/02/2022 10:33:36,Felicity,Hamlet,Kiki,Lolly,Merry,,,,,
13/02/2022 10:42:53,Fauna,Judy,Maple,Olivia,Reneigh,,,,,
13/02/2022 10:50:46,Diana,Fauna,Maple,Margie,Raymond,,,,,
13/02/2022 12:39:15,Beau,Diana,Kiki,Shino,Zell,,,,,
13/02/2022 12:39:17,Anchovy,Eugene,Jacques,Quillson,Rasher,,,,,
13/02/2022 12:50:57,Audie,Ketchup,Raymond,Simon,Zucker,,,,,
13/02/2022 13:07:58,Camofrog,Chadder,Derwin,Jambette,Pate,,,,,
13/02/2022 13:58:34,Cephalobot,Marina,Octavian,Raymond,Zucker,,,,,
13/02/2022 14:07:18,Cherry,Dotty,Flurry,Henry,Ozzie,,,,,
13/02/2022 14:41:12,Beau,Molly,Sasha,Sherb,Shino,,,,,
13/02/2022 14:42:40,Deirdre,Maple,Molly,Sherb,Shino,,,,,
13/02/2022 14:51:15,Diana,Hornsby,Marshal,Poppy,Sherb,,,,,
13/02/2022 15:39:56,Ankha,Gruff,Hamlet,Raymond,Skye,,,,,
13/02/2022 15:44:06,Claudia,Daisy,Dizzy,Margie,Pate,,,,,
13/02/2022 15:46:05,Apple,Erik,Ketchup,Marina,Zucker,,,,,
13/02/2022 15:46:39,Bob,Chelsea,Marshal,Sasha,Snake,,,,,
13/02/2022 16:30:38,Cheri,Coco,Dom,,,,,,,
13/02/2022 17:04:03,Beau,Bluebear,Diana,Roscoe,Stella,,,,,
13/02/2022 17:10:29,Apple,Bob,Maple,Stitches,Zucker,,,,,
13/02/2022 18:10:23,Chai,Étoile,Gayle,Maple,Merengue,,,,,
13/02/2022 18:16:38,Bruce,Dom,Gayle,Judy,Merengue,,,,,
13/02/2022 18:50:18,Lolly,Raymond,Sprinkle,Stitches,Zell,,,,,
13/02/2022 20:11:26,Diana,Julian,Punchy,Tangy,Zucker,,,,,
13/02/2022 20:14:13,Camofrog,Fang,Rex,Spike,Stitches,,,,,
13/02/2022 20:15:54,Maple,Margie,Marina,Rosie,Ruby,,,,,
13/02/2022 20:39:53,Audie,Maple,Marshal,Raymond,,,,,,
13/02/2022 20:52:05,Flurry,Goose,Hugh,Nana,Twiggy,,,,,
13/02/2022 21:08:21,Biff,Katt,Murphy,Robin,Stitches,,,,,
13/02/2022 21:31:45,Cookie,Dizzy,Henry,Ketchup,Raymond,,,,,
13/02/2022 21:32:20,Cranston,Peanut,Poppy,Raymond,Zell,,,,,
13/02/2022 21:51:25,Eugene,Joey,Rio,Skye,Tiansheng,,,,,
13/02/2022 22:03:17,Audie,Colton,Julian,Ketchup,Reneigh,,,,,
13/02/2022 22:32:42,Ankha,Bob,Cyd,Raymond,Roald,,,,,
13/02/2022 22:46:14,Sasha,,,,,,,,,
13/02/2022 23:03:21,Bob,Deli,Raymond,Shino,Zucker,,,,,
13/02/2022 23:14:23,Angus,Lopez,Sheldon,Sprinkle,Walker,,,,,
13/02/2022 23:15:18,Apollo,Deirdre,Goldie,Roald,Zucker,,,,,
13/02/2022 23:37:21,Bree,Chevre,Ione,Judy,Shino,,,,,
13/02/2022 23:46:32,Audie,Marshal,Merengue,Raymond,Sherb,,,,,
14/02/2022 00:34:46,Ione,Marshal,Raymond,Sasha,Sherb,,,,,
14/02/2022 00:51:20,Fauna,,,,,,,,,
14/02/2022 01:18:36,Alli,Coco,Daisy,Greta,Marina,,,,,
14/02/2022 01:29:57,Derwin,Filbert,Rodney,Teddy,Vivian,,,,,
14/02/2022 02:10:51,Julia,Merengue,Sasha,Shino,Stitches,,,,,
14/02/2022 02:17:35,Fauna,Katt,Tybalt,,,,,,,
14/02/2022 02:23:14,Cephalobot,Pietro,Zucker,,,,,,,
14/02/2022 02:46:47,Beau,Flora,Sherb,,,,,,,
14/02/2022 05:24:11,Diana,Hazel,Marina,Marshal,Molly,,,,,
14/02/2022 07:40:40,Kyle,Norma,Olaf,Spike,Sprinkle,,,,,
14/02/2022 09:59:12,Beardo,,,,,,,,,
14/02/2022 11:05:44,Lolly,Raymond,Ruby,Sasha,Shep,,,,,
14/02/2022 12:13:01,Merengue,Sasha,Skye,Sprinkle,Tia,,,,,
14/02/2022 12:53:39,Aurora,Hazel,Peck,Sally,Zucker,,,,,
14/02/2022 13:23:24,Ione,Maple,Molly,Nan,Olive,,,,,
14/02/2022 13:26:39,Apollo,Goldie,Marshal,Pinky,Sasha,,,,,
14/02/2022 14:06:34,Apollo,Bruce,Eugene,Kyle,Tex,,,,,
14/02/2022 14:15:26,Deirdre,Fauna,Julian,Molly,Papi,,,,,
14/02/2022 14:31:08,Ankha,Marshal,Raymond,Roald,Sherb,,,,,
14/02/2022 15:12:45,Tammi,,,,,,,,,
14/02/2022 15:16:01,Ankha,Beau,Hornsby,Ketchup,Zucker,,,,,
14/02/2022 15:42:22,Chadder,Faith,Hornsby,Pekoe,Rio,,,,,
14/02/2022 15:58:11,Étoile,Marina,Merengue,Sherb,Shino,,,,,
14/02/2022 17:13:09,Biskit,Ione,Marshal,Megan,Pinky,,,,,
14/02/2022 19:55:16,Beau,Clay,Papi,Zell,,,,,,
14/02/2022 19:56:07,Punchy,Roswell,Sterling,Vivian,Winnie,,,,,
14/02/2022 20:11:59,Elise,Phil,Rex,Scoot,Sylvia,,,,,
14/02/2022 21:02:12,Apple,Bob,Coco,Marshal,Poppy,,,,,
14/02/2022 21:27:13,Alice,Beardo,Snooty,Wolfgang,Yuka,,,,,
14/02/2022 22:07:33,Marina,Marshal,Olivia,Sherb,Zell,,,,,
14/02/2022 22:43:23,Eugene,Faith,Flip,Rosie,Tiansheng,,,,,
14/02/2022 23:23:52,Ketchup,Mallary,Puddles,Shino,Stu,,,,,
14/02/2022 23:41:01,Alice,Ankha,Freya,Hazel,Melba,,,,,
14/02/2022 23:59:02,Jeremiah,Merry,Sherb,Stitches,Tangy,,,,,
15/02/2022 00:21:21,Deirdre,Erik,Goldie,Patty,Sherb,,,,,
15/02/2022 01:12:03,Del,Lobo,Marshal,Roald,Static,,,,,
15/02/2022 01:19:02,Big Top,Billy,Raymond,Roald,Spork,,,,,
15/02/2022 01:57:09,Daisy,Maple,Melba,Molly,Poppy,,,,,
15/02/2022 02:11:06,Ione,Judy,Melba,Pancetti,Sasha,,,,,
15/02/2022 02:37:23,Cephalobot,Cheri,Coco,Rodeo,Stitches,,,,,
15/02/2022 03:00:00,Bluebear,Gala,Margie,Shari,Sherb,,,,,
15/02/2022 03:56:58,Ankha,Dotty,Ione,Marshal,Tucker,,,,,
15/02/2022 05:35:15,Bangle,Beau,Bertha,Kid Cat,Plucky,,,,,
15/02/2022 06:22:04,Alice,Coco,Marina,Marshal,Zucker,,,,,
15/02/2022 06:26:27,Benjamin,Chief,Curlos,Flo,Sasha,,,,,
15/02/2022 07:16:23,Ione,Marshal,Raymond,Sasha,Shino,,,,,
15/02/2022 07:50:11,Marshal,Pekoe,Raymond,Shino,Zucker,,,,,
15/02/2022 09:03:15,Bob,Coco,Dotty,Katt,Kiki,,,,,
15/02/2022 09:54:14,Coco,Merengue,Molly,,,,,,,
15/02/2022 10:20:26,Bam,Punchy,Shep,Shino,,,,,,
15/02/2022 10:28:34,Eunice,Raymond,Ruby,,,,,,,
15/02/2022 10:38:38,Cookie,Diana,Dom,Judy,Stitches,,,,,
15/02/2022 11:00:51,Beau,Ellie,Stitches,,,,,,,
15/02/2022 11:24:31,Cheri,Chrissy,Marina,Marshal,Nate,,,,,
15/02/2022 12:10:39,Buck,Gala,Lily,Maple,Molly,,,,,
15/02/2022 14:05:27,Bea,Biff,Jeremiah,Merengue,Pashmina,,,,,
15/02/2022 14:17:22,Ankha,Apollo,Clay,Fauna,Sasha,,,,,
15/02/2022 14:40:06,Alfonso,Boots,Cally,Cube,Sterling,,,,,
15/02/2022 15:06:37,Bam,Bianca,Fauna,Hornsby,Whitney,,,,,
15/02/2022 15:28:00,Azalea,Ione,Marshal,Sasha,Whitney,,,,,
15/02/2022 16:36:18,Butch,Judy,Marshal,,,,,,,
15/02/2022 16:49:24,Ankha,Clay,Sasha,Shino,,,,,,
15/02/2022 16:53:59,Joey,Maggie,Marshal,Peanut,Tank,,,,,
15/02/2022 17:18:14,Julia,Marshal,Merengue,Raymond,Stella,,,,,
15/02/2022 17:25:12,Beau,Fang,Julian,Reneigh,Zucker,,,,,
15/02/2022 17:26:43,Fauna,Ketchup,Olive,Puddles,Tipper,,,,,
15/02/2022 17:34:06,Ankha,Chevre,Merengue,Pashmina,Tangy,,,,,
15/02/2022 17:36:20,Claudia,Hippeux,Jambette,Limberg,Wart Jr.,,,,,
15/02/2022 17:54:41,Bob,Cephalobot,Marshal,Sasha,Tangy,,,,,
15/02/2022 18:15:47,Felicity,June,Lucy,Merry,Raymond,,,,,
15/02/2022 18:48:15,Bangle,Boomer,Drift,Flora,Savannah,,,,,
15/02/2022 19:23:51,Hans,Lucky,Savannah,Sherb,Tucker,,,,,
15/02/2022 19:51:03,Bunnie,Cherry,Katt,Lobo,Maddie,,,,,
15/02/2022 19:52:12,Canberra,Lyman,Marlo,Poppy,Shino,,,,,
15/02/2022 19:54:32,Clay,Coco,Leopold,Molly,Zucker,,,,,
15/02/2022 19:56:41,Alice,Judy,Lolly,Marina,Olivia,,,,,
15/02/2022 20:08:46,Fauna,Ione,Marshal,Raymond,Tia,,,,,
15/02/2022 20:24:45,Alice,Ankha,Audie,Beau,Marina,,,,,
15/02/2022 20:57:55,Ankha,Julian,Ketchup,Molly,Walker,,,,,
15/02/2022 21:12:28,Bam,Erik,Punchy,Reneigh,Wolfgang,,,,,
15/02/2022 21:32:18,Agnes,Fauna,Ione,Merengue,Molly,,,,,
15/02/2022 21:48:40,Cally,Chester,Joey,Shino,Stitches,,,,,
15/02/2022 21:58:12,Dizzy,Hazel,Hornsby,Lolly,Rosie,,,,,
15/02/2022 21:59:17,Bob,Dobie,Gabi,Molly,Shino,,,,,
15/02/2022 22:00:47,Clay,Gladys,Octavian,Pashmina,Tybalt,,,,,
15/02/2022 22:29:36,Chevre,Drake,Lolly,,,,,,,
15/02/2022 22:32:03,Ankha,Bob,Coco,Flora,Mitzi,,,,,
15/02/2022 22:43:30,Bianca,Dom,Erik,Lily,Tammy,,,,,
15/02/2022 22:51:09,Chevre,Dom,Kidd,Marina,Merengue,,,,,
15/02/2022 22:53:23,Judy,Marina,Poppy,Raymond,Sasha,,,,,
15/02/2022 23:06:17,Bunnie,Genji,Olivia,Snake,Tasha,,,,,
15/02/2022 23:50:36,Erik,Flurry,Marina,Marshal,Roald,,,,,
16/02/2022 00:23:34,Bob,Lucky,Marshal,Raymond,Shino,,,,,
16/02/2022 00:25:08,Ankha,Audie,Raymond,,,,,,,
16/02/2022 00:49:22,Ione,Papi,Punchy,Raymond,Wolfgang,,,,,
16/02/2022 01:08:22,Lolly,Lucky,Raymond,Sherb,Stitches,,,,,
16/02/2022 01:54:01,Blaire,Judy,Merengue,Raymond,Stitches,,,,,
16/02/2022 02:02:03,Boomer,Henry,Maple,Nibbles,Savannah,,,,,
16/02/2022 02:28:51,Boomer,Cube,Drift,Faith,Sydney,,,,,
16/02/2022 02:57:18,Ankha,Coco,Kyle,Shino,Zucker,,,,,
16/02/2022 03:25:32,Bunnie,Chrissy,Cookie,Olivia,Whitney,,,,,
16/02/2022 03:34:45,Bianca,Marina,Raymond,Rudy,Shino,,,,,
16/02/2022 03:35:56,Coco,Joey,Marshal,Stitches,Tia,,,,,
16/02/2022 03:36:06,Bob,Olaf,Reneigh,,,,,,,
16/02/2022 04:14:21,Clay,Deirdre,Hazel,Molly,Sasha,,,,,
16/02/2022 06:19:16,Merry,Reneigh,,,,,,,,
16/02/2022 06:30:37,Audie,Beau,Diana,Papi,Reneigh,,,,,
16/02/2022 06:38:25,Cephalobot,Elvis,Lionel,Peck,Raymond,,,,,
16/02/2022 07:36:47,Bam,Bob,Marshal,Raymond,Shino,,,,,
16/02/2022 08:01:15,Apple,Beau,Cephalobot,Ellie,Fang,,,,,
16/02/2022 08:08:47,Audie,Bob,Ione,Judy,Sasha,,,,,
16/02/2022 08:29:36,Ankha,Bangle,Erik,Lolly,Sydney,,,,,
16/02/2022 10:48:47,Clay,Lucky,Maple,Stitches,Zucker,,,,,
16/02/2022 11:00:38,Kiki,Maple,Raymond,Shino,Stitches,,,,,
16/02/2022 11:12:13,Eloise,Fauna,Gonzo,Merengue,Patty,,,,,
16/02/2022 12:27:41,Audie,Avery,Derwin,Frett,Kiki,,,,,
16/02/2022 12:31:18,Kid Cat,O'Hare,Tasha,,,,,,,
16/02/2022 13:33:32,Ankha,Ione,,,,,,,,
16/02/2022 14:12:12,Quinn,Teddy,Willow,,,,,,,
16/02/2022 14:44:18,Flora,Judy,Lolly,Merengue,Sasha,,,,,
16/02/2022 15:24:47,Astrid,Cephalobot,Raddle,Roswell,Tammi,,,,,
16/02/2022 15:47:28,Canberra,Maggie,Molly,Puddles,,,,,,
16/02/2022 17:09:59,Beau,Bob,Dom,Erik,Flurry,,,,,
16/02/2022 17:14:32,Agent S,Eloise,Rocket,Sasha,Sherb,,,,,
16/02/2022 17:23:39,Ione,Kiki,Lolly,Mitzi,Sylvana,,,,,
16/02/2022 18:00:08,Marshal,,,,,,,,,
16/02/2022 18:10:29,Cube,Deirdre,Drago,Wolfgang,Zucker,,,,,
16/02/2022 19:13:58,Agnes,Apollo,Cephalobot,Cheri,Octavian,,,,,
16/02/2022 19:37:39,Boots,Merengue,Poncho,Rhonda,Samson,,,,,
16/02/2022 19:48:28,Annalisa,Bubbles,Cube,Raymond,Sherb,,,,,
16/02/2022 19:59:04,Bluebear,Filbert,Sherb,Stitches,Zucker,,,,,
16/02/2022 20:33:03,Henry,Kid Cat,Sasha,Sherb,Simon,,,,,
16/02/2022 20:51:02,Bertha,Lucky,Molly,Shino,Stitches,,,,,
16/02/2022 21:41:44,Bluebear,Cyd,Moose,Quillson,Tammy,,,,,
16/02/2022 21:58:29,Beau,Bruce,Marina,Raymond,Wade,,,,,
16/02/2022 22:05:46,Ace,Bea,Bella,Biff,Chai,,,,,
16/02/2022 22:10:34,Cephalobot,Coco,Henry,Raymond,Shino,,,,,
16/02/2022 22:17:15,Ione,Marshal,Molly,Sherb,Zucker,,,,,
16/02/2022 22:46:28,Stitches,,,,,,,,,
16/02/2022 22:53:46,Drago,Peggy,Sherb,Shino,Tiffany,,,,,
16/02/2022 23:19:05,Fauna,Julian,Savannah,Sherb,Skye,,,,,
17/02/2022 00:24:08,Ankha,Chester,Dom,Marshal,Monique,,,,,
17/02/2022 00:25:52,Chai,Coco,Étoile,Judy,Merengue,,,,,
17/02/2022 00:56:37,Celia,Greta,Hamphrey,Naomi,Truffles,,,,,
17/02/2022 01:09:00,Bluebear,Poppy,Tutu,,,,,,,
17/02/2022 01:28:45,Bill,Bob,Ketchup,Punchy,Roald,,,,,
17/02/2022 01:58:29,Beau,Cephalobot,Kabuki,Mira,Whitney,,,,,
17/02/2022 03:19:36,Ankha,Bam,Filbert,Judy,Merry,,,,,
17/02/2022 03:20:13,Bubbles,Diana,Dobie,Marshal,Sasha,,,,,
17/02/2022 04:10:20,Bob,Elvis,Flora,Raymond,Tangy,,,,,
17/02/2022 04:57:35,Audie,Bruce,Kyle,Shino,,,,,,
17/02/2022 07:23:41,Bob,Ione,Lucky,Ruby,Zucker,,,,,
17/02/2022 07:29:15,Beau,Bruce,Fang,Tia,Wolfgang,,,,,
17/02/2022 07:50:02,Roald,,,,,,,,,
17/02/2022 07:59:50,Beardo,Boyd,Cephalobot,Kid Cat,Merry,,,,,
17/02/2022 09:27:55,Bunnie,Fauna,Hamlet,Peaches,Whitney,,,,,
17/02/2022 09:41:31,Cephalobot,Chai,Chevre,Drago,Lucky,,,,,
17/02/2022 10:24:25,Agnes,Norma,Patty,Poppy,Tia,,,,,
17/02/2022 11:32:54,Ankha,Bluebear,Ione,Kabuki,Lolly,,,,,
17/02/2022 11:37:38,Judy,Ketchup,Molly,Raymond,Tiffany,,,,,
17/02/2022 12:37:37,Hamlet,Hamphrey,Lucha,Marshal,Raymond,,,,,
17/02/2022 13:52:36,Eloise,Mint,Rowan,Weber,Wolfgang,,,,,
17/02/2022 13:53:50,Raymond,Roald,Static,,,,,,,
17/02/2022 14:09:16,Ankha,Coco,Dom,Lucky,Zucker,,,,,
17/02/2022 14:59:43,Clyde,Drift,Henry,Maple,,,,,,
17/02/2022 15:35:52,Angus,Audie,Marcie,Portia,Sprocket,,,,,
17/02/2022 15:39:29,Apollo,Aurora,Octavian,Roald,Zucker,,,,,
17/02/2022 16:14:57,Diana,Fang,Judy,Julian,Merry,,,,,
17/02/2022 17:03:15,Lily,Phoebe,Quinn,Roald,Sprinkle,,,,,
17/02/2022 17:21:42,Apollo,Derwin,Dom,Drago,Wart Jr.,,,,,
17/02/2022 17:33:34,Cephalobot,Chevre,Marshal,Raymond,Zucker,,,,,
17/02/2022 18:42:41,Gonzo,Katt,Kiki,Marshal,Purrl,,,,,
17/02/2022 19:45:09,Dobie,Judy,Marshal,Poppy,Stitches,,,,,
17/02/2022 20:54:54,Audie,Pashmina,Skye,Tammy,,,,,,
17/02/2022 20:55:54,Maple,Merengue,Petri,Sasha,Shino,,,,,
17/02/2022 21:04:46,Agnes,Freya,Gladys,Nan,Quinn,,,,,
17/02/2022 22:20:11,Beau,,,,,,,,,
17/02/2022 22:59:39,Bill,Maple,Merry,Sherb,Static,,,,,
17/02/2022 23:02:09,Ankha,Bob,Judy,Raymond,,,,,,
17/02/2022 23:28:34,Curlos,Hamphrey,Snake,Sylvia,Twiggy,,,,,
18/02/2022 00:45:27,Antonio,Celia,Cyd,Tex,Yuka,,,,,
18/02/2022 01:17:55,Bam,Beau,Buck,Punchy,Twiggy,,,,,
18/02/2022 01:23:30,Lily,Marshal,Merengue,Tangy,Tia,,,,,
18/02/2022 01:42:56,Anchovy,Cephalobot,Marina,Octavian,Roald,,,,,
18/02/2022 03:02:47,Beau,Fang,Marshal,Raymond,Shino,,,,,
18/02/2022 03:03:08,Elvis,Goldie,Groucho,Hazel,Kitty,,,,,
18/02/2022 03:16:44,Goldie,Moe,Ribbot,Rooney,Walt,,,,,
18/02/2022 03:56:45,Fauna,Lobo,Poppy,Sasha,Tasha,,,,,
18/02/2022 04:01:10,Annalise,Nan,Pashmina,Scoot,,,,,,
18/02/2022 04:10:39,Ankha,Julian,Lobo,Pietro,Shino,,,,,
18/02/2022 04:51:46,Aurora,Beau,Coco,Ione,Pashmina,,,,,
18/02/2022 05:31:48,Goldie,Kabuki,Muffy,Shino,Stitches,,,,,
18/02/2022 06:30:10,Carmen,Raymond,Rosie,Shino,Walker,,,,,
18/02/2022 06:43:26,Apollo,Bob,Kid Cat,Lucky,Marshal,,,,,
18/02/2022 07:40:13,Ellie,Katt,Kyle,Octavian,Sheldon,,,,,
18/02/2022 08:51:56,Flurry,Gloria,Hamphrey,,,,,,,
18/02/2022 09:30:43,Ione,Nate,Norma,Raymond,Reneigh,,,,,
18/02/2022 09:45:45,Blanche,Deli,Fauna,Gladys,Kiki,,,,,
18/02/2022 10:00:32,Dizzy,Mitzi,Skye,,,,,,,
18/02/2022 10:01:47,Ankha,Cephalobot,Lily,Reneigh,Zucker,,,,,
18/02/2022 10:25:04,Sherb,,,,,,,,,
18/02/2022 11:04:56,Ava,Mira,Scoot,Sprinkle,,,,,,
18/02/2022 11:56:47,Ione,Raymond,,,,,,,,
18/02/2022 11:57:13,Coco,Ione,Marina,Octavian,Sherb,,,,,
18/02/2022 12:12:13,Étoile,Eunice,Rosie,Sherb,Stella,,,,,
18/02/2022 12:23:06,Antonio,Dizzy,Fang,Molly,Sylvana,,,,,
18/02/2022 12:47:14,Agnes,Drago,Maelle,Poncho,Skye,,,,,
18/02/2022 13:15:20,Agnes,Fauna,Filbert,Ketchup,Molly,,,,,
18/02/2022 14:05:08,Bruce,Erik,Sherb,Shino,Tiansheng,,,,,
18/02/2022 14:24:30,Diana,Judy,Maple,Merry,Muffy,,,,,
18/02/2022 15:17:11,Marina,Marshal,Merry,Octavian,Shino,,,,,
18/02/2022 15:43:08,Aurora,Judy,Raymond,Sasha,Sherb,,,,,
18/02/2022 16:11:20,Bubbles,Coco,Ione,Mira,Stu,,,,,
18/02/2022 16:54:04,Boone,Kyle,Rex,Shari,Tiansheng,,,,,
18/02/2022 17:29:09,Al,Antonio,Apple,Nana,Pashmina,,,,,
18/02/2022 17:42:45,Jeremiah,Sherb,Tutu,Whitney,Zucker,,,,,
18/02/2022 18:17:25,Genji,Ione,Shino,Tiansheng,Zucker,,,,,
18/02/2022 18:19:58,Bea,Hazel,Poppy,Puddles,,,,,,
18/02/2022 18:58:08,Huck,,,,,,,,,
18/02/2022 19:37:32,Cherry,Diana,Marlo,Molly,Rosie,,,,,
18/02/2022 20:10:05,Clay,Lucky,Marina,Marshal,Molly,,,,,
18/02/2022 20:25:59,Agnes,Bea,Dotty,Freckles,Teddy,,,,,
18/02/2022 20:32:25,Chelsea,Clay,Coco,Lolly,Sylvana,,,,,
18/02/2022 22:11:28,Bluebear,Kiki,Lucky,Skye,Tia,,,,,
18/02/2022 22:13:07,Ankha,Audie,Bob,Marina,Roald,,,,,
18/02/2022 22:14:38,Drift,Freckles,Punchy,Shino,Vivian,,,,,
18/02/2022 23:10:58,Bangle,Claude,Kevin,Rhonda,Ursala,,,,,
18/02/2022 23:33:04,Bob,Merengue,Raymond,Sasha,Teddy,,,,,
18/02/2022 23:58:14,Annalise,Barold,Drake,Lolly,Tia,,,,,
19/02/2022 02:51:23,Beau,,,,,,,,,
19/02/2022 03:08:29,Apple,Bunnie,Hamlet,Sasha,Toby,,,,,
19/02/2022 03:16:34,Chrissy,Scoot,,,,,,,,
19/02/2022 03:27:55,Ankha,Bluebear,Coco,Ketchup,Lolly,,,,,
19/02/2022 03:46:59,Coco,Fauna,Lucky,Sherb,Zell,,,,,
19/02/2022 04:51:28,Bluebear,Bud,Ione,June,Vivian,,,,,
19/02/2022 05:45:42,Ankha,Ione,Julian,Shino,Zell,,,,,
19/02/2022 07:05:50,Lolly,Lucky,Mathilda,Shino,Tabby,,,,,
19/02/2022 08:24:04,Apple,Flip,Freya,Molly,,,,,,
19/02/2022 10:04:50,Cherry,Cobb,Coco,Tangy,Vesta,,,,,
19/02/2022 10:44:00,Ace,Buzz,Jay,Julia,Quinn,,,,,
19/02/2022 11:25:04,Angus,Bud,Walt,,,,,,,
19/02/2022 12:13:15,Genji,Olivia,Ozzie,Ruby,Zell,,,,,
19/02/2022 12:29:16,Lucky,Murphy,Roswell,Static,Walt,,,,,
19/02/2022 13:10:49,Ankha,Dobie,Eloise,Ketchup,Reneigh,,,,,
19/02/2022 14:14:23,Carmen,Kody,Merengue,Miranda,Rodeo,,,,,
19/02/2022 14:15:53,Audie,Bangle,Bluebear,Buck,Cookie,,,,,
19/02/2022 15:26:56,Ankha,Cephalobot,Merengue,Raymond,Shino,,,,,
19/02/2022 15:42:39,Drago,Kabuki,Raymond,Rex,Skye,,,,,
19/02/2022 15:57:04,Bill,Bluebear,Diva,Kidd,,,,,,
19/02/2022 16:45:32,Cephalobot,Louie,Rolf,Sterling,Zucker,,,,,
19/02/2022 16:54:36,Lolly,Muffy,Raymond,Sherb,Zucker,,,,,
19/02/2022 17:53:38,Cookie,Drago,Flo,Molly,Tybalt,,,,,
19/02/2022 17:56:51,Chevre,Genji,Henry,Merengue,Zucker,,,,,
19/02/2022 19:02:58,Pekoe,Rowan,Sasha,Shino,Tutu,,,,,
19/02/2022 19:32:13,Camofrog,Chadder,Jacques,Mitzi,Zucker,,,,,
19/02/2022 19:45:18,Bianca,Claude,Poppy,Shari,Shino,,,,,
19/02/2022 20:42:41,Audie,Fauna,Maggie,Maple,Sherb,,,,,
19/02/2022 20:45:33,Flora,Ione,Merengue,Sherb,Zucker,,,,,
19/02/2022 20:50:06,Cephalobot,Coco,Fang,Marshal,Merengue,,,,,
19/02/2022 21:09:41,Cookie,Gayle,Genji,Katt,,,,,,
19/02/2022 21:28:38,Bob,Fang,Gayle,,,,,,,
19/02/2022 21:37:15,Maple,Melba,Tangy,,,,,,,
19/02/2022 21:38:09,Antonio,Apollo,Erik,Murphy,Sherb,,,,,
19/02/2022 22:19:11,Apple,Fuchsia,Lobo,,,,,,,
19/02/2022 22:22:02,Audie,Beau,Diana,Judy,Reneigh,,,,,
19/02/2022 23:05:20,Apple,Ketchup,Lucky,Merry,Stitches,,,,,
19/02/2022 23:41:04,Fauna,June,Maple,Molly,Sylvana,,,,,
19/02/2022 23:54:35,Diana,Julian,Marina,Sasha,Shino,,,,,
20/02/2022 00:18:10,Bob,Coach,Kiki,Spike,Winnie,,,,,
20/02/2022 00:35:42,Dom,Katt,Merengue,Sprinkle,Tasha,,,,,
20/02/2022 00:41:41,Beau,Marina,Skye,Twiggy,,,,,,
20/02/2022 00:54:47,Lily,Petri,Sasha,,,,,,,
20/02/2022 01:07:08,Beau,Erik,Ozzie,Sasha,Sherb,,,,,
20/02/2022 01:35:47,Diana,Goldie,Julian,Sherb,Shino,,,,,
20/02/2022 01:37:20,Maple,Merry,Molly,Rosie,Tangy,,,,,
20/02/2022 01:55:41,Hans,Roald,Sherb,Shino,Zucker,,,,,
20/02/2022 02:23:34,Dizzy,Hornsby,Jeremiah,,,,,,,
20/02/2022 03:07:38,Boots,Cheri,Ketchup,Lionel,Raymond,,,,,
20/02/2022 03:32:48,Erik,Judy,Lucky,Poppy,Rosie,,,,,
20/02/2022 03:58:05,Cranston,Doc,Dom,Graham,Rowan,,,,,
20/02/2022 04:41:43,Bob,Coco,Ione,Kid Cat,Pietro,,,,,
20/02/2022 05:15:22,Cephalobot,Cranston,Elvis,Flo,Keaton,,,,,
20/02/2022 05:25:02,Ankha,Bam,Ione,Judy,Sherb,,,,,
20/02/2022 06:04:35,Raymond,,,,,,,,,
20/02/2022 06:12:23,Coco,Dom,Maple,Marshal,Sherb,,,,,
20/02/2022 06:23:47,Beau,Diana,Erik,Kiki,Raymond,,,,,
20/02/2022 07:15:57,Anicotti,Lucky,Maple,Pashmina,Sherb,,,,,
20/02/2022 07:25:11,Elmer,,,,,,,,,
20/02/2022 07:29:48,Al,Bob,Ketchup,Raymond,Tangy,,,,,
20/02/2022 08:38:27,Judy,Ketchup,Mac,Raymond,,,,,,
20/02/2022 11:34:30,Bill,Dom,Nibbles,,,,,,,
20/02/2022 12:36:16,Axel,Blanche,Ellie,Hazel,Pinky,,,,,
20/02/2022 13:08:32,Astrid,Cleo,Olive,Poncho,Wade,,,,,
20/02/2022 13:21:07,Judy,Kabuki,Katt,Keaton,Moose,,,,,
20/02/2022 13:27:18,Audie,Zell,Zucker,,,,,,,
20/02/2022 13:32:08,Admiral,Audie,Aurora,Hamlet,Tammi,,,,,
20/02/2022 13:55:09,Bianca,Jeremiah,Nana,Phoebe,Tiansheng,,,,,
20/02/2022 13:55:30,Diva,Eugene,Harry,Iggly,Sprocket,,,,,
20/02/2022 14:51:18,Coco,Raymond,Shino,Skye,Stitches,,,,,
20/02/2022 15:43:07,Ione,Lolly,Raymond,Sasha,Stitches,,,,,
20/02/2022 15:45:54,Fuchsia,Marshal,Poppy,Snooty,Tutu,,,,,
20/02/2022 16:13:02,Jeremiah,Phoebe,Sterling,,,,,,,
20/02/2022 16:36:19,Anabelle,Chai,Elvis,Vic,Victoria,,,,,
20/02/2022 16:46:13,Beau,Fauna,Shino,,,,,,,
20/02/2022 17:15:56,Ankha,Lucky,Molly,Pashmina,Raymond,,,,,
20/02/2022 17:57:50,Anchovy,Cashmere,Stitches,,,,,,,
20/02/2022 18:07:32,Fang,Fauna,Marshal,Raymond,Zucker,,,,,
20/02/2022 18:19:34,Cashmere,Goose,Marshal,Raymond,Tex,,,,,
20/02/2022 19:10:33,Ankha,Ione,Lolly,Raymond,Sherb,,,,,
20/02/2022 19:11:35,Aurora,Beau,Muffy,,,,,,,
20/02/2022 19:43:53,Raymond,Stitches,Zucker,,,,,,,
20/02/2022 19:58:01,Ankha,Pecan,Petri,Raymond,Tangy,,,,,
20/02/2022 20:35:58,Beau,Marina,Merengue,Whitney,Zucker,,,,,
20/02/2022 21:19:48,Zucker,,,,,,,,,
20/02/2022 21:31:41,Marshal,Moe,Pekoe,Purrl,Raymond,,,,,
20/02/2022 22:50:34,Cherry,Deena,Iggly,Melba,Vivian,,,,,
21/02/2022 00:29:22,Caroline,Ione,Skye,,,,,,,
21/02/2022 01:00:56,Ione,Merengue,Sasha,Sherb,Shino,,,,,
21/02/2022 01:07:50,Beau,Bob,Hamlet,Roald,Shino,,,,,
21/02/2022 01:34:38,Cheri,Fauna,Maple,Marshal,Molly,,,,,
21/02/2022 01:51:14,Coco,Daisy,Sasha,,,,,,,
21/02/2022 02:21:50,Bluebear,Gonzo,Knox,Sasha,Stitches,,,,,
21/02/2022 02:23:29,Apple,Beau,Snake,Stella,Stitches,,,,,
21/02/2022 02:39:53,Ankha,Bonbon,,,,,,,,
21/02/2022 03:09:07,Audie,Beau,Fauna,Marshal,Roald,,,,,
21/02/2022 03:57:41,Bob,Kidd,Mint,Portia,Puddles,,,,,
21/02/2022 04:40:52,Bob,Erik,Lolly,Roald,Sherb,,,,,
21/02/2022 05:05:22,Marshal,Mint,Peanut,Raymond,Tutu,,,,,
21/02/2022 06:17:46,Dobie,Hazel,Ione,Sherb,Shino,,,,,
21/02/2022 07:21:30,Kid Cat,Knox,Kyle,Marina,Papi,,,,,
21/02/2022 07:43:44,Flurry,Lolly,Molly,,,,,,,
21/02/2022 09:08:48,Diana,Marina,Merengue,Sherb,Zucker,,,,,
21/02/2022 09:29:56,Ankha,Blanche,Diana,,,,,,,
21/02/2022 09:45:50,Lily,Maple,Molly,Sasha,Stitches,,,,,
21/02/2022 10:11:32,Filbert,Julian,Maple,Rosie,,,,,,
21/02/2022 11:17:35,Dom,Flurry,Merry,Pietro,Sasha,,,,,
21/02/2022 13:30:12,Lily,Mint,Pompom,Sprinkle,Zucker,,,,,
21/02/2022 14:03:03,Bonbon,Kiki,Pudge,Shep,Zucker,,,,,
21/02/2022 14:25:22,Marshal,Melba,Punchy,Stitches,Tasha,,,,,
21/02/2022 14:32:27,Biff,Doc,Reneigh,Rod,Vivian,,,,,
21/02/2022 15:21:46,Chevre,Fauna,Lily,Maple,Molly,,,,,
21/02/2022 16:42:33,Antonio,Dotty,Jeremiah,Lily,Mira,,,,,
21/02/2022 16:53:13,Bam,Coco,Daisy,Lolly,Maple,,,,,
21/02/2022 17:01:46,Coco,Kiki,Lily,Lucky,Marina,,,,,
21/02/2022 17:10:51,Coco,Merengue,Ricky,Sherb,Stitches,,,,,
21/02/2022 17:12:40,Marina,Marlo,Merengue,Quinn,Sasha,,,,,
21/02/2022 17:31:17,Deli,Kidd,Marshal,Pekoe,Roscoe,,,,,
21/02/2022 17:57:11,Coco,Fang,Marshal,Peanut,Stitches,,,,,
21/02/2022 18:36:44,Apple,Flurry,Sherb,,,,,,,
21/02/2022 20:45:55,Boone,Marshal,Pashmina,Phoebe,Tiansheng,,,,,
21/02/2022 20:52:36,Cheri,Deirdre,Marshal,Raymond,Rosie,,,,,
21/02/2022 21:05:31,Ione,,,,,,,,,
21/02/2022 21:10:39,Ankha,Bob,Lolly,Raymond,Shino,,,,,
21/02/2022 21:36:58,Ankha,Kabuki,Lolly,Marshal,Raymond,,,,,
21/02/2022 21:38:00,Cherry,Genji,Lolly,Lopez,Raymond,,,,,
21/02/2022 21:42:02,Anchovy,Cephalobot,Jitters,Simon,Skye,,,,,
21/02/2022 21:50:29,Ankha,Bob,Goose,Muffy,Sherb,,,,,
21/02/2022 22:41:32,Ed,Leopold,Margie,Paolo,Sandy,,,,,
21/02/2022 22:56:21,Diana,Filbert,Flurry,Judy,Sherb,,,,,
21/02/2022 23:02:02,Ketchup,,,,,,,,,
21/02/2022 23:26:33,Ankha,Apollo,Audie,Diana,Julian,,,,,
21/02/2022 23:35:02,Dom,Lolly,Maple,Marshal,Raymond,,,,,
21/02/2022 23:44:02,Astrid,Coco,Daisy,Sally,Wolfgang,,,,,
22/02/2022 00:09:14,Dom,Marina,Sherb,Stitches,Zucker,,,,,
22/02/2022 00:51:10,Jambette,,,,,,,,,
22/02/2022 01:04:47,Bam,Diana,Marshal,Quinn,Stitches,,,,,
22/02/2022 01:07:18,Judy,Marlo,Sasha,Sherb,Tangy,,,,,
22/02/2022 01:26:28,Apple,Marshal,,,,,,,,
22/02/2022 01:44:02,Alice,Baabara,,,,,,,,
22/02/2022 01:47:59,Biskit,Poppy,Ruby,Static,Stitches,,,,,
22/02/2022 02:58:49,Bertha,Diana,Freya,Frita,Stinky,,,,,
22/02/2022 03:16:49,Lucky,Merengue,Raymond,Shino,Stitches,,,,,
22/02/2022 05:09:08,Bangle,Bob,Caroline,Coco,Merry,,,,,
22/02/2022 05:51:24,Diva,Freya,Henry,Lily,Shino,,,,,
22/02/2022 07:40:10,Diana,Kitty,Maple,Punchy,Vivian,,,,,
22/02/2022 08:15:07,Bob,Kid Cat,Sasha,Scoot,Stitches,,,,,
22/02/2022 09:40:24,Ankha,Erik,Julian,Maple,Shino,,,,,
22/02/2022 09:46:38,Cherry,Ione,Raymond,Rosie,Ruby,,,,,
22/02/2022 10:10:15,Ankha,Bob,Bones,Coco,Nan,,,,,
22/02/2022 10:43:46,Coco,Deirdre,Fauna,Ruby,Shino,,,,,
22/02/2022 10:52:09,Cephalobot,Henry,Punchy,Sprinkle,Vivian,,,,,
22/02/2022 10:54:00,Graham,Patty,Pietro,,,,,,,
22/02/2022 10:57:27,Ankha,Cephalobot,Drago,Shino,Stitches,,,,,
22/02/2022 11:25:54,Bob,Chevre,Kyle,Octavian,Pietro,,,,,
22/02/2022 11:53:21,Hazel,Poncho,,,,,,,,
22/02/2022 11:55:14,Boots,Lopez,Ozzie,Static,Tutu,,,,,
22/02/2022 12:44:15,Coco,Fauna,Ione,Molly,Whitney,,,,,
22/02/2022 13:14:08,Ankha,Avery,Clay,Pietro,Rex,,,,,
22/02/2022 13:50:57,Bianca,Cherry,Savannah,Teddy,,,,,,
22/02/2022 13:52:21,Lopez,Marshal,Raymond,Shino,Tangy,,,,,
22/02/2022 14:25:21,Hornsby,Nana,Tangy,Tybalt,,,,,,
22/02/2022 14:26:24,Dom,Gala,Marina,Raymond,Zucker,,,,,
22/02/2022 14:29:07,Marina,Octavian,Stitches,Zucker,,,,,,
22/02/2022 14:34:40,Lolly,,,,,,,,,
22/02/2022 15:17:56,Billy,Cherry,Harry,Nan,Sprinkle,,,,,
22/02/2022 15:22:09,Dom,Jeremiah,Marshal,Pashmina,Patty,,,,,
22/02/2022 15:30:53,Apollo,Lionel,Maple,Margie,Punchy,,,,,
22/02/2022 15:34:53,Bangle,Bones,Cephalobot,Lucky,Sherb,,,,,
22/02/2022 16:14:51,Ankha,Bea,Beau,Hornsby,Tabby,,,,,
22/02/2022 16:23:35,Dom,Maple,Merengue,Sherb,Tia,,,,,
22/02/2022 16:44:02,Alice,Audie,Boots,Daisy,Flo,,,,,
22/02/2022 17:12:49,Julian,Rosie,,,,,,,,
22/02/2022 17:22:23,Erik,Roscoe,Sylvia,,,,,,,
22/02/2022 18:01:23,Gigi,Reneigh,Roscoe,Sherb,Sprinkle,,,,,
22/02/2022 18:30:10,Chevre,Cube,Freckles,Octavian,Zucker,,,,,
22/02/2022 18:30:29,Ankha,Lolly,Raymond,Rosie,Tangy,,,,,
22/02/2022 18:34:50,Audie,Chai,Dom,Judy,Raymond,,,,,
22/02/2022 18:43:41,Sherb,,,,,,,,,
22/02/2022 18:46:58,Cashmere,Drift,Gladys,Plucky,Tipper,,,,,
22/02/2022 18:48:23,Audie,Fauna,Judy,Marina,Raymond,,,,,
22/02/2022 19:39:18,Boomer,Huck,Lolly,Midge,Pecan,,,,,
22/02/2022 20:06:57,Ione,Judy,Julian,Katt,Stitches,,,,,
22/02/2022 20:08:46,Bob,Pietro,Ruby,Shino,Stitches,,,,,
22/02/2022 20:27:27,Deli,Dizzy,Ione,Jeremiah,Sherb,,,,,
22/02/2022 20:27:28,Agnes,Marina,Raymond,Sasha,Skye,,,,,
22/02/2022 20:34:39,Becky,Bella,Bunnie,Dom,Ed,,,,,
22/02/2022 21:37:05,Dobie,Kiki,Pekoe,Quinn,Shino,,,,,
22/02/2022 21:56:06,Judy,Julian,Merengue,Sasha,Stitches,,,,,
22/02/2022 22:02:55,Bob,Coco,Dom,Dotty,Lily,,,,,
22/02/2022 22:57:59,Charlise,Kabuki,Peewee,Pierce,Wart Jr.,,,,,
22/02/2022 23:11:17,Hornsby,Sasha,Shino,Zell,Zucker,,,,,
22/02/2022 23:41:40,Fuchsia,Judy,Marshal,Stitches,Tangy,,,,,
22/02/2022 23:42:24,Chief,Dizzy,Goldie,Kyle,Pate,,,,,
23/02/2022 01:49:01,Ione,Judy,Sasha,Shino,Zucker,,,,,
23/02/2022 01:53:02,Bea,Ione,Ruby,Stitches,Tiffany,,,,,
23/02/2022 02:19:08,Filbert,Wendy,,,,,,,,
23/02/2022 02:46:47,Apple,Bella,Erik,Teddy,Tia,,,,,
23/02/2022 04:14:48,Filbert,Goose,Merengue,Olive,Puddles,,,,,
23/02/2022 05:00:23,Anchovy,Coco,Maple,Molly,Zell,,,,,
23/02/2022 05:32:21,Ankha,Flora,Kitt,Klaus,Shino,,,,,
23/02/2022 05:34:05,Flora,Klaus,Lucky,Octavian,,,,,,
23/02/2022 05:53:04,Erik,Judy,Marina,Peanut,Sasha,,,,,
23/02/2022 06:43:56,Dom,Judy,Julian,Octavian,Rosie,,,,,
23/02/2022 07:05:54,Maple,Marina,Raymond,Shino,Tangy,,,,,
23/02/2022 08:13:08,Biskit,Rex,Sprinkle,Tia,Whitney,,,,,
23/02/2022 12:13:43,Chai,Frita,Gigi,Merengue,Stitches,,,,,
23/02/2022 13:50:25,Beau,Diana,Lopez,Ribbot,Walt,,,,,
23/02/2022 14:08:47,Bella,Cephalobot,Pietro,Roscoe,Ruby,,,,,
23/02/2022 14:42:01,Bianca,Bob,Dobie,Ione,Sprocket,,,,,
23/02/2022 15:03:41,Ankha,Raymond,Rex,Scoot,Shep,,,,,
23/02/2022 15:16:54,Agnes,Melba,Sasha,Sprinkle,Static,,,,,
23/02/2022 15:19:52,Fang,Julian,Merengue,Pietro,Tiffany,,,,,
23/02/2022 15:32:46,Bianca,Diana,Freya,Lopez,Rosie,,,,,
23/02/2022 16:24:14,Ankha,Chevre,Marcel,Merengue,Tank,,,,,
23/02/2022 16:58:38,Marshal,Raymond,Sasha,Sherb,Shino,,,,,
23/02/2022 17:49:34,Cephalobot,Ketchup,Queenie,Rosie,Whitney,,,,,
23/02/2022 17:56:39,Julian,Muffy,Raymond,Stitches,Wendy,,,,,
23/02/2022 18:04:18,Amelia,Cephalobot,Merengue,Octavian,Shino,,,,,
23/02/2022 19:15:21,Amelia,Annalisa,Coach,Gabi,Marshal,,,,,
23/02/2022 20:08:37,Audie,,,,,,,,,
23/02/2022 21:14:03,Beau,Étoile,Ketchup,Ruby,Sherb,,,,,
23/02/2022 21:52:02,Ankha,Dom,Marshal,Raymond,Zucker,,,,,
23/02/2022 21:58:14,Daisy,Faith,Maple,Pekoe,Puddles,,,,,
23/02/2022 22:42:33,Buzz,Murphy,Phil,Phoebe,Quinn,,,,,
23/02/2022 23:05:11,Bea,Lucky,Punchy,Raymond,Shep,,,,,
23/02/2022 23:29:53,Cube,Filbert,Joey,Ketchup,Lucky,,,,,
23/02/2022 23:33:55,Bree,Eunice,Hamphrey,Mac,Wendy,,,,,
23/02/2022 23:54:18,Biskit,Bob,Broffina,Eunice,Raymond,,,,,
24/02/2022 00:24:14,Maple,Molly,Purrl,Sherb,Stitches,,,,,
24/02/2022 00:36:57,Biskit,Bob,Opal,Phoebe,Tank,,,,,
24/02/2022 00:47:11,Francine,Mac,Pashmina,Peewee,,,,,,
24/02/2022 00:58:23,Katt,,,,,,,,,
24/02/2022 01:07:57,Coco,Filbert,Quinn,Roscoe,Zucker,,,,,
24/02/2022 01:21:27,Kiki,,,,,,,,,
24/02/2022 01:26:56,Lolly,Merry,Purrl,Raymond,Rosie,,,,,
24/02/2022 01:50:56,Apple,Cephalobot,Deirdre,Marina,Pietro,,,,,
24/02/2022 01:57:21,Francine,Ione,Judy,Marina,Sasha,,,,,
24/02/2022 02:17:04,Bob,Coco,Gayle,Mathilda,Shino,,,,,
24/02/2022 02:22:07,Cube,Fang,Knox,Tutu,Wart Jr.,,,,,
24/02/2022 02:27:30,Bangle,Bianca,Dobie,Filbert,Quinn,,,,,
24/02/2022 02:29:11,Dizzy,Fang,Gladys,Melba,Shep,,,,,
24/02/2022 02:30:41,Cephalobot,Dom,Erik,Hazel,Kidd,,,,,
24/02/2022 02:42:20,Merengue,Ruby,Tia,,,,,,,
24/02/2022 02:52:35,Aurora,Marshal,Sherb,Stitches,Zucker,,,,,
24/02/2022 03:04:09,Cookie,Judy,Marshal,Merengue,Reneigh,,,,,
24/02/2022 03:07:01,Julian,Ketchup,Molly,Ruby,,,,,,
24/02/2022 03:17:47,Erik,Fauna,Maple,Molly,Shino,,,,,
24/02/2022 03:45:13,Audie,Rosie,Shino,Skye,Static,,,,,
24/02/2022 03:47:45,Apple,Ione,Nan,Peanut,Sasha,,,,,
24/02/2022 03:49:28,Anabelle,Apple,Bam,Flo,Flurry,,,,,
24/02/2022 04:50:09,Coco,Flurry,,,,,,,,
24/02/2022 05:18:23,Annalise,Bruce,Julian,Molly,Sprinkle,,,,,
24/02/2022 05:55:54,Cube,Eugene,Fauna,Kabuki,Zucker,,,,,
24/02/2022 10:21:19,Apple,Aurora,Bill,Hazel,Maple,,,,,
24/02/2022 12:41:57,Marshal,Raymond,Rosie,Sasha,Sherb,,,,,
24/02/2022 12:44:56,Bill,Bob,Broccolo,Ketchup,Lucky,,,,,
24/02/2022 13:16:29,Axel,Leonardo,Lolly,Whitney,Wolfgang,,,,,
24/02/2022 13:54:21,Chrissy,Judy,Marina,Shino,Zucker,,,,,
24/02/2022 14:48:40,Audie,Dom,Judy,Raymond,Sherb,,,,,
24/02/2022 15:02:55,Flurry,Ione,Lucky,Sasha,,,,,,
24/02/2022 15:20:38,Ankha,Apple,Judy,Marina,Merengue,,,,,
24/02/2022 16:33:14,Clay,Erik,Hopkins,Raddle,Sasha,,,,,
24/02/2022 17:24:18,Cherry,Lolly,Raymond,Shino,Stitches,,,,,
24/02/2022 18:11:19,Bob,Cephalobot,Hamlet,Merry,Tia,,,,,
24/02/2022 18:20:12,Annalisa,Chops,Croque,Merengue,Puddles,,,,,
24/02/2022 18:46:07,Henry,Huck,Molly,Opal,Wolfgang,,,,,
24/02/2022 19:46:37,Cherry,Merengue,Pashmina,Tabby,Zucker,,,,,
24/02/2022 20:32:25,Aurora,Cranston,Filbert,Huck,Kabuki,,,,,
24/02/2022 20:34:18,Ankha,Deirdre,Judy,Olive,Tutu,,,,,
24/02/2022 21:12:59,Bluebear,Chrissy,Judy,Lily,Phoebe,,,,,
24/02/2022 21:24:57,Bea,Bones,Cookie,Goldie,Shep,,,,,
24/02/2022 21:25:08,Chai,Maple,Molly,Tia,Zucker,,,,,
24/02/2022 21:36:27,Diana,Lucky,Merengue,Teddy,Zoe,,,,,
24/02/2022 21:37:14,Bianca,Fang,Lolly,Molly,Zucker,,,,,
24/02/2022 23:02:51,Erik,Shino,Tasha,,,,,,,
24/02/2022 23:59:43,Apollo,Audie,Lolly,Marshal,Sherb,,,,,
25/02/2022 00:04:07,Audie,Bob,Marshal,Sherb,Shino,,,,,
25/02/2022 00:10:09,Chrissy,Judy,Julian,Megan,Roscoe,,,,,
25/02/2022 00:26:11,Ankha,Bob,Dotty,Filbert,Mitzi,,,,,
25/02/2022 01:17:34,Ankha,Drago,Maddie,Raymond,Tangy,,,,,
25/02/2022 01:42:43,Bam,Chow,Ellie,Megan,Rodney,,,,,
25/02/2022 02:16:59,Ankha,Dom,Eunice,Pietro,Sasha,,,,,
25/02/2022 02:22:03,Ankha,Fauna,Ione,Marshal,Sasha,,,,,
25/02/2022 03:30:56,Aurora,Cheri,Fauna,Merengue,Tia,,,,,
25/02/2022 03:52:31,Maple,Marina,Merengue,Molly,Tia,,,,,
25/02/2022 04:00:42,Bam,Bubbles,Fauna,Katt,Yuka,,,,,
25/02/2022 04:29:49,Ankha,Daisy,Fauna,Ione,Marshal,,,,,
25/02/2022 04:55:43,Cookie,Fauna,Francine,Marina,Sly,,,,,
25/02/2022 05:06:57,Beau,Dora,Fauna,Goldie,Sherb,,,,,
25/02/2022 05:15:14,Audie,Cherry,Julian,Kabuki,Samson,,,,,
25/02/2022 05:25:11,Gayle,Pango,Sasha,Sherb,Sprinkle,,,,,
25/02/2022 05:40:30,Bob,Deirdre,Freckles,Olive,Poppy,,,,,
25/02/2022 07:23:29,Annalisa,Azalea,Celia,Sherb,Tia,,,,,
25/02/2022 07:49:09,Audie,Bruce,Marina,Moe,Quillson,,,,,
25/02/2022 09:07:08,Stitches,Teddy,Tex,Tia,Toby,,,,,
25/02/2022 10:01:33,Ankha,,,,,,,,,
25/02/2022 11:34:03,Apollo,Coco,Ed,Roald,Stitches,,,,,
25/02/2022 12:04:30,Antonio,Shino,Skye,Zucker,,,,,,
25/02/2022 12:33:45,Audie,Chevre,Étoile,Nan,Sherb,,,,,
25/02/2022 14:38:30,Blaire,Kitt,Papi,Pinky,Spike,,,,,
25/02/2022 15:38:52,Ankha,Benjamin,Cephalobot,Lucky,Static,,,,,
25/02/2022 15:55:21,Bangle,Canberra,Julia,Norma,Quinn,,,,,
25/02/2022 17:58:30,Gladys,Goose,Purrl,Raymond,Skye,,,,,
25/02/2022 18:03:05,Flora,Ketchup,Reneigh,Renée,Rodeo,,,,,
25/02/2022 18:04:42,Audie,Bea,Diana,Skye,Whitney,,,,,
25/02/2022 18:07:11,Chrissy,Goldie,Ketchup,Reneigh,Renée,,,,,
25/02/2022 21:38:52,Freckles,Raymond,Sasha,Sherb,Stitches,,,,,
25/02/2022 21:53:27,Bob,Deirdre,Fauna,Merry,Zucker,,,,,
25/02/2022 21:55:58,Étoile,Judy,Sasha,Sherb,Shino,,,,,
25/02/2022 21:57:10,Cephalobot,Raymond,Tabby,,,,,,,
25/02/2022 23:16:46,Freckles,Leopold,Margie,Phoebe,Sherb,,,,,
25/02/2022 23:29:47,Bob,Cherry,Dom,Judy,Sherb,,,,,
26/02/2022 00:44:43,Celia,Coco,Étoile,Lolly,Stella,,,,,
26/02/2022 01:14:45,Biskit,Ione,Sasha,Stitches,Zucker,,,,,
26/02/2022 01:45:31,Chevre,Deirdre,Sherb,Stitches,Tabby,,,,,
26/02/2022 02:16:32,Erik,Judy,Lucky,Merry,,,,,,
26/02/2022 04:27:36,Audie,Bob,Coco,Kiki,Tangy,,,,,
26/02/2022 04:49:41,Beau,Étoile,Judy,Marina,Stitches,,,,,
26/02/2022 07:44:26,Marshal,Merry,Prince,,,,,,,
26/02/2022 07:59:17,Tom,,,,,,,,,
26/02/2022 08:01:35,Tom,,,,,,,,,
26/02/2022 08:03:02,Tom,,,,,,,,,
26/02/2022 08:04:17,Tom,,,,,,,,,
26/02/2022 08:05:34,Tom,,,,,,,,,
26/02/2022 08:07:07,Tom,,,,,,,,,
26/02/2022 08:08:33,Tom,,,,,,,,,
26/02/2022 08:09:41,Tom,,,,,,,,,
26/02/2022 08:10:44,Tom,,,,,,,,,
26/02/2022 08:11:32,Ketchup,Maple,Plucky,,,,,,,
26/02/2022 08:11:52,Tom,,,,,,,,,
26/02/2022 08:13:37,Tom,,,,,,,,,
26/02/2022 08:15:30,Tom,,,,,,,,,
26/02/2022 08:18:17,Tom,,,,,,,,,
26/02/2022 08:19:32,Tom,,,,,,,,,
26/02/2022 10:30:57,Ione,Raymond,Rosie,,,,,,,
26/02/2022 12:36:53,Audie,Diana,Fang,Marina,Megan,,,,,
26/02/2022 12:53:26,Judy,Marshal,Raymond,Sherb,Shino,,,,,
26/02/2022 13:03:40,Audie,Fauna,Pietro,Reneigh,Shino,,,,,
26/02/2022 13:48:21,Camofrog,Goose,Knox,Mint,,,,,,
26/02/2022 14:32:40,Daisy,Pango,,,,,,,,
26/02/2022 15:05:27,Ankha,Marshal,Savannah,Sherb,Zucker,,,,,
26/02/2022 15:13:51,Judy,Ketchup,Megan,Raymond,Sasha,,,,,
26/02/2022 16:42:04,Curlos,Daisy,Egbert,Raymond,Sydney,,,,,
26/02/2022 16:47:25,Beau,Bob,Dom,Raymond,Sasha,,,,,
26/02/2022 17:17:25,Bam,Cherry,Drift,Spike,Zucker,,,,,
26/02/2022 17:21:21,Audie,Ketchup,Raymond,Rosie,Shino,,,,,
26/02/2022 17:39:59,Ankha,Gayle,Jitters,Molly,Petri,,,,,
26/02/2022 17:47:05,Marshal,,,,,,,,,
26/02/2022 17:57:42,Erik,Fauna,Merengue,Molly,Spork,,,,,
26/02/2022 19:05:36,Iggly,Merengue,Ozzie,Tad,Tutu,,,,,
26/02/2022 19:20:44,Flurry,Lily,Marina,Merengue,Rosie,,,,,
26/02/2022 20:55:16,Gladys,Leonardo,Shep,T-Bone,Tutu,,,,,
26/02/2022 21:38:38,Blaire,Dobie,Lucky,Marshal,Punchy,,,,,
26/02/2022 21:48:09,Ankha,Marina,Marshal,Merengue,Zucker,,,,,
26/02/2022 21:56:33,Ione,Lily,Melba,Norma,Tangy,,,,,
26/02/2022 22:13:16,Flora,Ketchup,Lucky,Stitches,Tangy,,,,,
26/02/2022 22:35:48,Bluebear,Dizzy,Dobie,Hopkins,Tangy,,,,,
26/02/2022 22:38:09,Fang,Kyle,Mira,Raymond,Wolfgang,,,,,
26/02/2022 22:47:48,Ione,Judy,Marina,Marshal,Merengue,,,,,
26/02/2022 22:50:23,Avery,Becky,Doc,Patty,Tucker,,,,,
26/02/2022 23:19:44,Apollo,Filbert,Jacques,Merry,Tex,,,,,
26/02/2022 23:30:07,Beau,Diana,Hamphrey,Lopez,Raymond,,,,,
26/02/2022 23:47:05,Maple,Mira,Raymond,Wendy,,,,,,
27/02/2022 01:31:18,Bam,Erik,Merengue,Raymond,Stitches,,,,,
27/02/2022 01:54:09,Dom,Henry,Lolly,Peewee,Timbra,,,,,
27/02/2022 02:30:35,Raymond,,,,,,,,,
27/02/2022 03:05:31,Diana,Ione,Merengue,Raymond,Tia,,,,,
27/02/2022 03:16:31,Bonbon,Fuchsia,Leopold,Lily,Poppy,,,,,
27/02/2022 03:18:09,Alfonso,Barold,Ketchup,Kid Cat,Stitches,,,,,
27/02/2022 03:28:56,Coco,June,Merengue,Pippy,Zucker,,,,,
27/02/2022 03:44:40,Ione,Merengue,Punchy,Purrl,Tia,,,,,
27/02/2022 04:16:20,Cookie,Phil,Roscoe,Tangy,Vivian,,,,,
27/02/2022 05:10:58,Ankha,Fang,Marshal,Murphy,Papi,,,,,
27/02/2022 05:28:20,Beau,Julian,Roald,Wade,Wolfgang,,,,,
27/02/2022 05:31:17,Chelsea,Diana,Étoile,Gayle,Lolly,,,,,
27/02/2022 05:55:55,Coco,Julian,Roald,Wade,Wolfgang,,,,,
27/02/2022 05:58:17,Beau,Julian,Roald,Wade,Wolfgang,,,,,
27/02/2022 06:02:47,Clay,Kiki,Lolly,Marshal,Zucker,,,,,
27/02/2022 06:48:36,Coco,Ketchup,Raymond,Shino,,,,,,
27/02/2022 07:02:34,Dotty,Étoile,Muffy,Stella,Vesta,,,,,
27/02/2022 07:51:15,Fang,Lily,Prince,Sasha,Shino,,,,,
27/02/2022 08:25:23,Olivia,Peewee,Pompom,Sparro,Sprocket,,,,,
27/02/2022 10:06:34,Beau,Coco,Dotty,Ione,Merengue,,,,,
27/02/2022 11:22:37,Genji,Ruby,,,,,,,,
27/02/2022 11:50:08,Cheri,Judy,Maple,Marty,Pekoe,,,,,
27/02/2022 12:01:19,Lily,Lolly,Marshal,Stitches,Tangy,,,,,
27/02/2022 13:03:23,Apollo,Eugene,Raymond,,,,,,,
27/02/2022 13:12:42,Audie,Beau,Merengue,Pashmina,Shino,,,,,
27/02/2022 13:30:47,Flora,Ketchup,Puddles,Scoot,Zucker,,,,,
27/02/2022 13:49:00,Alli,Ankha,Bluebear,Coco,Gayle,,,,,
27/02/2022 14:21:17,Deirdre,Freckles,Ione,Sherb,Shino,,,,,
27/02/2022 15:05:58,Apollo,Jay,Jeremiah,Piper,Robin,,,,,
27/02/2022 15:39:19,Bones,Goldie,Hamlet,Nan,Rosie,,,,,
27/02/2022 15:39:53,Cleo,Coach,Diva,Rilla,Vic,,,,,
27/02/2022 16:08:00,Cube,Felicity,Punchy,Rosie,Skye,,,,,
27/02/2022 16:21:13,Dora,Egbert,Ellie,Hamlet,Maple,,,,,
27/02/2022 17:03:48,Beau,Boots,Erik,Kiki,Prince,,,,,
27/02/2022 17:09:42,Ankha,Gabi,Genji,Kiki,Raymond,,,,,
27/02/2022 18:25:12,Curt,Elvis,Fang,Tybalt,,,,,,
27/02/2022 18:27:59,Ankha,Audie,Filbert,Knox,Marshal,,,,,
27/02/2022 18:36:41,Carmen,Goldie,Marshal,Octavian,Willow,,,,,
27/02/2022 18:39:15,Cherry,Cube,Merengue,Pekoe,Vesta,,,,,
27/02/2022 18:55:04,Ankha,Diana,Octavian,Ribbot,Tammy,,,,,
27/02/2022 19:39:48,Ankha,Elmer,Sasha,Shino,Stitches,,,,,
27/02/2022 19:57:19,Cherry,Erik,Flip,Marina,Zucker,,,,,
27/02/2022 20:35:32,Cherry,Flora,Roswell,Shino,Tasha,,,,,
27/02/2022 20:35:46,Cherry,Ione,Judy,Raymond,Sasha,,,,,
27/02/2022 20:58:20,Ankha,Judy,Punchy,Raymond,Wendy,,,,,
27/02/2022 21:05:08,Bluebear,Coco,Fauna,Julian,Sherb,,,,,
27/02/2022 21:23:56,Beau,Chrissy,Dobie,Raymond,Roald,,,,,
27/02/2022 22:46:02,Beau,Bill,Bubbles,Marina,,,,,,
27/02/2022 22:56:53,Anicotti,Axel,Deirdre,Nan,Raymond,,,,,
27/02/2022 23:00:45,Drago,Marina,Merengue,Shino,Stitches,,,,,
27/02/2022 23:13:44,Chelsea,Chrissy,Flora,Francine,Marina,,,,,
27/02/2022 23:24:40,Bree,Olive,Pudge,Tammy,,,,,,
27/02/2022 23:58:39,Cephalobot,Marina,Sherb,Shino,Wart Jr.,,,,,